timestamp,machine_id,temperature,vibration,humidity,pressure,energy_consumption,machine_status,anomaly_flag,predicted_remaining_life,failure_type,downtime_risk,maintenance_required
2025-01-09 14:06:00,45,76.36,46.28,70.25,3.13,1.75,1,0,365,Normal,0.0,0
2025-02-09 08:55:00,29,94.44,43.91,32.95,4.23,4.5,1,1,28,Normal,1.0,1
2025-01-13 09:56:00,10,66.98,64.04,63.52,2.78,2.75,0,0,499,Normal,0.0,0
2025-03-03 19:08:00,7,76.19,66.79,45.49,4.25,3.93,2,0,260,Normal,0.0,1
2025-02-24 21:54:00,46,78.14,66.23,59.7,1.69,1.62,1,0,32,Normal,0.0,0
2025-01-27 10:51:00,38,81.81,25.27,70.78,3.26,2.53,2,0,51,Pressure Drop,0.0,1
2025-02-12 18:48:00,2,76.61,50.42,50.19,3.64,1.31,1,0,240,Normal,0.0,0
2025-01-23 00:49:00,32,81.45,52.69,76.25,1.23,4.82,1,0,443,Normal,0.0,0
2025-03-08 06:31:00,39,72.48,49.43,74.12,3.62,1.2,1,0,27,Normal,0.0,0
2025-01-06 20:19:00,6,73.14,61.59,56.85,2.82,3.21,1,0,135,Normal,0.0,0
2025-02-04 18:31:00,29,63.04,75.66,61.38,2.77,2.05,1,0,163,Normal,0.0,0
2025-02-01 19:29:00,26,80.98,54.2,44.92,1.7,3.84,1,0,23,Normal,0.0,0
2025-03-07 23:12:00,7,84.28,67.37,60.84,4.68,3.84,1,0,184,Normal,0.0,0
2025-01-27 12:29:00,16,78.46,84.98,33.7,4.13,1.9,1,1,35,Normal,1.0,1
2025-03-02 11:43:00,13,67.47,45.8,47.29,1.73,2.64,1,0,426,Normal,0.0,0
2025-03-07 12:39:00,29,75.19,59.17,59.04,2.27,3.97,1,0,345,Normal,0.0,0
2025-01-31 09:09:00,23,96.83,44.66,52.74,1.06,3.27,1,1,48,Normal,1.0,1
2025-02-10 07:47:00,16,76.23,57.27,57.62,2.49,3.03,0,0,168,Normal,0.0,0
2025-02-07 05:43:00,2,66.53,53.75,57.8,4.55,2.82,1,0,237,Normal,0.0,0
2025-01-21 00:23:00,19,78.45,40.1,52.86,1.8,2.41,0,0,59,Normal,0.0,0
2025-03-01 09:01:00,17,73.78,33.7,35.25,2.43,4.31,1,0,174,Normal,0.0,0
2025-01-09 21:07:00,21,82.71,41.68,70.99,4.41,1.15,1,0,227,Normal,0.0,0
2025-01-29 04:49:00,12,67.24,46.65,42.73,4.36,4.37,1,0,244,Normal,0.0,0
2025-02-05 02:46:00,6,84.1,51.34,34.93,4.64,0.57,1,0,404,Normal,0.0,0
2025-03-07 16:59:00,43,58.28,49.42,72.74,3.29,1.34,1,0,268,Normal,0.0,0
2025-02-25 08:37:00,3,61.98,47.76,49.08,1.98,2.15,1,0,184,Normal,0.0,0
2025-02-19 04:11:00,17,91.33,56.13,61.31,2.66,2.01,1,1,14,Normal,1.0,1
2025-02-26 23:13:00,21,59.75,46.34,62.2,1.66,4.25,1,0,128,Normal,0.0,0
2025-02-12 10:46:00,38,71.12,53.73,75.59,3.48,3.73,0,0,320,Normal,0.0,0
2025-02-21 05:40:00,28,81.13,61.4,47.37,4.53,3.83,1,0,225,Normal,0.0,0
2025-01-04 08:09:00,1,63.31,35.22,59.47,4.78,3.25,1,0,278,Normal,0.0,0
2025-03-11 04:56:00,21,81.29,70.01,41.85,3.11,3.73,1,0,314,Normal,0.0,0
2025-03-06 23:48:00,16,93.57,23.29,36.43,3.74,1.01,1,1,24,Normal,1.0,1
2025-02-13 03:20:00,46,87.23,42.2,50.64,4.8,3.23,1,0,161,Normal,0.0,0
2025-01-09 00:50:00,42,59.32,70.44,48.56,4.79,0.78,1,0,192,Normal,0.0,0
2025-02-17 13:41:00,9,58.21,80.63,75.48,2.18,1.47,1,1,20,Normal,1.0,1
2025-01-08 03:01:00,43,63.42,64.28,34.81,3.16,4.83,1,0,112,Normal,0.0,0
2025-01-04 23:42:00,49,77.91,59.74,40.81,4.13,1.76,1,0,404,Normal,0.0,0
2025-02-14 12:24:00,18,75.62,47.56,51.57,2.41,4.35,2,0,148,Vibration Issue,0.0,1
2025-02-07 23:56:00,14,83.47,68.51,39.36,1.9,3.78,1,0,451,Normal,0.0,0
2025-01-23 02:49:00,42,49.92,33.64,69.46,1.38,1.23,1,0,11,Normal,0.0,1
2025-02-28 14:14:00,22,73.49,55.47,46.09,1.83,3.8,1,0,48,Normal,0.0,0
2025-02-11 13:24:00,39,76.1,57.13,68.96,2.37,0.57,1,0,407,Normal,0.0,0
2025-03-09 19:34:00,48,79.69,30.07,67.38,4.48,3.73,1,0,288,Normal,0.0,0
2025-02-25 22:26:00,36,82.79,43.14,78.59,3.84,2.47,1,0,58,Normal,0.0,0
2025-02-07 19:08:00,24,61.51,58.69,65.83,3.57,1.62,1,0,432,Normal,0.0,0
2025-02-06 22:31:00,26,80.47,48.55,77.47,4.96,4.48,0,0,428,Normal,0.0,0
2025-01-28 21:45:00,38,83.41,31.84,43.88,4.85,0.77,2,0,488,Vibration Issue,0.0,1
2025-01-03 08:35:00,12,61.06,56.0,49.79,4.81,0.77,1,0,105,Normal,0.0,0
2025-01-05 08:30:00,21,77.37,35.92,57.15,4.28,2.23,1,0,430,Normal,0.0,0
2025-03-05 20:54:00,31,70.19,49.9,53.51,2.29,1.58,2,0,21,Normal,0.0,1
2025-02-10 12:06:00,11,71.19,48.33,37.06,1.37,4.05,1,0,199,Normal,0.0,0
2025-01-20 17:12:00,28,67.8,40.79,76.01,4.33,3.34,1,0,43,Normal,0.0,0
2025-02-24 04:24:00,44,81.11,48.88,48.93,2.24,4.2,1,0,27,Normal,0.0,0
2025-01-27 09:59:00,3,67.09,48.06,74.25,4.52,3.24,1,0,251,Normal,0.0,0
2025-03-01 15:25:00,26,76.7,59.73,41.84,1.53,4.31,2,0,294,Overheating,0.0,1
2025-03-08 20:37:00,3,70.18,49.53,76.36,1.34,4.9,1,0,70,Normal,0.0,0
2025-01-16 03:43:00,26,68.78,47.63,56.59,2.75,1.65,1,0,99,Normal,0.0,0
2025-01-29 10:13:00,6,53.55,33.88,72.85,1.52,3.91,1,0,76,Normal,0.0,0
2025-01-15 06:10:00,3,84.8,37.24,61.26,3.74,3.68,1,0,73,Normal,0.0,0
2025-01-08 11:42:00,48,79.01,48.67,58.34,2.9,4.48,0,0,61,Normal,0.0,0
2025-02-19 11:33:00,18,81.53,50.69,78.49,4.09,1.89,1,0,14,Normal,0.0,1
2025-01-23 22:05:00,4,95.65,66.64,49.92,2.03,4.74,1,1,24,Normal,1.0,1
2025-01-06 10:49:00,26,72.77,66.45,78.69,2.96,1.95,1,0,28,Normal,0.0,0
2025-03-06 13:51:00,48,62.29,13.94,44.2,3.18,5.0,1,0,157,Normal,0.0,0
2025-01-24 10:52:00,10,76.25,3.78,63.57,4.03,3.12,0,0,281,Normal,0.0,0
2025-01-16 06:05:00,5,54.63,50.64,62.95,2.53,4.4,1,0,110,Normal,0.0,0
2025-01-18 20:34:00,10,73.13,41.42,41.63,2.25,3.97,1,0,100,Normal,0.0,0
2025-01-25 23:28:00,41,72.55,47.72,36.18,1.49,0.62,1,0,67,Normal,0.0,0
2025-01-17 14:33:00,34,84.37,46.27,59.66,2.68,4.03,1,0,396,Normal,0.0,0
2025-01-13 17:27:00,45,75.52,37.56,69.68,3.65,0.55,1,0,366,Normal,0.0,0
2025-01-09 00:47:00,3,58.7,48.73,63.51,3.68,2.02,1,0,407,Normal,0.0,0
2025-02-10 10:39:00,1,64.45,60.24,46.0,4.83,2.39,1,0,252,Normal,0.0,0
2025-01-09 16:03:00,24,79.87,53.91,77.77,2.98,4.73,1,0,480,Normal,0.0,0
2025-02-12 01:31:00,49,74.58,50.86,38.49,2.01,3.98,1,0,96,Normal,0.0,0
2025-01-28 23:17:00,33,73.86,17.96,70.51,1.55,2.63,1,0,43,Normal,0.0,0
2025-01-01 12:58:00,21,86.44,63.48,55.04,2.51,0.51,1,0,223,Normal,0.0,0
2025-01-12 06:08:00,18,83.53,52.23,56.87,3.97,4.87,1,0,49,Normal,0.0,0
2025-01-01 10:49:00,46,83.88,40.05,70.78,2.28,3.83,1,0,453,Normal,0.0,0
2025-01-02 19:00:00,11,72.1,35.11,65.78,1.76,4.88,1,0,87,Normal,0.0,0
2025-02-04 02:58:00,36,75.36,65.26,77.5,2.58,2.32,1,0,12,Normal,0.0,1
2025-01-03 20:41:00,41,72.45,55.21,43.9,4.81,0.78,1,0,73,Normal,0.0,0
2025-01-02 22:42:00,20,82.45,62.83,70.5,3.19,2.23,1,0,339,Normal,0.0,0
2025-02-08 07:34:00,44,49.93,65.29,63.56,3.49,2.59,1,0,492,Normal,0.0,0
2025-02-13 19:45:00,26,93.12,50.53,59.53,2.77,4.24,1,1,31,Normal,1.0,1
2025-02-08 00:15:00,49,67.36,44.36,65.71,3.9,3.68,1,0,383,Normal,0.0,0
2025-02-08 16:36:00,30,79.79,36.88,46.77,2.44,0.78,2,0,300,Vibration Issue,0.0,1
2025-01-16 17:19:00,21,66.37,59.19,72.98,3.42,4.16,1,0,186,Normal,0.0,0
2025-01-31 10:15:00,34,82.73,61.31,56.09,2.67,2.66,1,0,58,Normal,0.0,0
2025-02-14 04:52:00,41,70.27,54.39,64.42,2.61,4.99,1,0,80,Normal,0.0,0
2025-01-29 14:11:00,49,74.28,62.74,37.0,2.41,4.69,1,0,195,Normal,0.0,0
2025-01-19 18:39:00,31,85.38,40.13,75.94,1.34,4.79,1,0,237,Normal,0.0,0
2025-03-08 23:43:00,8,82.97,46.41,58.26,4.67,2.66,1,0,392,Normal,0.0,0
2025-02-21 07:47:00,11,66.34,56.06,34.13,4.11,2.13,1,0,373,Normal,0.0,0
2025-02-01 10:55:00,25,75.21,41.22,77.04,4.65,3.91,1,0,256,Normal,0.0,0
2025-02-08 10:07:00,18,98.37,65.33,54.25,1.76,3.05,1,1,40,Normal,1.0,1
2025-01-23 13:51:00,29,72.15,69.84,47.76,3.77,3.92,1,0,377,Normal,0.0,0
2025-02-16 13:31:00,1,61.0,52.3,67.69,4.04,3.06,1,0,241,Normal,0.0,0
2025-02-22 04:21:00,3,79.72,58.66,55.5,3.53,2.13,1,0,12,Normal,0.0,1
2025-02-02 03:53:00,15,67.25,33.84,32.54,1.78,1.57,1,0,279,Normal,0.0,0
2025-01-31 15:41:00,28,86.16,49.58,49.43,4.58,2.19,1,0,388,Normal,0.0,0
2025-01-09 21:41:00,5,63.97,35.39,35.37,2.88,1.92,2,0,345,Overheating,0.0,1
2025-02-25 21:43:00,27,93.16,61.52,63.58,1.22,0.68,2,1,5,Vibration Issue,1.0,1
2025-01-29 01:44:00,5,86.48,51.08,51.75,1.29,2.12,1,0,72,Normal,0.0,0
2025-01-02 18:57:00,27,68.7,50.74,65.28,4.37,1.42,1,0,387,Normal,0.0,0
2025-03-06 03:28:00,30,62.25,71.27,30.13,4.27,1.1,2,0,397,Vibration Issue,0.0,1
2025-02-15 04:03:00,1,72.78,65.87,72.58,4.92,3.07,2,0,386,Normal,0.0,1
2025-02-26 20:32:00,43,74.65,58.32,38.53,1.09,4.39,0,0,445,Normal,0.0,0
2025-01-15 02:43:00,26,87.39,47.48,31.36,3.82,3.97,0,0,401,Normal,0.0,0
2025-02-07 05:12:00,7,72.17,56.69,67.14,2.54,2.89,1,0,305,Normal,0.0,0
2025-01-11 12:07:00,46,89.75,46.74,47.7,1.41,2.17,1,0,451,Normal,0.0,0
2025-03-06 19:34:00,25,81.09,42.27,30.46,4.59,2.97,1,0,32,Normal,0.0,0
2025-02-26 07:02:00,29,58.61,33.8,67.66,2.06,2.9,1,0,60,Normal,0.0,0
2025-01-30 23:11:00,39,92.44,41.23,43.96,2.03,4.06,1,1,30,Normal,1.0,1
2025-01-20 02:46:00,19,77.59,41.78,72.44,1.11,4.88,0,0,349,Normal,0.0,0
2025-01-30 02:54:00,18,84.89,22.42,68.66,1.09,2.69,2,0,61,Pressure Drop,0.0,1
2025-01-09 11:52:00,30,78.44,28.9,51.43,1.86,1.06,1,0,357,Normal,0.0,0
2025-03-06 15:03:00,32,78.04,76.49,77.75,3.95,1.79,1,0,82,Normal,0.0,0
2025-02-24 16:30:00,49,65.96,35.91,32.36,2.98,3.29,0,0,233,Normal,0.0,0
2025-03-01 14:39:00,7,69.94,84.31,51.35,2.06,1.05,1,1,9,Normal,1.0,1
2025-03-11 06:14:00,37,89.62,55.26,33.36,1.86,4.39,1,0,28,Normal,0.0,0
2025-03-03 19:16:00,37,89.2,32.82,78.49,3.39,2.45,1,0,420,Normal,0.0,0
2025-02-15 04:02:00,28,79.17,65.78,31.12,3.03,2.4,1,0,493,Normal,0.0,0
2025-01-27 15:58:00,8,65.26,28.8,70.34,1.73,1.42,1,0,156,Normal,0.0,0
2025-03-07 14:36:00,46,76.82,68.66,77.1,1.69,1.42,0,0,35,Normal,0.0,0
2025-01-21 03:47:00,35,61.52,43.79,43.19,1.09,4.46,1,0,129,Normal,0.0,0
2025-02-16 00:15:00,20,73.23,78.7,73.11,2.9,0.79,2,0,16,Electrical Fault,0.0,1
2025-01-13 01:40:00,44,99.36,59.48,75.83,3.77,4.45,0,1,34,Normal,1.0,1
2025-01-02 10:49:00,3,86.05,43.45,61.08,2.25,0.73,1,0,282,Normal,0.0,0
2025-02-22 16:40:00,25,73.84,48.68,42.14,1.09,3.93,1,0,346,Normal,0.0,0
2025-03-08 07:40:00,18,78.38,44.5,78.2,2.9,0.75,1,0,334,Normal,0.0,0
2025-02-04 03:55:00,36,83.71,42.56,69.27,1.55,0.65,1,0,81,Normal,0.0,0
2025-02-28 16:57:00,27,62.28,73.0,74.58,4.37,4.31,1,0,23,Normal,0.0,0
2025-03-06 07:21:00,23,69.75,59.46,62.89,2.55,3.52,1,0,482,Normal,0.0,0
2025-03-10 19:52:00,16,68.1,33.85,67.32,4.66,4.44,2,0,203,Electrical Fault,0.0,1
2025-02-08 21:06:00,37,72.09,36.27,44.7,1.26,4.23,1,0,34,Normal,0.0,0
2025-02-05 15:46:00,41,61.84,35.28,49.9,1.64,4.16,1,0,222,Normal,0.0,0
2025-03-05 23:16:00,13,81.55,73.49,56.75,1.32,1.07,1,0,269,Normal,0.0,0
2025-01-17 19:38:00,36,73.74,55.34,37.58,4.22,2.65,2,0,241,Pressure Drop,0.0,1
2025-01-11 06:03:00,46,79.05,51.67,38.34,3.95,4.85,2,0,142,Vibration Issue,0.0,1
2025-01-02 22:23:00,19,85.65,49.02,55.57,4.56,3.03,0,0,74,Normal,0.0,0
2025-02-15 09:11:00,39,74.0,62.49,33.4,2.85,4.76,1,0,80,Normal,0.0,0
2025-01-16 04:16:00,24,66.09,42.78,78.61,1.84,2.87,1,0,196,Normal,0.0,0
2025-02-20 22:29:00,28,64.75,25.15,75.78,2.94,0.58,1,0,370,Normal,0.0,0
2025-01-11 08:00:00,20,79.47,33.22,51.91,3.69,2.57,1,0,212,Normal,0.0,0
2025-03-03 22:01:00,40,74.42,51.55,48.13,1.16,1.4,1,0,91,Normal,0.0,0
2025-02-04 03:20:00,43,74.86,27.8,31.66,4.7,3.8,1,0,314,Normal,0.0,0
2025-03-08 05:07:00,35,69.95,33.53,77.5,2.34,4.7,1,0,113,Normal,0.0,0
2025-01-16 15:28:00,27,75.22,73.53,71.76,2.28,1.1,0,0,390,Normal,0.0,0
2025-01-17 21:53:00,50,57.55,46.77,40.23,3.9,1.76,1,0,124,Normal,0.0,0
2025-01-05 15:06:00,26,78.58,51.12,76.33,1.6,4.18,1,0,71,Normal,0.0,0
2025-03-05 09:40:00,32,73.19,72.84,42.24,3.41,2.27,1,0,378,Normal,0.0,0
2025-01-06 21:58:00,5,70.85,48.97,64.29,3.93,4.58,1,0,179,Normal,0.0,0
2025-01-28 16:52:00,28,64.71,66.11,78.31,4.89,4.4,1,0,192,Normal,0.0,0
2025-02-23 03:41:00,18,75.46,60.69,60.22,3.91,4.78,0,0,434,Normal,0.0,0
2025-02-02 11:26:00,9,55.56,52.54,61.84,2.85,4.83,1,0,205,Normal,0.0,0
2025-01-18 11:30:00,26,70.85,61.2,48.25,3.71,1.09,0,0,342,Normal,0.0,0
2025-02-13 23:59:00,24,67.66,56.14,58.47,4.2,3.76,1,0,349,Normal,0.0,0
2025-01-10 20:06:00,48,75.8,33.59,76.5,1.78,4.97,1,0,270,Normal,0.0,0
2025-01-26 08:37:00,23,83.87,32.47,43.94,3.21,2.61,1,0,414,Normal,0.0,0
2025-02-11 01:22:00,25,68.66,56.17,45.59,1.51,4.23,1,0,229,Normal,0.0,0
2025-02-07 06:30:00,11,66.99,62.21,49.02,2.55,2.05,1,0,471,Normal,0.0,0
2025-01-06 00:22:00,41,73.07,52.46,46.37,1.85,1.82,1,0,359,Normal,0.0,0
2025-02-12 15:08:00,45,61.2,82.92,64.49,3.46,2.0,1,1,31,Normal,1.0,1
2025-02-28 05:46:00,32,84.67,47.57,33.86,4.03,1.5,1,0,170,Normal,0.0,0
2025-02-05 07:43:00,48,84.58,67.12,31.07,3.55,4.02,1,0,11,Normal,0.0,1
2025-02-15 01:37:00,31,57.92,46.12,67.11,4.82,2.54,1,0,476,Normal,0.0,0
2025-01-10 11:32:00,42,86.42,35.01,61.24,2.45,3.28,1,0,433,Normal,0.0,0
2025-03-04 11:38:00,12,75.2,66.18,46.65,2.89,1.75,1,0,216,Normal,0.0,0
2025-01-24 14:03:00,20,86.06,35.41,50.91,1.06,3.85,1,0,467,Normal,0.0,0
2025-01-13 02:57:00,20,73.05,49.54,75.66,2.18,2.75,1,0,158,Normal,0.0,0
2025-02-15 11:43:00,5,71.86,62.56,41.64,4.72,1.31,1,0,333,Normal,0.0,0
2025-03-09 05:52:00,6,72.48,71.41,37.88,3.87,4.67,2,0,352,Vibration Issue,0.0,1
2025-03-03 16:50:00,21,64.71,20.5,38.91,2.66,0.85,2,0,317,Overheating,0.0,1
2025-03-10 04:18:00,41,82.05,23.19,78.15,2.45,3.24,1,0,311,Normal,0.0,0
2025-01-22 12:48:00,2,89.42,55.98,51.62,3.07,4.29,2,0,134,Overheating,0.0,1
2025-01-08 08:17:00,49,79.13,65.81,39.08,1.33,1.34,1,0,44,Normal,0.0,0
2025-02-21 09:01:00,17,70.68,40.06,52.41,2.86,3.09,1,0,451,Normal,0.0,0
2025-01-04 18:10:00,40,66.55,50.55,42.07,4.41,1.79,1,0,253,Normal,0.0,0
2025-02-07 09:30:00,1,89.35,28.07,44.74,3.99,3.76,1,0,32,Normal,0.0,0
2025-01-02 21:43:00,4,56.77,55.81,47.61,1.8,3.74,1,0,32,Normal,0.0,0
2025-02-23 18:20:00,16,72.92,39.27,56.78,4.87,2.77,0,0,178,Normal,0.0,0
2025-01-08 16:27:00,31,64.3,52.25,32.65,4.55,3.12,1,0,396,Normal,0.0,0
2025-02-02 07:07:00,12,55.49,32.16,43.04,4.79,1.43,1,0,91,Normal,0.0,0
2025-01-13 05:03:00,32,79.47,47.48,55.04,1.29,0.56,1,0,115,Normal,0.0,0
2025-01-31 15:23:00,23,83.34,51.41,43.68,1.78,1.37,1,0,456,Normal,0.0,0
2025-01-02 16:22:00,4,63.54,43.62,52.78,3.37,3.99,1,0,219,Normal,0.0,0
2025-02-08 01:23:00,43,71.52,77.44,54.59,3.48,3.89,1,0,349,Normal,0.0,0
2025-02-11 14:35:00,36,73.01,36.94,78.05,4.58,4.14,1,0,372,Normal,0.0,0
2025-02-15 17:56:00,35,78.34,76.48,66.9,2.18,2.85,1,0,369,Normal,0.0,0
2025-01-09 11:35:00,22,75.51,36.91,57.19,1.32,4.06,1,0,302,Normal,0.0,0
2025-01-03 18:14:00,42,67.92,51.79,55.59,1.8,4.73,1,0,80,Normal,0.0,0
2025-01-01 05:56:00,44,70.0,38.14,39.58,3.87,2.04,1,0,223,Normal,0.0,0
2025-01-24 02:32:00,36,79.82,45.97,64.82,1.94,3.9,1,0,334,Normal,0.0,0
2025-03-09 02:49:00,2,68.46,76.63,68.64,2.55,3.81,1,0,196,Normal,0.0,0
2025-02-06 05:15:00,2,92.08,54.75,55.66,4.57,1.45,1,1,15,Normal,1.0,1
2025-03-09 02:17:00,35,88.66,31.47,72.24,4.83,1.11,2,0,365,Vibration Issue,0.0,1
2025-02-13 21:08:00,19,76.64,78.1,55.94,4.91,4.08,0,0,11,Normal,0.0,1
2025-01-01 00:57:00,47,67.14,45.96,31.58,1.29,3.17,0,0,239,Normal,0.0,0
2025-01-05 17:01:00,3,73.1,29.74,43.71,3.37,3.27,1,0,160,Normal,0.0,0
2025-01-28 02:54:00,32,68.9,31.31,41.29,2.02,1.04,0,0,388,Normal,0.0,0
2025-01-12 20:55:00,22,83.58,55.0,42.24,3.0,0.5,1,0,492,Normal,0.0,0
2025-03-09 08:04:00,37,78.77,42.98,64.24,4.45,3.66,1,0,102,Normal,0.0,0
2025-01-30 04:30:00,2,76.3,34.69,62.16,2.09,3.67,1,0,254,Normal,0.0,0
2025-01-20 22:26:00,18,65.49,56.53,62.82,1.16,2.1,1,0,409,Normal,0.0,0
2025-01-30 12:28:00,39,75.14,65.33,42.97,3.2,4.57,1,0,461,Normal,0.0,0
2025-02-26 10:24:00,32,84.95,63.07,68.54,1.21,3.33,1,0,403,Normal,0.0,0
2025-02-04 12:38:00,28,64.88,26.9,59.67,3.49,2.98,1,0,489,Normal,0.0,0
2025-01-25 13:58:00,10,73.36,48.36,73.42,1.53,2.06,0,0,47,Normal,0.0,0
2025-02-04 12:26:00,23,91.51,49.17,51.55,4.98,2.36,1,1,46,Normal,1.0,1
2025-02-03 03:30:00,3,69.44,42.6,31.16,4.38,0.76,1,0,72,Normal,0.0,0
2025-02-01 16:24:00,42,44.62,71.91,47.2,3.98,3.78,1,0,373,Normal,0.0,0
2025-01-07 09:10:00,4,101.69,61.98,40.37,3.47,4.98,0,1,38,Normal,1.0,1
2025-02-08 01:38:00,35,73.0,57.4,70.27,1.06,1.02,0,0,238,Normal,0.0,0
2025-03-09 01:35:00,30,78.0,55.08,73.99,2.84,2.68,1,0,162,Normal,0.0,0
2025-03-05 10:32:00,6,94.37,56.69,51.31,4.56,2.65,1,1,5,Normal,1.0,1
2025-03-03 04:33:00,17,78.88,49.53,79.56,4.08,1.0,1,0,84,Normal,0.0,0
2025-01-06 00:05:00,40,71.84,41.89,61.18,2.5,2.09,1,0,415,Normal,0.0,0
2025-01-02 22:13:00,34,57.43,38.84,59.54,4.11,3.62,1,0,47,Normal,0.0,0
2025-01-20 07:38:00,23,81.09,53.73,54.79,2.0,3.33,1,0,320,Normal,0.0,0
2025-01-28 20:10:00,29,76.32,42.03,31.26,1.71,1.91,1,0,211,Normal,0.0,0
2025-02-02 02:18:00,37,73.1,43.93,46.11,1.65,4.95,1,0,207,Normal,0.0,0
2025-02-13 05:06:00,24,77.76,27.19,40.77,3.49,1.17,1,0,218,Normal,0.0,0
2025-02-23 12:39:00,11,66.29,55.56,60.48,3.89,2.5,1,0,13,Normal,0.0,1
2025-02-21 04:48:00,37,69.64,52.52,59.97,3.0,2.15,0,0,219,Normal,0.0,0
2025-03-06 08:38:00,38,88.76,56.01,30.53,4.68,1.05,1,0,477,Normal,0.0,0
2025-01-08 16:18:00,49,69.34,33.88,47.02,3.3,2.7,1,0,257,Normal,0.0,0
2025-01-02 01:44:00,45,61.32,102.89,35.97,2.28,2.49,1,1,45,Normal,1.0,1
2025-01-22 23:43:00,14,81.91,78.74,58.5,4.44,4.26,1,0,241,Normal,0.0,0
2025-01-04 16:19:00,35,59.0,69.44,38.85,2.42,4.25,1,0,340,Normal,0.0,0
2025-01-16 07:09:00,39,75.94,59.77,56.38,4.6,2.39,1,0,368,Normal,0.0,0
2025-02-23 13:43:00,48,74.25,53.82,47.78,3.04,0.63,1,0,378,Normal,0.0,0
2025-01-03 15:24:00,44,85.4,43.14,42.29,2.72,2.65,1,0,217,Normal,0.0,0
2025-01-06 18:48:00,24,78.94,48.85,40.74,1.02,3.84,2,0,150,Vibration Issue,0.0,1
2025-03-05 06:12:00,35,78.87,48.98,60.11,4.86,4.94,1,0,231,Normal,0.0,0
2025-01-14 03:48:00,17,78.49,48.87,42.68,3.9,1.5,1,0,111,Normal,0.0,0
2025-01-21 17:22:00,39,78.57,35.44,38.68,3.25,3.35,1,0,44,Normal,0.0,0
2025-02-10 16:48:00,1,79.11,50.12,78.5,1.01,2.31,1,0,242,Normal,0.0,0
2025-01-05 18:56:00,23,68.77,67.02,61.07,3.84,2.67,1,0,209,Normal,0.0,0
2025-01-12 16:14:00,1,64.51,52.57,47.8,2.82,4.15,1,0,271,Normal,0.0,0
2025-01-17 07:15:00,35,70.49,38.87,43.43,2.18,2.78,1,0,419,Normal,0.0,0
2025-03-02 17:53:00,48,87.42,57.58,58.73,4.66,1.82,0,0,106,Normal,0.0,0
2025-01-31 14:54:00,6,72.35,28.5,31.64,1.25,4.93,2,0,454,Electrical Fault,0.0,1
2025-01-04 12:01:00,10,60.52,38.03,41.72,2.4,4.61,1,0,324,Normal,0.0,0
2025-01-10 05:08:00,24,66.51,53.01,42.38,3.45,2.6,0,0,309,Normal,0.0,0
2025-01-18 04:36:00,44,80.26,63.99,34.77,4.46,1.39,1,0,161,Normal,0.0,0
2025-01-27 21:15:00,30,71.53,25.15,47.68,1.63,3.59,1,0,385,Normal,0.0,0
2025-02-22 17:12:00,36,72.32,75.95,75.47,3.71,1.69,2,0,311,Pressure Drop,0.0,1
2025-02-27 20:06:00,29,64.87,57.02,33.56,2.4,3.91,1,0,11,Normal,0.0,1
2025-01-27 14:03:00,28,69.93,41.36,54.57,4.39,4.38,1,0,492,Normal,0.0,0
2025-03-06 07:41:00,20,82.96,30.68,76.51,1.98,0.58,1,0,412,Normal,0.0,0
2025-01-12 04:25:00,38,75.85,66.1,39.73,1.47,2.67,1,0,143,Normal,0.0,0
2025-02-28 20:17:00,26,77.82,39.25,34.38,2.39,2.3,0,0,376,Normal,0.0,0
2025-02-25 13:26:00,39,69.28,58.74,64.95,4.5,4.81,1,0,17,Normal,0.0,1
2025-03-09 15:02:00,1,76.41,69.43,43.08,4.22,3.95,0,0,448,Normal,0.0,0
2025-02-08 20:18:00,35,80.92,38.25,49.93,2.85,4.91,1,0,180,Normal,0.0,0
2025-01-06 16:18:00,4,73.58,46.44,79.08,4.03,2.96,1,0,404,Normal,0.0,0
2025-03-01 14:51:00,28,52.58,27.92,32.32,2.73,2.39,1,0,140,Normal,0.0,0
2025-01-31 03:49:00,5,85.82,49.94,79.28,4.7,1.85,1,0,100,Normal,0.0,0
2025-02-12 14:37:00,23,57.06,40.11,49.09,1.34,0.62,1,0,347,Normal,0.0,0
2025-01-29 12:40:00,27,76.6,44.13,43.32,4.21,2.77,0,0,341,Normal,0.0,0
2025-03-09 08:05:00,22,68.3,55.9,40.41,3.16,3.71,1,0,493,Normal,0.0,0
2025-02-19 13:32:00,25,57.67,47.97,50.88,1.47,3.06,1,0,298,Normal,0.0,0
2025-01-28 20:36:00,12,92.9,55.37,60.94,3.6,4.88,1,1,12,Normal,1.0,1
2025-01-24 05:53:00,16,62.31,29.14,35.52,1.97,3.23,2,0,106,Electrical Fault,0.0,1
2025-01-29 20:38:00,1,48.16,51.75,78.68,2.16,1.71,2,0,97,Overheating,0.0,1
2025-02-11 02:29:00,11,92.58,63.73,45.59,1.32,2.71,1,1,2,Normal,1.0,1
2025-02-21 23:34:00,15,68.14,79.29,40.9,3.75,2.56,2,0,350,Vibration Issue,0.0,1
2025-01-03 00:22:00,25,59.74,62.21,44.97,2.84,1.82,1,0,354,Normal,0.0,0
2025-03-07 01:27:00,12,72.51,47.85,73.81,3.31,3.51,1,0,482,Normal,0.0,0
2025-01-20 08:27:00,36,72.79,39.7,38.08,1.21,0.99,1,0,270,Normal,0.0,0
2025-01-11 03:53:00,22,64.37,49.67,37.01,2.69,3.87,1,0,309,Normal,0.0,0
2025-02-01 18:43:00,14,72.37,29.84,58.06,4.96,4.8,2,0,87,Vibration Issue,0.0,1
2025-03-03 19:45:00,5,82.64,81.84,44.62,2.78,1.73,1,1,32,Normal,1.0,1
2025-01-21 19:39:00,13,80.07,72.97,35.54,3.33,3.62,0,0,361,Normal,0.0,0
2025-02-11 01:31:00,41,50.8,48.82,33.31,2.86,3.68,1,0,388,Normal,0.0,0
2025-01-16 06:56:00,2,63.41,59.15,30.75,1.88,3.51,1,0,16,Normal,0.0,1
2025-02-11 20:47:00,24,67.12,77.39,72.26,1.08,1.5,1,0,453,Normal,0.0,0
2025-01-31 10:17:00,7,89.48,50.97,41.11,2.24,1.35,1,0,376,Normal,0.0,0
2025-03-07 05:55:00,20,78.9,69.11,47.26,2.27,4.09,1,0,108,Normal,0.0,0
2025-01-08 09:12:00,48,72.65,38.91,33.02,2.89,0.81,1,0,114,Normal,0.0,0
2025-02-02 03:51:00,11,86.96,82.98,41.44,1.22,4.26,1,1,28,Normal,1.0,1
2025-01-11 03:48:00,28,70.94,51.4,76.64,1.78,3.26,1,0,445,Normal,0.0,0
2025-02-05 09:45:00,1,83.6,55.95,31.67,1.46,1.21,0,0,56,Normal,0.0,0
2025-02-04 22:45:00,22,85.8,55.64,70.71,3.27,3.67,1,0,179,Normal,0.0,0
2025-02-12 05:09:00,15,78.59,55.73,60.91,1.4,2.16,1,0,14,Normal,0.0,1
2025-03-08 17:49:00,3,70.41,44.58,79.57,2.22,4.58,1,0,25,Normal,0.0,0
2025-01-24 22:51:00,11,76.37,37.09,78.06,4.44,3.85,1,0,152,Normal,0.0,0
2025-02-15 03:07:00,11,93.6,19.59,32.28,1.93,3.57,1,1,21,Normal,1.0,1
2025-01-21 20:18:00,5,80.63,46.68,72.0,4.99,2.38,1,0,493,Normal,0.0,0
2025-02-01 14:20:00,15,68.75,36.29,74.03,1.74,3.17,0,0,322,Normal,0.0,0
2025-01-17 15:11:00,44,48.65,30.68,31.23,1.42,1.05,1,0,285,Normal,0.0,0
2025-02-07 19:59:00,44,92.15,72.47,63.69,2.06,3.35,1,1,26,Normal,1.0,1
2025-02-25 09:39:00,1,82.8,39.91,48.99,4.49,1.35,1,0,41,Normal,0.0,0
2025-02-21 19:43:00,2,75.1,64.52,65.76,1.29,3.77,1,0,100,Normal,0.0,0
2025-03-02 15:04:00,12,60.14,56.1,75.79,3.49,0.67,1,0,245,Normal,0.0,0
2025-01-03 01:34:00,16,82.23,41.8,56.16,3.32,1.76,1,0,200,Normal,0.0,0
2025-02-27 17:17:00,23,74.28,40.08,59.33,2.77,3.28,1,0,74,Normal,0.0,0
2025-03-10 03:40:00,8,82.88,45.21,66.27,4.4,3.1,1,0,353,Normal,0.0,0
2025-02-04 23:57:00,3,65.91,46.48,45.36,1.38,0.95,1,0,371,Normal,0.0,0
2025-03-09 01:30:00,1,74.76,41.38,50.16,2.86,4.1,1,0,170,Normal,0.0,0
2025-01-16 14:39:00,13,85.88,63.4,34.51,2.28,2.11,1,0,126,Normal,0.0,0
2025-01-21 11:31:00,22,77.44,54.81,56.56,3.81,2.82,1,0,273,Normal,0.0,0
2025-03-02 11:31:00,9,73.67,31.01,61.01,1.84,4.41,1,0,33,Normal,0.0,0
2025-03-11 01:08:00,17,72.3,55.51,68.3,1.89,4.23,1,0,277,Normal,0.0,0
2025-01-02 15:40:00,25,65.11,81.29,50.07,3.2,1.02,1,1,2,Normal,1.0,1
2025-01-29 04:07:00,27,85.42,28.78,63.23,1.82,3.56,0,0,122,Normal,0.0,0
2025-01-22 08:47:00,12,77.77,46.4,32.89,3.35,4.55,1,0,260,Normal,0.0,0
2025-01-15 14:47:00,44,59.93,42.79,65.24,1.7,1.02,1,0,194,Normal,0.0,0
2025-01-21 20:04:00,39,71.81,61.46,67.48,4.97,3.06,1,0,41,Normal,0.0,0
2025-02-16 03:16:00,44,85.55,47.9,41.76,1.79,1.31,1,0,118,Normal,0.0,0
2025-03-10 23:34:00,21,67.83,63.71,35.17,3.93,3.27,1,0,200,Normal,0.0,0
2025-02-04 12:49:00,48,67.82,68.2,53.15,3.61,4.09,2,0,171,Vibration Issue,0.0,1
2025-02-13 18:32:00,10,78.05,41.63,35.63,4.05,2.63,1,0,62,Normal,0.0,0
2025-02-17 00:17:00,8,65.86,48.12,71.97,1.95,1.67,1,0,73,Normal,0.0,0
2025-02-05 07:52:00,22,67.02,31.49,50.51,4.97,4.34,2,0,125,Vibration Issue,0.0,1
2025-03-10 22:46:00,30,64.86,52.65,75.14,1.52,4.96,0,0,92,Normal,0.0,0
2025-01-14 12:34:00,2,89.82,57.45,79.78,4.38,1.3,1,0,331,Normal,0.0,0
2025-01-15 03:41:00,23,96.35,56.58,66.65,2.17,1.87,1,1,17,Normal,1.0,1
2025-01-07 14:42:00,44,64.97,60.29,51.3,4.07,2.42,1,0,36,Normal,0.0,0
2025-01-11 21:28:00,22,66.9,36.04,33.55,2.62,4.59,1,0,230,Normal,0.0,0
2025-02-02 21:10:00,42,57.08,51.85,58.93,4.16,1.3,1,0,463,Normal,0.0,0
2025-01-15 15:23:00,25,65.42,86.67,74.75,1.64,1.88,1,1,9,Normal,1.0,1
2025-02-13 08:18:00,30,77.0,66.99,63.05,4.31,0.54,1,0,38,Normal,0.0,0
2025-01-16 00:28:00,45,62.57,71.25,58.37,2.07,1.9,1,0,362,Normal,0.0,0
2025-02-06 05:47:00,4,81.89,45.74,34.97,2.97,3.74,1,0,12,Normal,0.0,1
2025-01-28 16:14:00,19,84.91,56.42,38.62,1.98,1.76,1,0,142,Normal,0.0,0
2025-01-12 03:05:00,23,75.76,25.21,54.26,2.08,3.86,1,0,194,Normal,0.0,0
2025-01-14 23:34:00,19,93.47,36.69,61.59,3.17,1.71,1,1,37,Normal,1.0,1
2025-01-11 10:17:00,6,84.4,37.75,39.71,1.55,2.82,1,0,371,Normal,0.0,0
2025-01-17 17:19:00,3,81.69,39.08,49.78,1.89,3.92,1,0,495,Normal,0.0,0
2025-01-04 12:14:00,47,55.75,57.56,77.2,4.86,0.71,1,0,32,Normal,0.0,0
2025-03-10 02:44:00,22,77.09,57.38,37.13,3.21,2.93,1,0,59,Normal,0.0,0
2025-01-15 07:07:00,10,69.67,62.0,35.6,3.73,4.67,1,0,43,Normal,0.0,0
2025-01-06 08:19:00,30,56.69,61.41,74.93,1.68,0.87,1,0,427,Normal,0.0,0
2025-01-30 21:27:00,22,98.18,37.29,69.46,1.66,0.83,1,1,44,Normal,1.0,1
2025-02-14 16:42:00,32,72.58,62.49,36.54,1.91,4.89,1,0,114,Normal,0.0,0
2025-01-28 08:35:00,36,54.48,44.92,58.62,2.35,0.97,0,0,336,Normal,0.0,0
2025-01-29 03:27:00,27,77.61,40.81,38.66,3.49,4.09,1,0,149,Normal,0.0,0
2025-01-30 15:15:00,14,69.78,60.19,54.38,4.8,4.24,1,0,459,Normal,0.0,0
2025-03-03 01:30:00,39,73.12,50.18,79.35,3.52,2.14,1,0,163,Normal,0.0,0
2025-01-14 15:14:00,42,82.26,82.36,61.96,2.05,2.86,1,1,22,Normal,1.0,1
2025-02-28 20:44:00,22,82.86,62.81,61.23,3.36,1.3,1,0,324,Normal,0.0,0
2025-01-30 06:22:00,18,64.66,7.08,68.81,1.11,0.59,1,0,92,Normal,0.0,0
2025-01-06 20:17:00,39,56.11,33.89,75.24,3.01,4.01,1,0,479,Normal,0.0,0
2025-02-04 11:43:00,31,85.85,60.78,48.01,1.37,1.97,1,0,404,Normal,0.0,0
2025-01-06 11:51:00,49,81.44,30.24,52.98,3.57,4.43,1,0,160,Normal,0.0,0
2025-02-21 20:26:00,23,69.21,39.49,47.78,1.9,1.33,2,0,466,Pressure Drop,0.0,1
2025-03-03 00:51:00,36,61.34,96.16,73.73,3.17,3.01,1,1,22,Normal,1.0,1
2025-01-16 16:32:00,40,65.44,41.75,47.14,2.67,2.67,1,0,468,Normal,0.0,0
2025-01-27 01:56:00,43,85.76,38.65,73.93,2.12,3.7,1,0,481,Normal,0.0,0
2025-03-01 07:24:00,40,88.41,31.9,49.19,3.68,0.91,0,0,81,Normal,0.0,0
2025-01-23 08:07:00,14,65.54,20.51,73.18,4.58,1.23,2,0,456,Normal,0.0,1
2025-01-19 17:02:00,47,76.75,55.76,74.93,4.87,0.52,1,0,31,Normal,0.0,0
2025-03-04 16:47:00,24,73.16,33.86,60.24,4.12,0.72,1,0,468,Normal,0.0,0
2025-02-12 12:06:00,39,70.33,32.87,44.37,1.64,4.57,1,0,200,Normal,0.0,0
2025-01-31 08:23:00,46,65.28,48.98,49.18,3.17,2.66,1,0,404,Normal,0.0,0
2025-03-02 05:00:00,24,84.13,19.2,46.96,2.44,3.34,0,0,487,Normal,0.0,0
2025-02-24 16:38:00,35,77.75,55.83,59.32,2.55,1.85,1,0,281,Normal,0.0,0
2025-01-14 09:35:00,26,71.72,83.05,43.51,2.76,4.87,1,1,33,Normal,1.0,1
2025-02-06 02:58:00,31,65.48,39.04,43.0,2.71,0.67,0,0,39,Normal,0.0,0
2025-01-18 11:33:00,23,77.06,75.47,47.7,4.87,3.97,1,0,123,Normal,0.0,0
2025-02-12 10:52:00,26,85.17,60.41,32.2,1.47,2.97,1,0,344,Normal,0.0,0
2025-02-11 08:42:00,8,63.03,46.42,76.65,3.94,0.96,1,0,320,Normal,0.0,0
2025-01-23 03:02:00,42,66.31,48.67,72.94,3.92,4.65,0,0,386,Normal,0.0,0
2025-02-09 20:48:00,5,87.39,58.81,55.23,4.91,2.66,1,0,404,Normal,0.0,0
2025-02-13 00:36:00,47,82.72,61.59,78.35,4.03,2.97,1,0,456,Normal,0.0,0
2025-03-06 04:52:00,13,78.71,28.42,38.32,2.92,1.59,1,0,113,Normal,0.0,0
2025-01-19 04:23:00,46,65.28,50.71,41.75,1.78,2.87,1,0,464,Normal,0.0,0
2025-02-19 12:19:00,34,69.78,69.88,78.85,1.71,4.18,1,0,177,Normal,0.0,0
2025-02-24 04:00:00,24,71.58,70.59,54.74,2.45,4.43,1,0,16,Normal,0.0,1
2025-03-04 14:54:00,11,73.72,62.19,36.96,1.4,2.9,1,0,177,Normal,0.0,0
2025-01-12 13:15:00,13,74.25,43.92,42.9,1.27,4.71,1,0,204,Normal,0.0,0
2025-01-17 13:21:00,21,90.24,34.22,32.25,1.37,1.04,1,1,4,Normal,1.0,1
2025-02-28 22:07:00,30,82.64,46.75,35.37,2.41,4.2,1,0,141,Normal,0.0,0
2025-01-28 21:46:00,14,73.85,38.63,68.65,1.01,0.8,1,0,338,Normal,0.0,0
2025-03-01 16:08:00,27,71.46,71.65,32.25,1.27,4.82,1,0,17,Normal,0.0,1
2025-01-02 03:13:00,45,72.86,37.75,60.03,2.57,4.07,1,0,450,Normal,0.0,0
2025-02-16 21:41:00,20,63.13,41.22,59.26,4.29,1.75,1,0,21,Normal,0.0,0
2025-01-10 09:26:00,17,77.34,62.15,32.23,2.31,3.63,1,0,105,Normal,0.0,0
2025-02-13 06:03:00,21,83.33,53.04,63.57,1.22,1.47,1,0,130,Normal,0.0,0
2025-02-23 17:35:00,34,65.4,48.32,53.28,3.23,1.1,1,0,304,Normal,0.0,0
2025-02-24 19:36:00,26,74.49,61.01,33.44,3.08,1.47,2,0,157,Vibration Issue,0.0,1
2025-01-10 13:03:00,49,82.56,61.77,52.24,4.87,3.69,1,0,242,Normal,0.0,0
2025-02-06 13:29:00,48,76.89,31.25,62.78,3.81,3.17,1,0,165,Normal,0.0,0
2025-02-10 22:53:00,45,68.14,51.92,61.19,1.7,1.49,1,0,265,Normal,0.0,0
2025-01-05 17:17:00,14,63.12,59.63,63.45,3.72,1.84,1,0,359,Normal,0.0,0
2025-02-28 22:38:00,35,62.36,35.89,52.18,1.19,2.66,0,0,288,Normal,0.0,0
2025-02-17 10:46:00,32,75.49,50.32,34.36,2.04,1.48,1,0,349,Normal,0.0,0
2025-02-19 17:17:00,38,53.17,31.0,59.77,1.9,3.18,1,0,414,Normal,0.0,0
2025-02-24 10:00:00,27,64.91,54.48,40.02,2.58,0.56,1,0,118,Normal,0.0,0
2025-01-10 21:51:00,26,91.03,54.14,69.04,3.35,2.99,1,1,9,Normal,1.0,1
2025-01-10 16:00:00,37,75.51,16.77,63.32,1.91,2.52,1,0,13,Normal,0.0,1
2025-02-13 13:22:00,18,69.25,80.51,55.25,2.12,1.55,1,1,22,Normal,1.0,1
2025-01-22 03:06:00,8,110.54,33.41,44.58,3.42,3.6,1,1,38,Normal,1.0,1
2025-03-02 02:08:00,28,81.42,57.09,60.21,2.22,4.68,1,0,26,Normal,0.0,0
2025-01-24 04:32:00,22,63.59,55.45,65.57,1.72,3.51,1,0,460,Normal,0.0,0
2025-02-06 23:02:00,36,76.92,29.83,36.69,2.27,0.85,1,0,367,Normal,0.0,0
2025-01-10 04:57:00,41,66.58,48.19,42.38,1.27,2.38,1,0,62,Normal,0.0,0
2025-02-03 04:46:00,41,65.21,71.32,39.45,4.33,5.0,1,0,294,Normal,0.0,0
2025-02-24 21:58:00,3,86.47,44.77,68.45,3.68,2.76,0,0,179,Normal,0.0,0
2025-01-14 13:47:00,6,71.49,86.91,56.34,1.53,3.54,1,1,3,Normal,1.0,1
2025-02-26 08:02:00,13,78.39,57.89,58.78,2.95,3.7,2,0,214,Normal,0.0,1
2025-01-05 13:20:00,26,64.26,49.12,31.84,3.47,2.29,0,0,390,Normal,0.0,0
2025-02-05 10:16:00,4,78.48,46.54,75.89,4.44,3.9,1,0,490,Normal,0.0,0
2025-03-01 04:05:00,14,65.47,57.87,72.09,1.07,3.96,1,0,473,Normal,0.0,0
2025-03-08 07:17:00,42,62.09,40.67,45.66,2.62,3.84,1,0,425,Normal,0.0,0
2025-01-13 00:30:00,10,79.64,37.87,41.49,3.48,3.37,1,0,412,Normal,0.0,0
2025-01-01 02:25:00,9,68.67,43.97,48.91,1.07,3.65,2,0,233,Vibration Issue,0.0,1
2025-01-10 02:01:00,43,79.01,49.28,49.62,4.95,1.65,1,0,263,Normal,0.0,0
2025-03-07 17:13:00,25,73.12,71.2,32.7,1.88,2.27,1,0,361,Normal,0.0,0
2025-02-18 20:14:00,15,79.93,54.15,42.94,1.58,1.2,1,0,271,Normal,0.0,0
2025-02-14 01:13:00,40,68.75,50.49,37.02,2.99,1.74,0,0,78,Normal,0.0,0
2025-02-01 16:37:00,28,60.64,31.22,71.7,2.0,3.55,1,0,296,Normal,0.0,0
2025-02-14 04:27:00,30,61.85,63.92,40.82,4.88,1.09,1,0,267,Normal,0.0,0
2025-01-01 20:33:00,46,94.21,59.73,72.59,1.75,3.04,1,1,13,Normal,1.0,1
2025-02-08 05:19:00,2,69.04,80.03,36.76,2.48,1.72,1,1,10,Normal,1.0,1
2025-02-23 04:13:00,11,51.93,55.75,79.14,2.08,3.2,1,0,325,Normal,0.0,0
2025-03-05 08:58:00,35,63.42,30.66,47.6,3.43,4.81,1,0,157,Normal,0.0,0
2025-01-15 00:57:00,31,69.13,52.62,55.99,1.77,2.52,1,0,78,Normal,0.0,0
2025-02-20 11:19:00,4,83.7,38.83,54.85,2.42,0.91,0,0,227,Normal,0.0,0
2025-02-15 22:37:00,33,80.63,46.56,38.14,1.3,2.55,0,0,19,Normal,0.0,1
2025-02-13 14:31:00,40,78.15,36.29,74.54,2.63,2.69,1,0,256,Normal,0.0,0
2025-02-17 14:05:00,50,86.65,56.37,69.99,1.91,0.98,1,0,77,Normal,0.0,0
2025-01-24 20:38:00,37,92.74,48.29,57.26,4.59,1.78,1,1,6,Normal,1.0,1
2025-02-24 21:15:00,38,88.93,17.66,50.32,3.86,1.14,2,0,227,Vibration Issue,0.0,1
2025-02-24 01:05:00,5,80.7,45.28,40.48,4.84,1.59,1,0,452,Normal,0.0,0
2025-01-31 06:33:00,26,70.13,74.19,62.16,1.85,4.93,0,0,295,Normal,0.0,0
2025-02-26 12:25:00,33,77.83,35.18,51.32,3.68,2.76,1,0,250,Normal,0.0,0
2025-02-16 19:37:00,15,61.86,52.52,32.0,2.52,2.17,2,0,289,Pressure Drop,0.0,1
2025-02-11 11:07:00,2,90.48,45.23,37.27,4.57,2.21,1,1,10,Normal,1.0,1
2025-02-06 04:54:00,50,60.23,42.44,55.56,2.63,1.35,2,0,308,Overheating,0.0,1
2025-01-05 12:29:00,28,71.2,82.81,38.78,2.82,4.3,2,1,32,Overheating,1.0,1
2025-01-14 03:34:00,9,64.79,56.78,65.66,4.17,1.07,2,0,347,Pressure Drop,0.0,1
2025-03-10 04:01:00,21,69.92,76.27,41.85,3.14,2.51,2,0,281,Pressure Drop,0.0,1
2025-01-27 21:23:00,10,74.69,63.79,40.13,1.1,4.41,0,0,276,Normal,0.0,0
2025-03-05 08:45:00,36,76.63,58.12,39.06,4.97,2.76,1,0,450,Normal,0.0,0
2025-03-01 21:37:00,20,77.97,39.81,70.99,3.79,2.2,1,0,39,Normal,0.0,0
2025-01-14 18:44:00,35,79.24,42.55,63.77,3.17,4.58,1,0,360,Normal,0.0,0
2025-01-25 04:44:00,48,66.98,21.8,64.61,2.53,1.19,1,0,125,Normal,0.0,0
2025-01-18 02:06:00,26,57.15,59.36,56.3,4.77,4.31,1,0,494,Normal,0.0,0
2025-01-03 15:59:00,45,83.21,85.18,31.62,1.09,4.67,1,1,22,Normal,1.0,1
2025-02-27 09:16:00,8,69.01,41.2,70.86,1.29,4.03,1,0,335,Normal,0.0,0
2025-01-03 08:08:00,33,79.89,40.21,33.19,4.06,4.17,1,0,288,Normal,0.0,0
2025-02-18 21:58:00,16,70.77,44.05,32.08,4.73,0.91,1,0,168,Normal,0.0,0
2025-03-06 18:39:00,25,78.18,73.25,59.8,1.63,2.53,1,0,48,Normal,0.0,0
2025-01-16 21:17:00,47,86.71,17.1,47.02,2.1,3.25,0,0,332,Normal,0.0,0
2025-01-22 10:25:00,21,61.81,46.31,43.39,1.63,4.03,1,0,129,Normal,0.0,0
2025-01-22 15:37:00,10,84.51,36.71,50.86,4.45,2.23,0,0,174,Normal,0.0,0
2025-01-01 22:28:00,8,65.57,34.23,59.43,1.42,3.89,1,0,19,Normal,0.0,1
2025-01-13 19:50:00,35,71.0,45.68,47.95,1.61,4.57,1,0,333,Normal,0.0,0
2025-02-17 05:53:00,5,70.51,24.97,35.41,1.49,2.08,2,0,42,Electrical Fault,0.0,1
2025-01-09 00:46:00,44,70.04,49.27,37.25,4.1,3.0,0,0,220,Normal,0.0,0
2025-01-31 10:16:00,18,108.07,68.31,70.92,3.31,4.25,1,1,29,Normal,1.0,1
2025-03-03 05:28:00,18,68.84,48.94,44.03,3.28,2.57,1,0,377,Normal,0.0,0
2025-03-05 19:14:00,44,73.72,51.07,65.95,1.65,4.16,0,0,77,Normal,0.0,0
2025-01-25 13:00:00,26,80.54,72.52,56.88,3.43,3.95,1,0,352,Normal,0.0,0
2025-02-04 23:54:00,2,77.42,69.34,45.71,4.75,1.82,1,0,450,Normal,0.0,0
2025-02-01 15:12:00,38,79.05,72.65,59.14,1.8,2.12,1,0,215,Normal,0.0,0
2025-01-30 10:02:00,17,83.29,46.93,70.93,2.92,0.6,1,0,22,Normal,0.0,0
2025-03-05 20:51:00,34,55.64,70.43,64.04,1.31,1.47,1,0,69,Normal,0.0,0
2025-01-16 07:28:00,30,70.4,26.71,62.26,3.86,3.7,1,0,225,Normal,0.0,0
2025-01-15 00:24:00,48,81.82,23.77,39.92,2.44,2.78,1,0,272,Normal,0.0,0
2025-03-06 05:28:00,19,76.71,63.76,49.31,2.35,4.86,2,0,232,Pressure Drop,0.0,1
2025-01-07 14:45:00,15,84.5,36.07,51.94,1.04,4.36,1,0,147,Normal,0.0,0
2025-02-05 09:24:00,29,81.62,44.91,37.65,4.84,4.64,2,0,158,Vibration Issue,0.0,1
2025-02-25 22:01:00,7,79.08,64.67,77.58,2.67,2.7,1,0,46,Normal,0.0,0
2025-03-06 05:50:00,4,90.29,50.68,43.42,4.66,3.45,1,1,34,Normal,1.0,1
2025-02-21 20:10:00,25,63.48,41.41,61.74,2.48,0.94,1,0,239,Normal,0.0,0
2025-03-05 22:13:00,31,56.8,41.73,68.34,1.69,4.14,1,0,282,Normal,0.0,0
2025-02-13 17:01:00,6,77.66,56.39,34.19,2.16,0.95,2,0,235,Pressure Drop,0.0,1
2025-01-17 00:15:00,13,74.55,70.76,56.72,1.02,2.66,1,0,349,Normal,0.0,0
2025-01-30 05:42:00,34,86.82,40.06,34.64,3.95,3.08,1,0,110,Normal,0.0,0
2025-01-15 04:47:00,23,65.9,72.6,61.03,4.14,3.51,1,0,410,Normal,0.0,0
2025-01-25 20:22:00,6,78.08,39.68,50.53,4.45,2.92,1,0,48,Normal,0.0,0
2025-01-03 21:08:00,36,86.36,31.49,57.01,3.89,3.23,1,0,146,Normal,0.0,0
2025-01-17 23:54:00,48,77.14,35.08,39.55,2.58,1.96,1,0,53,Normal,0.0,0
2025-03-09 01:52:00,14,87.81,68.13,68.42,4.07,1.99,1,0,153,Normal,0.0,0
2025-01-16 11:31:00,49,96.13,56.3,72.75,2.54,2.63,1,1,6,Normal,1.0,1
2025-01-25 07:31:00,14,89.08,63.57,45.1,2.77,4.61,1,0,252,Normal,0.0,0
2025-01-11 17:57:00,45,86.11,59.71,68.33,1.17,4.66,1,0,256,Normal,0.0,0
2025-02-04 07:05:00,46,63.77,63.43,57.47,3.68,1.58,0,0,243,Normal,0.0,0
2025-02-20 10:01:00,23,91.99,33.92,47.2,4.38,3.35,1,1,4,Normal,1.0,1
2025-03-03 08:42:00,37,89.77,62.11,67.29,1.91,2.37,1,0,229,Normal,0.0,0
2025-03-10 07:35:00,39,70.01,55.39,79.27,2.26,1.02,2,0,153,Vibration Issue,0.0,1
2025-01-11 08:43:00,27,71.77,67.75,66.65,3.45,1.29,0,0,198,Normal,0.0,0
2025-01-27 14:15:00,24,68.25,12.57,69.5,4.64,4.37,1,0,442,Normal,0.0,0
2025-02-17 06:10:00,49,62.26,51.1,62.03,1.99,1.69,1,0,51,Normal,0.0,0
2025-02-18 00:27:00,44,77.58,49.06,49.83,3.95,2.45,2,0,417,Overheating,0.0,1
2025-02-01 23:07:00,22,76.18,57.68,30.27,2.51,1.24,1,0,53,Normal,0.0,0
2025-02-26 16:49:00,44,83.97,63.81,67.26,2.09,4.12,0,0,404,Normal,0.0,0
2025-02-09 10:36:00,22,71.2,57.32,47.79,2.88,3.59,1,0,393,Normal,0.0,0
2025-02-24 17:25:00,42,90.69,42.77,49.71,4.12,3.22,1,1,11,Normal,1.0,1
2025-01-13 06:49:00,1,79.03,34.87,57.39,1.31,4.41,1,0,306,Normal,0.0,0
2025-01-06 21:20:00,27,89.02,52.98,34.2,1.68,2.64,1,0,417,Normal,0.0,0
2025-02-17 10:52:00,18,83.25,23.39,51.92,3.73,1.91,0,0,299,Normal,0.0,0
2025-01-30 12:36:00,35,68.34,61.12,61.01,4.26,4.66,1,0,279,Normal,0.0,0
2025-01-21 05:53:00,19,85.31,70.79,30.1,3.0,3.45,2,0,490,Normal,0.0,1
2025-02-04 09:40:00,47,73.33,48.0,70.89,2.79,4.97,1,0,384,Normal,0.0,0
2025-02-12 13:15:00,23,99.69,64.13,47.49,3.54,2.23,1,1,16,Normal,1.0,1
2025-01-15 16:53:00,11,72.57,38.91,67.57,4.7,2.81,1,0,80,Normal,0.0,0
2025-02-15 03:15:00,12,73.35,31.52,56.12,2.43,0.83,1,0,135,Normal,0.0,0
2025-01-31 06:48:00,18,80.04,72.87,56.45,1.92,1.58,1,0,491,Normal,0.0,0
2025-02-18 20:19:00,28,62.06,37.23,72.22,4.03,2.46,1,0,66,Normal,0.0,0
2025-03-04 08:37:00,6,69.95,68.43,66.81,2.68,4.21,1,0,229,Normal,0.0,0
2025-01-21 11:21:00,18,77.93,44.08,63.56,2.47,4.8,1,0,302,Normal,0.0,0
2025-02-18 22:04:00,38,86.0,63.72,77.42,2.47,0.58,1,0,417,Normal,0.0,0
2025-02-03 21:28:00,39,82.2,39.96,53.95,4.62,3.04,1,0,343,Normal,0.0,0
2025-02-07 12:58:00,5,72.85,22.37,67.28,2.38,3.25,1,0,243,Normal,0.0,0
2025-01-16 10:59:00,43,78.65,50.62,60.53,2.86,1.89,1,0,161,Normal,0.0,0
2025-02-05 01:53:00,32,58.28,39.29,56.15,1.12,2.57,1,0,321,Normal,0.0,0
2025-01-07 23:09:00,7,68.14,44.75,32.08,4.54,4.68,1,0,243,Normal,0.0,0
2025-01-23 11:34:00,13,82.79,57.56,76.31,2.33,0.63,1,0,414,Normal,0.0,0
2025-02-05 11:07:00,50,66.3,48.68,74.23,2.77,3.71,1,0,196,Normal,0.0,0
2025-01-17 03:24:00,7,64.62,67.23,51.68,1.4,1.73,0,0,176,Normal,0.0,0
2025-02-14 22:37:00,1,87.43,65.72,40.36,3.84,1.94,1,0,34,Normal,0.0,0
2025-01-02 13:14:00,47,78.18,48.71,37.85,1.23,3.63,1,0,319,Normal,0.0,0
2025-01-17 13:07:00,31,77.86,40.61,34.63,3.88,2.59,1,0,13,Normal,0.0,1
2025-02-26 18:05:00,8,78.44,37.64,37.48,1.88,2.77,1,0,12,Normal,0.0,1
2025-02-06 15:02:00,15,75.51,69.08,49.04,2.89,1.19,1,0,21,Normal,0.0,0
2025-02-24 19:18:00,17,87.48,35.1,77.15,3.47,2.42,1,0,145,Normal,0.0,0
2025-03-02 21:58:00,9,78.87,52.46,50.3,1.32,3.52,1,0,181,Normal,0.0,0
2025-02-23 20:33:00,48,78.03,24.07,57.23,1.9,2.81,0,0,87,Normal,0.0,0
2025-01-17 09:33:00,11,76.47,40.24,79.62,2.54,4.35,1,0,368,Normal,0.0,0
2025-02-27 17:25:00,33,68.97,62.24,66.38,4.51,4.45,1,0,333,Normal,0.0,0
2025-03-05 22:58:00,39,72.74,59.17,76.45,2.18,1.08,1,0,258,Normal,0.0,0
2025-02-14 12:52:00,36,72.4,54.59,47.67,4.69,4.86,1,0,490,Normal,0.0,0
2025-01-26 05:48:00,12,59.96,27.47,59.57,2.93,2.2,1,0,466,Normal,0.0,0
2025-02-15 22:47:00,13,68.28,52.54,57.41,4.13,1.23,1,0,11,Normal,0.0,1
2025-01-09 01:52:00,38,93.22,71.58,69.09,1.71,4.36,0,1,23,Normal,1.0,1
2025-01-26 23:27:00,37,69.62,52.49,68.16,4.96,4.37,1,0,152,Normal,0.0,0
2025-03-10 05:27:00,20,88.73,27.39,78.89,2.0,2.26,1,0,220,Normal,0.0,0
2025-02-22 23:49:00,49,61.81,25.26,37.2,3.16,1.85,2,0,488,Electrical Fault,0.0,1
2025-01-21 14:37:00,28,80.13,56.21,48.45,1.66,2.68,1,0,435,Normal,0.0,0
2025-01-06 16:43:00,49,70.97,75.36,32.25,4.02,3.48,1,0,121,Normal,0.0,0
2025-02-26 08:30:00,26,72.02,44.38,64.88,4.57,4.41,0,0,20,Normal,0.0,0
2025-01-16 16:17:00,23,78.15,54.85,68.56,2.15,2.23,1,0,258,Normal,0.0,0
2025-02-10 13:46:00,13,68.73,55.81,66.05,1.3,1.77,1,0,136,Normal,0.0,0
2025-01-20 08:03:00,12,71.05,38.11,77.32,3.82,4.96,0,0,268,Normal,0.0,0
2025-02-15 10:05:00,29,82.07,49.54,45.4,4.45,3.33,1,0,129,Normal,0.0,0
2025-02-18 10:56:00,21,80.98,55.62,55.19,2.75,0.73,1,0,447,Normal,0.0,0
2025-02-25 15:39:00,1,62.82,55.8,30.56,1.48,2.38,1,0,92,Normal,0.0,0
2025-02-21 06:43:00,49,74.89,55.79,77.07,3.14,3.63,1,0,318,Normal,0.0,0
2025-02-14 20:33:00,44,82.71,44.76,54.44,1.02,2.89,1,0,283,Normal,0.0,0
2025-01-18 05:19:00,14,85.57,43.21,39.98,4.51,4.04,1,0,25,Normal,0.0,0
2025-01-18 11:28:00,1,90.97,65.2,46.38,2.22,2.22,1,1,33,Normal,1.0,1
2025-01-22 09:36:00,24,79.52,41.6,48.42,3.63,4.15,0,0,457,Normal,0.0,0
2025-01-14 08:59:00,34,79.34,47.03,77.37,2.6,1.76,1,0,210,Normal,0.0,0
2025-01-15 03:14:00,17,72.69,62.13,73.33,3.33,4.24,1,0,197,Normal,0.0,0
2025-01-24 22:59:00,41,92.3,54.31,76.07,4.71,1.83,1,1,27,Normal,1.0,1
2025-01-06 08:59:00,46,61.92,87.19,39.64,3.97,0.92,1,1,18,Normal,1.0,1
2025-03-06 06:52:00,44,80.04,47.42,76.09,2.44,1.25,0,0,243,Normal,0.0,0
2025-01-19 11:48:00,20,67.21,70.24,35.76,1.79,2.76,1,0,67,Normal,0.0,0
2025-01-01 09:04:00,44,93.48,64.96,64.91,4.15,4.18,1,1,2,Normal,1.0,1
2025-01-03 15:00:00,47,78.57,49.02,78.71,2.39,4.61,0,0,302,Normal,0.0,0
2025-03-02 10:45:00,33,75.23,42.07,32.07,1.41,1.35,0,0,94,Normal,0.0,0
2025-01-29 21:04:00,40,64.87,39.37,60.62,1.41,2.18,1,0,25,Normal,0.0,0
2025-01-28 18:33:00,33,91.92,37.08,43.37,3.27,4.83,1,1,1,Normal,1.0,1
2025-03-01 05:09:00,36,61.78,45.11,34.57,2.1,2.15,1,0,272,Normal,0.0,0
2025-01-09 06:29:00,17,80.06,63.18,78.01,2.06,1.51,0,0,450,Normal,0.0,0
2025-01-27 03:45:00,43,65.27,45.5,30.7,3.47,1.51,1,0,83,Normal,0.0,0
2025-01-09 12:34:00,29,76.89,47.85,39.96,1.23,1.79,1,0,93,Normal,0.0,0
2025-02-08 11:34:00,43,72.3,62.3,45.34,4.79,2.03,1,0,407,Normal,0.0,0
2025-01-07 03:51:00,5,86.74,44.69,35.76,1.62,3.34,1,0,104,Normal,0.0,0
2025-03-01 09:06:00,35,83.51,60.01,30.4,1.48,1.41,1,0,219,Normal,0.0,0
2025-03-07 02:33:00,23,68.92,35.73,41.1,2.84,3.27,2,0,200,Overheating,0.0,1
2025-02-09 11:16:00,36,70.15,73.68,53.08,1.89,4.04,1,0,138,Normal,0.0,0
2025-02-18 19:17:00,42,77.03,31.21,47.85,2.05,4.28,1,0,456,Normal,0.0,0
2025-02-05 15:27:00,1,62.87,57.32,60.61,3.35,2.54,1,0,164,Normal,0.0,0
2025-01-04 22:17:00,46,95.28,68.64,43.45,4.03,1.3,1,1,8,Normal,1.0,1
2025-02-22 07:25:00,29,63.89,37.01,33.11,1.96,0.9,1,0,267,Normal,0.0,0
2025-02-14 09:26:00,16,66.85,81.52,76.41,2.19,3.29,1,1,21,Normal,1.0,1
2025-01-31 12:09:00,11,75.86,40.42,41.99,3.23,2.72,1,0,354,Normal,0.0,0
2025-02-11 09:49:00,34,69.25,36.91,79.87,1.22,3.6,1,0,238,Normal,0.0,0
2025-02-15 22:46:00,33,72.71,51.84,42.11,3.4,2.55,1,0,165,Normal,0.0,0
2025-01-12 23:20:00,25,80.15,52.74,54.44,4.45,3.24,1,0,25,Normal,0.0,0
2025-01-01 09:32:00,36,83.16,36.11,54.75,4.93,3.38,1,0,88,Normal,0.0,0
2025-02-25 16:19:00,14,59.77,67.68,56.62,4.53,4.54,1,0,149,Normal,0.0,0
2025-01-26 10:08:00,39,77.92,52.23,77.01,4.43,4.58,1,0,156,Normal,0.0,0
2025-02-07 05:56:00,11,73.39,34.51,49.32,2.86,1.52,1,0,432,Normal,0.0,0
2025-01-30 04:27:00,41,50.49,64.46,36.99,1.39,4.64,1,0,19,Normal,0.0,1
2025-01-15 17:35:00,12,79.29,49.32,45.82,4.87,3.88,1,0,51,Normal,0.0,0
2025-01-26 18:32:00,38,75.82,61.25,37.64,3.71,2.03,2,0,85,Pressure Drop,0.0,1
2025-01-15 06:24:00,25,78.49,46.93,40.89,3.04,4.65,1,0,301,Normal,0.0,0
2025-01-06 04:37:00,6,54.98,61.3,56.38,3.84,3.6,1,0,472,Normal,0.0,0
2025-01-08 00:56:00,16,63.11,53.84,70.74,3.66,0.89,1,0,269,Normal,0.0,0
2025-01-04 06:14:00,19,77.8,48.71,60.3,1.8,4.0,1,0,93,Normal,0.0,0
2025-02-03 02:07:00,46,65.49,36.28,62.15,1.09,1.03,2,0,100,Vibration Issue,0.0,1
2025-02-21 00:22:00,36,64.13,34.12,67.92,2.14,3.28,1,0,313,Normal,0.0,0
2025-02-11 10:41:00,43,81.57,46.51,60.79,2.22,2.95,1,0,199,Normal,0.0,0
2025-01-24 02:08:00,9,61.38,64.45,43.26,3.68,3.08,0,0,480,Normal,0.0,0
2025-02-13 18:56:00,29,63.69,47.07,77.04,4.0,3.51,1,0,274,Normal,0.0,0
2025-02-26 15:26:00,14,80.69,60.4,46.18,3.81,4.87,2,0,83,Vibration Issue,0.0,1
2025-01-11 02:28:00,26,82.93,74.51,72.29,4.6,2.48,0,0,223,Normal,0.0,0
2025-01-23 10:48:00,35,73.16,44.37,30.05,3.97,1.79,1,0,211,Normal,0.0,0
2025-02-09 06:26:00,20,76.21,65.76,45.77,2.97,4.72,0,0,328,Normal,0.0,0
2025-02-23 19:41:00,21,88.67,49.27,77.25,4.63,0.87,1,0,126,Normal,0.0,0
2025-02-22 08:45:00,15,81.75,47.95,68.39,1.18,4.03,1,0,117,Normal,0.0,0
2025-01-16 19:00:00,17,53.01,37.58,45.2,4.09,4.65,1,0,73,Normal,0.0,0
2025-01-06 08:03:00,43,66.84,38.76,72.01,3.87,1.31,1,0,120,Normal,0.0,0
2025-01-05 19:54:00,24,75.4,65.99,74.58,1.28,3.84,1,0,91,Normal,0.0,0
2025-01-09 07:34:00,29,52.3,57.93,42.66,4.99,3.67,1,0,115,Normal,0.0,0
2025-03-10 17:43:00,42,73.04,49.48,72.07,4.58,4.87,1,0,211,Normal,0.0,0
2025-03-02 01:18:00,44,81.68,43.49,42.9,2.09,1.3,0,0,421,Normal,0.0,0
2025-02-23 00:10:00,41,77.81,62.18,32.15,2.21,1.52,2,0,18,Overheating,0.0,1
2025-02-11 04:39:00,35,61.32,52.66,36.48,1.13,4.74,1,0,209,Normal,0.0,0
2025-02-27 18:41:00,6,69.0,38.79,32.64,2.4,2.89,1,0,288,Normal,0.0,0
2025-01-18 23:43:00,17,63.14,38.1,53.14,3.73,1.86,1,0,340,Normal,0.0,0
2025-01-17 02:17:00,19,75.08,49.71,56.65,3.3,2.99,1,0,420,Normal,0.0,0
2025-02-08 05:27:00,23,88.51,33.8,49.28,4.62,2.41,1,0,413,Normal,0.0,0
2025-02-15 10:16:00,35,88.61,40.1,40.51,2.04,2.96,1,0,66,Normal,0.0,0
2025-01-26 18:26:00,30,80.57,36.55,51.31,1.52,0.72,1,0,315,Normal,0.0,0
2025-02-02 04:15:00,50,63.82,47.96,49.48,3.79,1.6,1,0,86,Normal,0.0,0
2025-01-10 04:28:00,21,64.41,40.04,76.87,3.65,2.18,1,0,349,Normal,0.0,0
2025-01-16 22:24:00,24,59.29,60.99,65.11,3.92,4.42,1,0,152,Normal,0.0,0
2025-02-28 10:51:00,31,69.91,34.06,71.49,4.97,2.93,1,0,389,Normal,0.0,0
2025-01-06 18:41:00,17,74.96,65.83,53.77,1.21,1.53,1,0,351,Normal,0.0,0
2025-03-03 04:54:00,16,80.85,27.56,55.82,4.54,3.21,1,0,222,Normal,0.0,0
2025-02-03 20:22:00,27,79.18,46.98,79.14,2.03,0.69,1,0,112,Normal,0.0,0
2025-02-16 18:48:00,23,65.63,65.48,53.04,1.82,2.48,0,0,237,Normal,0.0,0
2025-01-12 13:22:00,22,63.92,58.5,38.36,2.07,0.71,1,0,33,Normal,0.0,0
2025-01-27 20:30:00,39,76.52,38.4,41.56,4.1,4.11,1,0,284,Normal,0.0,0
2025-01-14 11:59:00,19,69.89,68.67,60.74,4.1,1.33,0,0,88,Normal,0.0,0
2025-02-10 11:52:00,3,72.91,52.34,74.71,4.19,0.88,1,0,253,Normal,0.0,0
2025-01-21 01:54:00,30,74.4,38.15,78.41,4.17,0.53,1,0,292,Normal,0.0,0
2025-01-22 04:50:00,12,82.23,75.43,69.69,4.64,0.59,1,0,387,Normal,0.0,0
2025-01-05 07:10:00,29,70.86,27.18,57.37,3.88,3.89,1,0,386,Normal,0.0,0
2025-02-18 04:16:00,34,71.87,40.5,62.85,4.12,4.54,0,0,436,Normal,0.0,0
2025-02-09 12:53:00,31,84.88,43.02,59.11,2.31,2.26,1,0,313,Normal,0.0,0
2025-02-05 18:58:00,25,86.82,34.0,68.31,2.56,0.78,1,0,49,Normal,0.0,0
2025-02-21 20:31:00,41,64.08,45.95,45.06,4.9,1.21,1,0,246,Normal,0.0,0
2025-02-15 17:54:00,3,72.59,61.51,39.46,3.47,3.27,1,0,234,Normal,0.0,0
2025-03-07 14:27:00,10,70.71,55.93,72.21,4.15,2.06,1,0,480,Normal,0.0,0
2025-01-19 18:38:00,44,80.49,58.46,60.31,1.17,2.66,1,0,389,Normal,0.0,0
2025-01-05 08:40:00,11,82.46,41.62,70.66,1.06,2.22,1,0,136,Normal,0.0,0
2025-01-04 00:30:00,25,86.54,53.47,44.77,2.97,4.01,1,0,401,Normal,0.0,0
2025-02-02 14:34:00,8,79.22,45.04,41.34,4.95,2.37,1,0,181,Normal,0.0,0
2025-02-24 02:50:00,39,71.44,45.78,74.98,1.23,4.44,0,0,111,Normal,0.0,0
2025-01-14 13:30:00,45,68.92,76.36,72.07,2.7,2.78,1,0,274,Normal,0.0,0
2025-02-07 00:09:00,35,71.24,72.51,59.06,2.14,3.0,1,0,370,Normal,0.0,0
2025-02-04 23:07:00,8,95.34,60.21,45.34,3.17,3.03,1,1,11,Normal,1.0,1
2025-02-17 23:30:00,43,52.83,37.7,77.13,2.28,2.63,1,0,326,Normal,0.0,0
2025-01-22 13:53:00,40,73.82,44.95,58.48,1.03,2.6,2,0,462,Overheating,0.0,1
2025-03-06 04:22:00,17,57.91,52.82,51.06,3.34,3.61,1,0,302,Normal,0.0,0
2025-02-20 18:10:00,36,84.37,54.55,54.53,2.68,0.78,1,0,272,Normal,0.0,0
2025-01-29 05:58:00,9,61.46,50.44,50.62,1.05,4.94,1,0,176,Normal,0.0,0
2025-02-23 02:26:00,8,56.65,54.34,33.32,2.49,4.64,1,0,146,Normal,0.0,0
2025-02-22 04:23:00,14,85.36,33.37,56.8,3.22,1.01,1,0,69,Normal,0.0,0
2025-01-12 15:34:00,48,71.0,42.23,69.13,2.25,1.94,1,0,201,Normal,0.0,0
2025-02-22 09:18:00,8,90.29,52.19,47.17,4.34,2.55,1,1,1,Normal,1.0,1
2025-01-04 20:26:00,21,81.7,56.81,37.65,3.99,1.13,1,0,348,Normal,0.0,0
2025-01-26 03:29:00,39,69.72,50.95,34.61,2.38,0.65,1,0,360,Normal,0.0,0
2025-01-08 22:26:00,35,93.48,34.34,50.29,2.27,4.19,1,1,47,Normal,1.0,1
2025-02-25 02:50:00,32,79.96,34.93,44.53,4.58,2.78,1,0,13,Normal,0.0,1
2025-02-11 03:29:00,4,66.52,78.59,78.83,3.38,2.26,1,0,347,Normal,0.0,0
2025-01-07 06:25:00,42,66.65,49.72,43.89,4.64,1.65,1,0,198,Normal,0.0,0
2025-02-16 08:43:00,10,81.24,36.09,68.86,4.69,3.66,1,0,172,Normal,0.0,0
2025-01-27 04:07:00,29,63.96,75.8,41.69,4.67,1.12,1,0,176,Normal,0.0,0
2025-02-25 02:53:00,32,90.88,76.85,62.46,3.35,2.54,1,1,34,Normal,1.0,1
2025-01-19 15:15:00,39,73.86,48.73,77.1,4.99,3.04,1,0,45,Normal,0.0,0
2025-01-01 16:16:00,3,62.05,38.38,70.54,2.12,3.19,1,0,99,Normal,0.0,0
2025-01-23 19:41:00,7,71.45,43.92,79.06,4.82,3.53,1,0,79,Normal,0.0,0
2025-02-04 00:06:00,47,72.79,93.11,38.02,2.31,2.9,2,1,9,Vibration Issue,1.0,1
2025-02-08 07:47:00,50,70.58,42.28,61.22,1.92,4.89,1,0,74,Normal,0.0,0
2025-02-27 15:49:00,39,89.1,48.81,39.39,1.87,0.78,1,0,136,Normal,0.0,0
2025-01-02 09:46:00,41,83.09,58.65,51.23,2.91,2.98,1,0,32,Normal,0.0,0
2025-02-16 10:32:00,33,67.57,34.5,48.78,4.95,1.04,1,0,497,Normal,0.0,0
2025-03-01 16:23:00,5,82.2,43.59,74.02,2.93,4.53,1,0,192,Normal,0.0,0
2025-03-05 00:45:00,25,65.08,55.11,67.72,2.12,0.93,1,0,424,Normal,0.0,0
2025-02-07 10:54:00,41,78.76,34.04,52.95,3.39,2.97,1,0,244,Normal,0.0,0
2025-02-27 08:09:00,12,68.6,46.16,44.16,3.85,4.88,1,0,102,Normal,0.0,0
2025-02-10 08:25:00,15,94.57,50.12,77.99,1.65,1.32,1,1,31,Normal,1.0,1
2025-02-22 16:52:00,37,66.01,25.27,36.56,1.48,4.99,1,0,64,Normal,0.0,0
2025-01-10 08:44:00,28,58.73,44.76,30.44,1.94,0.56,1,0,496,Normal,0.0,0
2025-01-05 22:16:00,23,83.73,58.59,77.61,3.23,3.26,1,0,430,Normal,0.0,0
2025-01-27 02:24:00,9,69.39,25.76,66.36,2.36,3.47,0,0,80,Normal,0.0,0
2025-01-28 22:25:00,38,68.04,26.72,31.84,1.18,0.8,1,0,127,Normal,0.0,0
2025-02-19 18:05:00,26,82.56,51.28,65.6,4.21,2.88,1,0,229,Normal,0.0,0
2025-03-10 01:48:00,14,81.31,46.48,65.96,4.24,0.73,1,0,388,Normal,0.0,0
2025-02-18 21:34:00,36,68.14,46.91,41.63,3.9,2.48,1,0,243,Normal,0.0,0
2025-02-22 08:59:00,41,53.05,63.93,33.46,3.97,2.17,1,0,179,Normal,0.0,0
2025-02-06 08:27:00,9,81.91,56.97,46.57,3.99,3.21,1,0,405,Normal,0.0,0
2025-02-20 06:38:00,3,70.35,28.33,43.1,3.39,2.75,1,0,23,Normal,0.0,0
2025-02-12 06:38:00,15,74.84,71.64,79.71,3.24,1.23,1,0,143,Normal,0.0,0
2025-02-24 05:39:00,30,67.79,58.55,75.66,4.9,3.16,2,0,120,Vibration Issue,0.0,1
2025-02-02 04:04:00,43,67.73,49.91,61.14,1.49,4.08,1,0,182,Normal,0.0,0
2025-01-06 13:34:00,42,71.69,41.51,66.88,1.15,1.39,1,0,132,Normal,0.0,0
2025-01-17 01:14:00,22,65.82,34.32,30.45,3.19,3.52,1,0,141,Normal,0.0,0
2025-02-12 10:48:00,20,96.3,68.7,65.52,3.1,1.16,1,1,23,Normal,1.0,1
2025-02-09 18:29:00,34,79.29,47.62,52.59,2.67,4.76,1,0,273,Normal,0.0,0
2025-01-07 00:28:00,47,70.7,61.77,56.94,2.65,4.43,1,0,11,Normal,0.0,1
2025-02-11 11:40:00,11,83.78,59.75,54.1,3.61,0.55,1,0,487,Normal,0.0,0
2025-01-21 02:08:00,42,50.34,63.85,70.97,4.96,3.02,2,0,312,Vibration Issue,0.0,1
2025-03-08 07:03:00,37,94.45,67.79,40.44,4.27,3.64,1,1,18,Normal,1.0,1
2025-01-25 07:11:00,3,86.49,43.25,30.91,2.01,4.7,1,0,181,Normal,0.0,0
2025-02-26 10:12:00,11,86.72,68.92,40.41,4.0,2.42,2,0,19,Electrical Fault,0.0,1
2025-01-27 08:05:00,24,72.5,71.41,68.41,3.2,4.75,1,0,295,Normal,0.0,0
2025-02-23 02:03:00,39,74.78,45.27,40.0,4.47,2.77,1,0,305,Normal,0.0,0
2025-01-08 20:02:00,50,75.27,48.27,42.49,2.44,1.45,1,0,128,Normal,0.0,0
2025-02-03 01:02:00,49,69.24,38.01,40.42,1.55,2.4,1,0,479,Normal,0.0,0
2025-02-03 07:45:00,1,67.21,58.68,40.05,1.87,2.54,1,0,156,Normal,0.0,0
2025-02-15 06:33:00,31,75.58,58.22,71.7,3.08,3.57,1,0,336,Normal,0.0,0
2025-02-11 20:25:00,12,77.93,90.92,62.25,1.52,4.08,0,1,20,Normal,1.0,1
2025-02-28 22:56:00,15,59.97,38.48,32.76,4.7,1.3,1,0,455,Normal,0.0,0
2025-01-09 21:10:00,7,76.47,55.6,56.21,4.23,2.41,1,0,353,Normal,0.0,0
2025-03-07 23:11:00,19,70.67,33.08,58.74,1.76,1.79,1,0,436,Normal,0.0,0
2025-02-13 22:23:00,48,63.9,51.99,77.92,1.42,3.01,1,0,130,Normal,0.0,0
2025-02-14 10:16:00,43,84.04,49.82,31.05,3.78,1.86,2,0,209,Overheating,0.0,1
2025-02-28 04:07:00,48,88.68,74.34,76.62,4.03,1.98,1,0,187,Normal,0.0,0
2025-03-09 00:06:00,6,91.52,57.32,36.12,3.3,4.0,1,1,1,Normal,1.0,1
2025-01-27 21:19:00,45,79.69,35.63,66.4,3.97,0.57,2,0,462,Overheating,0.0,1
2025-01-11 11:31:00,47,70.12,28.52,79.78,1.23,3.43,1,0,297,Normal,0.0,0
2025-03-10 09:13:00,25,56.73,60.99,70.43,2.08,4.03,1,0,180,Normal,0.0,0
2025-02-15 01:31:00,13,79.74,53.45,64.15,1.39,1.22,1,0,429,Normal,0.0,0
2025-02-04 15:05:00,37,77.77,37.05,62.33,2.25,2.5,0,0,313,Normal,0.0,0
2025-02-27 11:49:00,27,74.15,39.39,40.04,1.28,4.49,1,0,139,Normal,0.0,0
2025-01-19 07:51:00,18,75.44,66.26,73.47,1.41,3.08,1,0,467,Normal,0.0,0
2025-02-08 11:55:00,26,66.65,71.72,48.71,4.38,4.85,1,0,323,Normal,0.0,0
2025-02-27 20:40:00,31,78.14,36.96,49.79,1.38,1.61,1,0,27,Normal,0.0,0
2025-03-01 09:27:00,15,69.83,73.38,61.21,1.46,3.47,1,0,219,Normal,0.0,0
2025-02-12 02:03:00,28,73.12,46.05,57.25,1.02,0.86,1,0,78,Normal,0.0,0
2025-02-26 18:49:00,12,59.77,55.56,78.36,3.43,4.44,1,0,330,Normal,0.0,0
2025-01-20 13:10:00,20,67.45,13.65,68.97,3.61,0.54,1,0,244,Normal,0.0,0
2025-02-25 17:58:00,18,61.67,39.58,69.3,3.57,2.39,2,0,101,Electrical Fault,0.0,1
2025-02-25 20:40:00,19,79.39,38.94,51.57,4.12,3.71,1,0,262,Normal,0.0,0
2025-03-10 13:45:00,46,81.5,55.82,75.36,4.88,2.7,1,0,378,Normal,0.0,0
2025-02-19 01:35:00,6,72.68,51.18,63.17,1.83,2.87,0,0,487,Normal,0.0,0
2025-01-12 18:17:00,12,79.67,43.57,30.87,2.9,0.93,2,0,452,Pressure Drop,0.0,1
2025-02-02 04:51:00,34,63.39,52.03,49.94,2.23,2.23,1,0,452,Normal,0.0,0
2025-01-31 15:19:00,14,60.22,59.52,39.8,2.33,0.73,1,0,296,Normal,0.0,0
2025-02-01 07:29:00,45,62.46,55.36,41.38,2.76,4.02,0,0,492,Normal,0.0,0
2025-01-24 04:52:00,41,83.87,68.98,51.94,2.38,1.85,1,0,473,Normal,0.0,0
2025-01-24 00:12:00,46,69.35,58.21,54.64,4.38,2.1,2,0,497,Normal,0.0,1
2025-02-07 09:10:00,36,81.58,62.93,78.79,1.78,4.17,2,0,168,Normal,0.0,1
2025-02-07 18:18:00,1,56.36,50.25,73.82,4.26,4.49,1,0,133,Normal,0.0,0
2025-03-03 03:42:00,23,77.38,41.06,70.04,2.17,1.85,1,0,260,Normal,0.0,0
2025-03-09 06:34:00,41,61.35,26.22,79.33,4.67,2.37,1,0,30,Normal,0.0,0
2025-03-07 16:23:00,36,78.18,22.75,64.01,4.03,0.59,1,0,229,Normal,0.0,0
2025-01-13 03:26:00,40,57.59,52.41,46.22,1.19,1.65,1,0,274,Normal,0.0,0
2025-01-30 18:41:00,20,71.76,56.53,40.57,1.71,3.93,1,0,168,Normal,0.0,0
2025-03-06 18:36:00,30,99.19,57.57,59.93,4.7,2.69,1,1,8,Normal,1.0,1
2025-02-22 15:18:00,45,92.77,47.81,64.42,1.73,0.84,1,1,34,Normal,1.0,1
2025-01-15 05:50:00,24,88.77,75.73,65.42,2.45,1.24,1,0,43,Normal,0.0,0
2025-02-04 08:38:00,35,60.95,47.33,76.77,3.78,3.28,1,0,433,Normal,0.0,0
2025-01-12 18:28:00,14,54.18,72.06,66.94,4.47,1.43,1,0,403,Normal,0.0,0
2025-02-18 05:18:00,48,81.63,51.22,68.23,3.09,1.99,0,0,341,Normal,0.0,0
2025-02-06 10:43:00,20,80.44,58.32,61.84,2.16,1.26,1,0,94,Normal,0.0,0
2025-01-15 10:45:00,32,61.33,52.43,33.8,2.69,3.29,1,0,23,Normal,0.0,0
2025-01-30 10:49:00,11,86.88,63.05,45.33,1.34,1.68,1,0,490,Normal,0.0,0
2025-02-08 18:36:00,45,91.18,67.31,31.75,4.85,2.54,1,1,48,Normal,1.0,1
2025-01-01 21:57:00,4,73.54,32.24,49.83,4.95,4.43,1,0,365,Normal,0.0,0
2025-01-31 14:29:00,25,66.93,62.17,49.38,2.83,3.6,0,0,317,Normal,0.0,0
2025-02-19 11:41:00,17,59.68,36.94,64.78,2.94,4.08,1,0,444,Normal,0.0,0
2025-02-09 20:50:00,11,71.89,43.14,43.96,4.0,2.2,0,0,43,Normal,0.0,0
2025-03-04 01:39:00,13,88.59,53.62,62.2,1.85,2.56,2,0,55,Normal,0.0,1
2025-01-15 20:09:00,9,67.21,73.93,33.83,3.6,2.25,1,0,283,Normal,0.0,0
2025-02-25 05:50:00,30,64.29,76.12,31.6,4.84,4.97,1,0,41,Normal,0.0,0
2025-01-27 02:49:00,42,75.89,49.97,55.25,3.27,1.91,1,0,68,Normal,0.0,0
2025-03-03 05:18:00,24,68.81,54.01,60.93,3.17,4.37,1,0,205,Normal,0.0,0
2025-01-23 06:56:00,19,82.2,61.3,61.52,2.85,0.56,1,0,255,Normal,0.0,0
2025-02-05 10:00:00,33,63.48,48.24,69.55,1.15,3.2,1,0,493,Normal,0.0,0
2025-01-05 05:45:00,41,80.68,33.82,36.44,3.82,3.92,0,0,120,Normal,0.0,0
2025-01-01 14:09:00,34,76.12,63.09,53.81,4.04,4.27,0,0,348,Normal,0.0,0
2025-01-05 05:11:00,48,94.9,47.42,48.35,1.29,2.22,1,1,27,Normal,1.0,1
2025-01-16 23:28:00,16,86.76,52.52,48.07,3.34,3.51,1,0,176,Normal,0.0,0
2025-01-07 10:21:00,22,78.29,61.11,49.31,1.84,4.93,1,0,31,Normal,0.0,0
2025-03-09 00:46:00,2,82.26,73.88,31.38,4.23,3.42,1,0,453,Normal,0.0,0
2025-01-07 14:02:00,45,78.22,48.36,66.87,1.81,1.66,1,0,21,Normal,0.0,0
2025-01-11 15:49:00,21,75.43,52.92,36.96,3.56,1.1,1,0,272,Normal,0.0,0
2025-01-21 17:21:00,12,72.95,60.3,43.51,4.02,4.76,1,0,87,Normal,0.0,0
2025-02-13 11:48:00,47,79.83,75.84,45.83,3.93,1.68,1,0,109,Normal,0.0,0
2025-02-12 17:04:00,27,68.54,38.26,39.18,2.75,1.99,1,0,338,Normal,0.0,0
2025-01-31 04:58:00,31,70.92,60.0,39.48,3.42,2.35,1,0,138,Normal,0.0,0
2025-03-03 08:17:00,14,73.8,52.94,41.74,2.3,2.68,1,0,315,Normal,0.0,0
2025-03-05 09:33:00,6,70.57,23.15,35.99,3.24,3.92,1,0,429,Normal,0.0,0
2025-02-25 10:04:00,29,74.08,45.33,32.51,2.31,3.07,1,0,53,Normal,0.0,0
2025-01-28 06:15:00,2,76.44,54.95,57.98,1.89,3.3,1,0,62,Normal,0.0,0
2025-02-22 05:00:00,50,78.5,43.85,62.77,2.04,1.0,0,0,52,Normal,0.0,0
2025-02-27 16:45:00,3,63.51,35.82,62.83,4.63,3.5,1,0,475,Normal,0.0,0
2025-02-02 09:36:00,4,55.96,34.26,33.24,4.93,1.91,1,0,418,Normal,0.0,0
2025-02-25 00:52:00,28,72.37,10.98,77.07,1.06,0.86,2,0,85,Vibration Issue,0.0,1
2025-03-03 20:32:00,41,72.35,63.48,37.05,2.57,1.93,1,0,454,Normal,0.0,0
2025-02-02 10:00:00,47,76.92,38.1,46.52,4.3,2.31,0,0,23,Normal,0.0,0
2025-02-25 20:42:00,18,99.39,46.04,41.51,1.55,3.58,1,1,40,Normal,1.0,1
2025-02-13 08:07:00,45,74.2,52.36,32.05,4.01,2.81,1,0,443,Normal,0.0,0
2025-02-14 05:26:00,40,85.62,17.64,64.02,4.81,4.17,1,0,367,Normal,0.0,0
2025-01-19 11:22:00,32,84.47,62.07,39.25,1.2,0.86,1,0,405,Normal,0.0,0
2025-02-26 03:28:00,19,68.19,33.72,30.81,1.32,1.52,1,0,304,Normal,0.0,0
2025-01-11 19:23:00,29,68.01,26.86,68.5,2.85,0.53,2,0,136,Electrical Fault,0.0,1
2025-03-05 05:35:00,42,79.52,58.6,61.87,4.29,0.9,2,0,471,Pressure Drop,0.0,1
2025-01-13 15:06:00,17,69.78,41.15,47.79,3.1,1.23,1,0,444,Normal,0.0,0
2025-03-03 08:19:00,34,72.88,75.03,64.15,2.47,3.9,1,0,497,Normal,0.0,0
2025-02-03 13:07:00,44,77.61,81.47,48.19,4.09,2.79,1,1,16,Normal,1.0,1
2025-03-04 15:51:00,18,81.13,56.5,57.89,4.57,2.34,1,0,347,Normal,0.0,0
2025-01-24 12:21:00,9,76.42,57.3,52.22,1.6,1.79,0,0,128,Normal,0.0,0
2025-02-14 17:14:00,31,75.96,36.65,41.7,3.55,0.72,1,0,360,Normal,0.0,0
2025-02-12 14:23:00,6,63.25,37.27,61.76,1.55,4.15,0,0,321,Normal,0.0,0
2025-02-22 06:46:00,36,62.55,25.8,46.21,3.38,4.37,1,0,493,Normal,0.0,0
2025-01-01 10:48:00,7,83.33,32.9,62.48,2.58,0.69,1,0,65,Normal,0.0,0
2025-01-10 09:18:00,26,84.38,81.31,46.32,1.91,1.09,1,1,29,Normal,1.0,1
2025-01-11 19:13:00,47,62.73,54.7,78.48,3.72,2.38,1,0,450,Normal,0.0,0
2025-02-28 10:23:00,6,72.21,33.34,64.86,2.81,4.08,1,0,217,Normal,0.0,0
2025-01-26 05:43:00,39,77.3,56.02,62.68,1.57,2.35,0,0,239,Normal,0.0,0
2025-02-02 23:05:00,42,75.71,52.64,54.04,4.58,1.62,1,0,377,Normal,0.0,0
2025-01-04 12:17:00,49,80.38,53.48,36.26,2.1,1.62,0,0,116,Normal,0.0,0
2025-01-31 18:22:00,11,85.44,35.5,79.86,1.88,2.69,1,0,43,Normal,0.0,0
2025-01-07 23:04:00,50,81.08,65.26,42.46,2.92,1.77,1,0,288,Normal,0.0,0
2025-01-29 18:38:00,25,76.84,45.35,35.42,1.77,1.94,1,0,204,Normal,0.0,0
2025-03-07 07:11:00,11,75.82,39.61,57.85,4.2,2.81,2,0,148,Pressure Drop,0.0,1
2025-02-21 03:54:00,42,72.17,45.26,63.56,2.78,1.72,0,0,172,Normal,0.0,0
2025-01-09 22:43:00,42,70.81,51.18,44.77,2.57,4.39,1,0,168,Normal,0.0,0
2025-02-25 00:08:00,25,76.49,52.04,73.15,1.81,1.55,1,0,459,Normal,0.0,0
2025-02-28 02:08:00,14,64.64,56.4,43.3,4.15,4.15,1,0,288,Normal,0.0,0
2025-03-08 03:44:00,16,59.7,45.93,52.0,4.76,2.38,1,0,236,Normal,0.0,0
2025-02-16 10:43:00,10,52.58,47.27,52.6,1.84,0.81,0,0,191,Normal,0.0,0
2025-02-23 05:03:00,20,72.67,49.59,40.07,3.15,1.0,1,0,179,Normal,0.0,0
2025-03-08 10:57:00,47,74.74,44.4,68.39,2.63,2.27,1,0,246,Normal,0.0,0
2025-03-10 20:50:00,9,82.91,65.46,47.72,2.5,4.83,1,0,431,Normal,0.0,0
2025-01-03 07:16:00,25,62.24,56.35,69.05,2.9,4.78,1,0,272,Normal,0.0,0
2025-02-11 19:27:00,45,73.16,70.0,52.98,3.8,2.29,2,0,267,Overheating,0.0,1
2025-02-08 18:51:00,34,75.3,60.39,32.93,2.41,1.66,1,0,352,Normal,0.0,0
2025-02-03 12:22:00,7,84.53,53.97,66.97,2.86,1.54,1,0,457,Normal,0.0,0
2025-02-03 23:27:00,30,66.38,74.33,72.23,1.24,3.48,1,0,359,Normal,0.0,0
2025-01-25 13:45:00,25,76.58,67.84,46.84,3.04,3.23,1,0,492,Normal,0.0,0
2025-02-15 21:08:00,25,94.37,53.58,59.97,3.5,4.01,2,1,35,Vibration Issue,1.0,1
2025-02-02 07:38:00,9,74.64,25.88,45.67,1.46,0.52,1,0,283,Normal,0.0,0
2025-02-05 07:22:00,1,81.67,73.99,43.31,4.43,2.96,1,0,80,Normal,0.0,0
2025-01-02 04:40:00,11,74.98,51.03,64.61,1.21,3.15,1,0,200,Normal,0.0,0
2025-01-08 02:18:00,17,63.23,4.28,35.16,2.69,0.61,1,0,424,Normal,0.0,0
2025-01-07 00:57:00,2,58.98,54.95,53.36,1.33,3.9,1,0,249,Normal,0.0,0
2025-01-01 13:09:00,1,71.05,65.95,79.48,4.06,2.72,1,0,236,Normal,0.0,0
2025-03-08 21:37:00,46,81.17,62.51,67.97,3.73,3.32,2,0,389,Overheating,0.0,1
2025-01-10 08:53:00,43,79.07,27.13,70.41,1.43,4.89,1,0,393,Normal,0.0,0
2025-02-28 08:11:00,9,69.65,74.14,70.75,2.04,3.84,1,0,82,Normal,0.0,0
2025-01-02 17:17:00,42,88.03,55.57,60.83,1.05,0.97,2,0,461,Pressure Drop,0.0,1
2025-02-11 00:56:00,45,81.45,45.01,44.54,3.2,1.43,1,0,131,Normal,0.0,0
2025-01-09 03:14:00,42,57.4,51.0,76.43,4.08,3.09,1,0,149,Normal,0.0,0
2025-01-21 01:59:00,27,73.23,43.58,45.06,2.83,3.13,0,0,295,Normal,0.0,0
2025-02-03 08:55:00,19,67.95,72.86,74.65,4.56,1.56,1,0,449,Normal,0.0,0
2025-02-11 13:16:00,25,79.55,28.62,68.14,1.2,4.83,1,0,234,Normal,0.0,0
2025-02-18 15:41:00,24,69.92,64.35,64.6,4.47,0.51,1,0,33,Normal,0.0,0
2025-01-30 13:22:00,9,54.3,37.99,62.98,4.5,4.91,1,0,34,Normal,0.0,0
2025-01-24 16:55:00,4,66.89,35.66,43.36,4.83,1.12,1,0,161,Normal,0.0,0
2025-02-12 12:28:00,2,93.2,50.49,35.51,1.96,0.67,1,1,15,Normal,1.0,1
2025-02-22 18:54:00,27,91.87,50.0,73.58,4.51,2.66,0,1,1,Normal,1.0,1
2025-02-03 23:12:00,6,89.22,74.07,79.42,2.35,1.95,0,0,245,Normal,0.0,0
2025-03-05 21:00:00,25,101.93,23.33,73.73,2.76,1.73,2,1,11,Vibration Issue,1.0,1
2025-03-08 03:13:00,28,71.12,70.13,72.02,1.51,4.99,1,0,401,Normal,0.0,0
2025-01-16 01:41:00,49,82.38,48.9,65.22,1.58,4.5,1,0,82,Normal,0.0,0
2025-03-03 18:55:00,9,73.04,41.26,72.81,2.15,0.94,1,0,447,Normal,0.0,0
2025-03-10 20:08:00,37,61.76,61.31,66.6,4.4,3.14,1,0,151,Normal,0.0,0
2025-03-06 07:33:00,46,73.93,71.34,72.15,4.12,1.9,1,0,47,Normal,0.0,0
2025-02-13 10:11:00,8,74.15,28.02,49.33,4.54,2.57,2,0,312,Vibration Issue,0.0,1
2025-02-14 13:00:00,30,83.85,49.18,40.74,1.7,4.81,1,0,448,Normal,0.0,0
2025-01-26 12:35:00,8,75.94,50.41,53.21,1.9,2.02,0,0,204,Normal,0.0,0
2025-01-07 04:11:00,39,70.3,60.3,52.86,3.02,1.51,1,0,123,Normal,0.0,0
2025-01-15 04:05:00,32,77.32,65.35,72.91,4.69,2.8,1,0,215,Normal,0.0,0
2025-01-24 19:43:00,6,84.68,38.6,50.73,2.85,2.49,2,0,430,Pressure Drop,0.0,1
2025-02-11 16:47:00,17,67.37,69.7,52.59,1.49,2.07,1,0,97,Normal,0.0,0
2025-02-07 00:11:00,17,66.73,62.87,43.11,1.43,3.03,1,0,234,Normal,0.0,0
2025-01-07 22:58:00,11,87.12,32.91,77.48,3.04,4.7,1,0,395,Normal,0.0,0
2025-02-13 23:06:00,41,40.09,76.0,69.99,4.14,3.82,1,0,121,Normal,0.0,0
2025-02-23 00:56:00,37,64.5,57.62,41.33,4.02,0.96,1,0,409,Normal,0.0,0
2025-02-10 15:57:00,22,66.05,56.14,79.84,2.08,4.36,1,0,230,Normal,0.0,0
2025-01-09 06:23:00,13,69.09,44.32,42.85,3.97,4.92,1,0,449,Normal,0.0,0
2025-02-06 16:07:00,39,80.56,9.03,58.65,3.26,3.79,0,0,109,Normal,0.0,0
2025-02-06 21:07:00,12,76.76,42.39,70.92,2.22,2.87,1,0,298,Normal,0.0,0
2025-02-10 01:31:00,49,84.62,58.5,58.56,4.44,2.86,1,0,72,Normal,0.0,0
2025-01-28 02:57:00,49,77.77,46.91,64.34,1.77,2.68,1,0,290,Normal,0.0,0
2025-02-27 11:42:00,45,81.81,36.49,78.53,1.63,2.67,1,0,174,Normal,0.0,0
2025-01-25 01:02:00,33,81.64,30.1,66.86,1.5,4.73,1,0,154,Normal,0.0,0
2025-01-30 12:56:00,22,81.87,72.1,34.79,3.9,2.02,0,0,236,Normal,0.0,0
2025-02-06 06:34:00,42,66.1,52.99,52.43,1.31,4.27,1,0,320,Normal,0.0,0
2025-03-10 21:54:00,46,71.17,69.28,75.02,1.59,4.38,1,0,59,Normal,0.0,0
2025-01-30 08:18:00,37,77.8,52.1,78.29,4.74,1.41,0,0,199,Normal,0.0,0
2025-02-06 00:03:00,1,67.06,39.92,65.31,3.52,2.58,1,0,90,Normal,0.0,0
2025-03-03 04:31:00,23,83.33,64.39,67.62,1.4,4.41,1,0,406,Normal,0.0,0
2025-02-14 06:53:00,29,91.27,54.37,58.16,3.93,4.51,1,1,35,Normal,1.0,1
2025-01-09 09:42:00,43,67.38,64.6,38.04,4.4,2.63,1,0,339,Normal,0.0,0
2025-01-21 08:27:00,24,81.99,49.49,53.87,2.27,2.4,1,0,126,Normal,0.0,0
2025-01-31 23:35:00,47,86.47,54.81,36.15,4.26,2.42,1,0,360,Normal,0.0,0
2025-01-02 06:27:00,22,77.19,45.31,60.21,3.74,4.06,1,0,127,Normal,0.0,0
2025-02-08 16:39:00,6,78.95,22.62,32.06,1.07,1.15,1,0,182,Normal,0.0,0
2025-02-28 23:41:00,40,68.43,50.01,59.67,2.97,3.75,1,0,80,Normal,0.0,0
2025-01-16 03:12:00,33,76.95,43.35,78.16,3.72,3.52,1,0,207,Normal,0.0,0
2025-02-25 06:35:00,14,70.74,61.09,35.68,4.21,4.08,2,0,296,Electrical Fault,0.0,1
2025-02-15 14:16:00,5,68.46,66.55,72.0,3.43,4.76,1,0,451,Normal,0.0,0
2025-01-05 00:04:00,24,63.42,60.66,34.29,1.42,4.74,1,0,444,Normal,0.0,0
2025-01-23 01:44:00,40,81.12,18.37,38.32,3.25,4.95,1,0,371,Normal,0.0,0
2025-03-08 08:16:00,49,78.39,30.89,35.98,2.02,4.21,1,0,344,Normal,0.0,0
2025-01-06 21:22:00,17,90.21,49.86,32.5,1.37,2.09,1,1,16,Normal,1.0,1
2025-02-16 05:18:00,38,94.61,48.28,32.93,4.56,1.78,2,1,18,Pressure Drop,1.0,1
2025-02-04 02:56:00,7,72.25,35.9,31.28,4.38,4.05,1,0,266,Normal,0.0,0
2025-01-07 20:08:00,39,85.1,48.37,39.78,3.25,2.28,1,0,331,Normal,0.0,0
2025-01-13 18:40:00,29,59.64,17.21,50.34,1.1,4.4,1,0,475,Normal,0.0,0
2025-02-08 21:54:00,26,91.92,51.25,46.06,4.58,4.36,1,1,5,Normal,1.0,1
2025-01-20 01:54:00,25,82.5,64.4,31.36,4.68,1.99,1,0,174,Normal,0.0,0
2025-01-28 17:36:00,22,57.45,50.64,73.47,1.94,3.35,2,0,18,Vibration Issue,0.0,1
2025-01-04 04:34:00,6,76.23,73.12,38.12,1.12,3.02,1,0,372,Normal,0.0,0
2025-01-12 21:59:00,21,84.96,67.38,77.63,3.39,0.8,1,0,328,Normal,0.0,0
2025-02-05 15:19:00,6,78.18,67.93,33.7,4.46,2.74,1,0,188,Normal,0.0,0
2025-01-10 14:35:00,23,67.37,46.11,36.47,2.34,1.18,1,0,379,Normal,0.0,0
2025-03-04 12:18:00,48,73.4,49.47,76.7,4.24,2.36,0,0,273,Normal,0.0,0
2025-02-14 11:33:00,9,64.93,84.87,55.98,2.17,4.36,1,1,4,Normal,1.0,1
2025-02-22 13:48:00,16,87.95,25.36,60.82,3.33,2.69,1,0,449,Normal,0.0,0
2025-02-20 17:57:00,17,91.46,71.63,54.32,4.46,1.65,1,1,39,Normal,1.0,1
2025-02-18 01:03:00,24,72.94,41.96,59.62,2.72,2.13,1,0,12,Normal,0.0,1
2025-02-07 13:09:00,18,71.22,52.81,34.2,3.24,2.68,1,0,244,Normal,0.0,0
2025-01-05 09:50:00,20,65.33,37.21,79.11,4.3,0.85,1,0,361,Normal,0.0,0
2025-03-03 01:21:00,9,78.1,46.94,41.67,4.16,2.51,1,0,396,Normal,0.0,0
2025-01-09 09:55:00,48,76.43,35.69,40.86,4.7,1.33,1,0,215,Normal,0.0,0
2025-02-04 10:03:00,27,71.98,52.45,37.74,1.14,3.76,1,0,92,Normal,0.0,0
2025-02-26 04:39:00,18,78.38,31.66,46.39,3.65,3.9,1,0,209,Normal,0.0,0
2025-01-23 20:27:00,45,79.15,49.82,63.88,2.98,1.41,1,0,472,Normal,0.0,0
2025-03-09 20:28:00,41,65.5,46.43,66.17,1.69,3.57,1,0,101,Normal,0.0,0
2025-01-12 05:45:00,44,88.12,24.49,49.99,4.23,2.55,1,0,32,Normal,0.0,0
2025-02-09 04:53:00,16,60.85,79.36,54.92,2.16,4.32,0,0,166,Normal,0.0,0
2025-01-18 00:08:00,48,69.02,54.99,45.23,2.25,2.55,1,0,420,Normal,0.0,0
2025-01-08 07:27:00,48,61.11,61.08,71.74,3.93,3.09,2,0,71,Pressure Drop,0.0,1
2025-03-08 23:53:00,37,74.06,47.23,75.99,2.7,2.23,1,0,92,Normal,0.0,0
2025-01-17 10:11:00,30,78.91,25.84,54.22,1.15,3.56,1,0,73,Normal,0.0,0
2025-01-07 08:29:00,6,78.63,50.05,58.54,1.45,3.65,1,0,43,Normal,0.0,0
2025-01-04 10:59:00,5,80.99,32.18,58.44,1.94,2.08,2,0,14,Pressure Drop,0.0,1
2025-02-02 10:57:00,8,66.62,30.07,39.67,4.26,3.5,1,0,39,Normal,0.0,0
2025-02-03 10:18:00,27,82.02,38.97,62.01,2.99,3.28,1,0,476,Normal,0.0,0
2025-03-04 20:28:00,2,72.1,34.2,77.21,2.01,3.45,0,0,186,Normal,0.0,0
2025-02-14 03:53:00,41,71.89,61.18,58.09,2.31,1.97,1,0,161,Normal,0.0,0
2025-02-15 00:55:00,32,79.3,75.37,58.24,2.02,0.54,1,0,145,Normal,0.0,0
2025-01-08 16:01:00,15,71.41,52.08,72.87,4.92,1.7,0,0,447,Normal,0.0,0
2025-02-04 08:10:00,45,80.26,53.07,35.47,3.71,1.19,1,0,442,Normal,0.0,0
2025-03-07 06:54:00,6,70.39,73.64,56.45,2.83,1.12,1,0,172,Normal,0.0,0
2025-02-06 02:16:00,41,85.11,34.65,31.41,2.05,3.88,1,0,179,Normal,0.0,0
2025-01-06 14:08:00,43,68.94,38.09,66.44,1.54,4.32,1,0,328,Normal,0.0,0
2025-01-21 12:40:00,43,63.01,64.47,49.69,4.94,3.53,1,0,325,Normal,0.0,0
2025-02-08 12:03:00,5,61.08,52.54,74.57,2.07,2.89,0,0,183,Normal,0.0,0
2025-03-09 01:50:00,22,59.92,87.51,74.64,3.14,1.37,0,1,9,Normal,1.0,1
2025-03-09 18:13:00,22,61.37,57.25,75.54,2.46,2.5,1,0,86,Normal,0.0,0
2025-03-05 02:09:00,29,67.68,31.11,60.35,3.14,3.73,1,0,203,Normal,0.0,0
2025-03-10 02:17:00,33,74.84,42.49,48.0,4.33,4.65,1,0,457,Normal,0.0,0
2025-02-19 05:19:00,8,82.83,69.05,57.98,1.63,3.0,1,0,278,Normal,0.0,0
2025-02-02 02:31:00,39,78.83,55.22,60.71,2.41,0.92,1,0,301,Normal,0.0,0
2025-01-20 12:20:00,12,89.81,33.85,74.79,1.48,3.87,1,0,257,Normal,0.0,0
2025-03-11 01:12:00,26,83.07,27.35,63.83,1.86,4.94,1,0,27,Normal,0.0,0
2025-03-01 19:17:00,1,78.78,42.57,54.34,1.3,2.8,1,0,268,Normal,0.0,0
2025-01-16 04:23:00,5,67.03,69.66,44.62,3.25,2.35,2,0,297,Vibration Issue,0.0,1
2025-02-26 09:33:00,9,65.58,68.11,66.59,3.06,2.97,1,0,260,Normal,0.0,0
2025-01-03 20:25:00,12,85.5,81.4,68.96,4.31,2.58,1,1,32,Normal,1.0,1
2025-01-01 23:07:00,12,80.44,44.01,74.21,2.12,3.74,0,0,363,Normal,0.0,0
2025-01-10 09:42:00,40,67.3,6.0,49.69,1.31,0.82,1,0,404,Normal,0.0,0
2025-02-19 06:01:00,41,58.79,59.43,36.27,4.63,4.34,1,0,71,Normal,0.0,0
2025-03-09 05:22:00,47,69.45,38.11,69.15,4.01,2.57,1,0,335,Normal,0.0,0
2025-03-07 13:29:00,16,67.5,63.41,30.65,4.21,0.66,0,0,204,Normal,0.0,0
2025-03-10 07:24:00,11,54.49,48.57,37.32,1.78,0.86,1,0,134,Normal,0.0,0
2025-02-10 05:29:00,27,75.71,42.77,48.29,1.73,4.89,1,0,330,Normal,0.0,0
2025-01-21 12:20:00,9,68.44,70.09,49.23,3.66,1.09,0,0,95,Normal,0.0,0
2025-01-28 08:13:00,41,68.75,55.84,38.6,4.22,1.63,1,0,492,Normal,0.0,0
2025-02-12 21:55:00,12,69.37,48.45,63.36,2.72,3.76,1,0,144,Normal,0.0,0
2025-01-31 10:38:00,44,90.02,63.53,62.69,3.79,4.59,1,1,35,Normal,1.0,1
2025-01-23 23:13:00,48,80.29,47.75,52.22,1.13,1.44,1,0,377,Normal,0.0,0
2025-02-02 02:13:00,5,54.36,61.32,66.79,1.74,3.97,1,0,283,Normal,0.0,0
2025-02-15 20:11:00,14,78.89,46.41,46.81,2.68,2.04,1,0,428,Normal,0.0,0
2025-01-07 01:32:00,7,91.05,63.17,73.25,3.95,1.77,1,1,42,Normal,1.0,1
2025-03-01 20:34:00,48,78.11,52.89,41.47,2.66,1.41,1,0,306,Normal,0.0,0
2025-01-22 20:32:00,35,65.47,68.14,74.13,3.27,2.05,1,0,410,Normal,0.0,0
2025-02-02 17:56:00,39,79.95,33.0,53.23,2.84,2.0,1,0,80,Normal,0.0,0
2025-02-25 04:24:00,38,70.81,64.42,73.72,2.4,4.33,0,0,21,Normal,0.0,0
2025-01-09 15:30:00,8,76.08,45.17,41.68,2.91,1.55,1,0,75,Normal,0.0,0
2025-02-16 05:08:00,43,91.04,38.96,64.68,2.95,0.72,2,1,5,Normal,1.0,1
2025-01-06 10:30:00,29,74.95,38.57,76.57,4.63,2.98,1,0,183,Normal,0.0,0
2025-03-09 23:22:00,26,75.26,73.05,69.69,3.46,2.18,1,0,226,Normal,0.0,0
2025-02-28 14:38:00,5,71.59,44.59,34.15,1.5,3.22,1,0,191,Normal,0.0,0
2025-02-06 06:55:00,29,63.09,28.32,44.97,2.42,4.26,1,0,315,Normal,0.0,0
2025-03-05 11:00:00,38,78.51,-11.44,72.37,3.55,0.83,1,0,401,Normal,0.0,0
2025-01-04 09:03:00,33,65.46,63.55,33.73,3.78,1.58,2,0,89,Vibration Issue,0.0,1
2025-03-05 14:13:00,15,81.04,63.51,52.89,4.33,2.97,1,0,287,Normal,0.0,0
2025-02-02 02:45:00,42,66.66,50.22,47.5,3.91,0.71,2,0,403,Pressure Drop,0.0,1
2025-02-15 06:06:00,23,70.03,51.34,30.99,3.3,1.97,1,0,11,Normal,0.0,1
2025-02-04 06:28:00,45,67.69,65.55,59.3,3.23,2.68,1,0,231,Normal,0.0,0
2025-02-16 03:28:00,44,71.29,41.71,48.93,1.29,2.46,1,0,274,Normal,0.0,0
2025-02-24 22:47:00,44,72.07,39.86,34.31,4.34,2.48,1,0,419,Normal,0.0,0
2025-02-02 06:28:00,13,58.17,34.8,72.91,1.29,3.5,0,0,190,Normal,0.0,0
2025-01-16 17:51:00,7,81.41,44.64,43.56,4.45,2.67,0,0,60,Normal,0.0,0
2025-01-10 23:41:00,21,72.96,60.07,35.87,2.04,2.63,1,0,137,Normal,0.0,0
2025-01-22 19:31:00,37,64.25,38.74,74.17,4.37,1.05,1,0,227,Normal,0.0,0
2025-01-19 15:26:00,17,62.28,35.89,45.33,1.86,1.24,1,0,274,Normal,0.0,0
2025-02-09 04:27:00,22,80.25,75.93,51.02,3.55,3.81,1,0,292,Normal,0.0,0
2025-01-05 21:19:00,48,60.53,25.92,73.68,3.28,4.24,1,0,414,Normal,0.0,0
2025-02-27 02:17:00,44,54.27,49.65,56.5,1.02,3.44,1,0,113,Normal,0.0,0
2025-02-11 09:59:00,20,57.46,52.55,56.75,4.58,2.3,1,0,42,Normal,0.0,0
2025-02-03 11:44:00,31,80.72,60.11,53.54,4.53,0.9,0,0,354,Normal,0.0,0
2025-02-06 14:42:00,25,91.71,41.54,34.48,1.3,0.51,1,1,5,Normal,1.0,1
2025-02-25 02:44:00,49,94.53,47.62,30.76,2.97,2.73,1,1,19,Normal,1.0,1
2025-03-04 01:55:00,40,92.48,54.56,39.55,2.37,3.87,1,1,11,Normal,1.0,1
2025-01-13 17:04:00,50,53.32,27.0,50.17,4.6,3.79,1,0,490,Normal,0.0,0
2025-02-02 07:47:00,41,68.73,44.49,32.03,4.68,2.0,2,0,51,Vibration Issue,0.0,1
2025-01-10 19:36:00,47,90.84,63.77,59.28,1.33,3.93,2,1,5,Overheating,1.0,1
2025-02-13 02:41:00,48,62.53,66.2,45.57,1.21,4.19,1,0,292,Normal,0.0,0
2025-01-18 14:19:00,9,53.96,46.16,49.41,4.13,4.82,1,0,145,Normal,0.0,0
2025-02-06 07:12:00,22,99.66,54.38,74.84,1.97,3.16,1,1,4,Normal,1.0,1
2025-02-28 10:44:00,36,55.19,76.29,47.65,1.9,3.94,2,0,303,Normal,0.0,1
2025-01-30 16:02:00,46,73.83,46.39,49.94,3.75,2.46,2,0,325,Vibration Issue,0.0,1
2025-02-15 04:21:00,25,87.58,81.55,50.53,4.42,4.86,1,1,49,Normal,1.0,1
2025-01-23 10:44:00,48,79.25,23.08,52.93,2.86,3.91,1,0,302,Normal,0.0,0
2025-02-14 03:37:00,38,75.92,66.26,35.24,3.29,3.65,1,0,307,Normal,0.0,0
2025-01-21 07:43:00,3,101.52,47.17,60.91,1.8,3.25,1,1,45,Normal,1.0,1
2025-03-05 01:52:00,24,81.22,65.96,69.77,1.55,2.57,1,0,198,Normal,0.0,0
2025-01-02 09:18:00,40,63.44,51.37,48.1,2.01,2.19,1,0,132,Normal,0.0,0
2025-02-20 20:30:00,16,77.38,53.48,77.21,1.08,3.55,1,0,306,Normal,0.0,0
2025-02-07 19:10:00,15,61.22,35.26,37.13,4.04,1.83,1,0,383,Normal,0.0,0
2025-01-14 08:57:00,19,87.62,62.39,50.74,2.37,1.44,1,0,117,Normal,0.0,0
2025-02-28 10:33:00,24,75.59,62.06,60.27,4.69,0.53,1,0,114,Normal,0.0,0
2025-01-03 18:54:00,14,61.92,67.69,34.15,2.16,1.01,1,0,76,Normal,0.0,0
2025-02-05 12:36:00,29,74.98,22.97,71.31,4.83,2.27,1,0,241,Normal,0.0,0
2025-01-30 12:15:00,48,64.46,62.37,56.96,1.39,4.09,1,0,135,Normal,0.0,0
2025-02-25 16:40:00,48,83.53,37.76,59.65,1.6,3.76,1,0,159,Normal,0.0,0
2025-02-07 13:02:00,44,76.86,31.24,34.04,3.2,2.19,1,0,57,Normal,0.0,0
2025-02-25 09:15:00,22,82.19,29.07,60.66,3.35,2.48,1,0,106,Normal,0.0,0
2025-01-06 13:58:00,11,68.89,45.44,74.87,3.14,3.13,1,0,23,Normal,0.0,0
2025-01-10 05:07:00,33,61.14,54.03,39.94,2.47,4.7,1,0,192,Normal,0.0,0
2025-01-30 19:28:00,39,72.01,63.3,32.58,4.74,2.96,1,0,402,Normal,0.0,0
2025-02-15 15:40:00,48,70.98,30.25,60.8,4.86,4.0,1,0,340,Normal,0.0,0
2025-03-01 20:33:00,11,74.53,70.04,32.35,4.68,0.94,1,0,481,Normal,0.0,0
2025-01-10 02:16:00,13,75.8,50.95,67.22,3.05,0.88,1,0,29,Normal,0.0,0
2025-03-07 18:43:00,31,82.18,57.75,79.34,4.66,2.56,1,0,489,Normal,0.0,0
2025-01-21 01:25:00,3,79.06,62.36,45.42,2.73,1.3,1,0,216,Normal,0.0,0
2025-03-02 18:30:00,47,77.7,37.88,72.4,2.57,5.0,1,0,17,Normal,0.0,1
2025-01-12 22:00:00,29,68.18,51.4,67.71,2.14,2.05,1,0,475,Normal,0.0,0
2025-02-14 07:59:00,44,69.93,37.38,73.94,2.65,0.69,1,0,291,Normal,0.0,0
2025-03-09 22:56:00,20,58.12,60.76,54.26,2.95,2.23,1,0,97,Normal,0.0,0
2025-01-30 14:07:00,33,65.58,35.17,48.94,2.92,4.85,1,0,494,Normal,0.0,0
2025-02-06 14:38:00,40,67.94,32.05,35.81,2.85,4.1,1,0,257,Normal,0.0,0
2025-01-18 10:13:00,11,72.02,35.17,79.09,2.52,4.46,1,0,393,Normal,0.0,0
2025-03-05 12:32:00,4,89.87,34.19,32.36,2.28,2.42,1,0,337,Normal,0.0,0
2025-01-01 12:05:00,16,65.42,33.59,49.42,1.29,3.76,1,0,66,Normal,0.0,0
2025-03-09 06:12:00,29,94.14,47.69,55.35,4.2,1.81,1,1,8,Normal,1.0,1
2025-02-10 12:53:00,39,76.29,57.81,42.21,1.55,3.54,1,0,44,Normal,0.0,0
2025-02-21 19:44:00,27,74.77,64.31,52.68,2.56,2.37,2,0,324,Vibration Issue,0.0,1
2025-01-01 18:19:00,8,80.65,47.48,43.37,2.7,2.66,1,0,421,Normal,0.0,0
2025-01-13 21:00:00,24,91.99,58.62,53.45,2.46,1.13,2,1,5,Pressure Drop,1.0,1
2025-01-11 07:49:00,5,75.58,55.68,79.16,1.95,2.2,1,0,397,Normal,0.0,0
2025-01-03 17:31:00,1,72.76,46.38,76.63,3.86,3.79,0,0,43,Normal,0.0,0
2025-03-03 20:43:00,4,80.2,43.28,56.14,1.42,0.85,1,0,435,Normal,0.0,0
2025-03-07 13:04:00,48,70.27,72.53,50.32,1.08,4.13,1,0,46,Normal,0.0,0
2025-03-03 02:19:00,1,66.8,41.82,78.08,2.65,2.72,0,0,345,Normal,0.0,0
2025-02-13 21:00:00,7,94.05,60.13,36.17,4.32,4.38,1,1,43,Normal,1.0,1
2025-01-17 18:37:00,2,67.92,27.16,43.4,2.19,1.03,2,0,77,Pressure Drop,0.0,1
2025-03-05 18:21:00,45,99.37,30.31,60.55,1.32,3.03,1,1,28,Normal,1.0,1
2025-01-01 20:02:00,12,89.72,59.0,41.37,2.34,1.59,1,0,279,Normal,0.0,0
2025-02-19 21:43:00,45,97.43,36.24,52.74,1.08,0.66,1,1,9,Normal,1.0,1
2025-02-21 18:38:00,39,65.45,68.31,72.82,4.43,3.53,1,0,280,Normal,0.0,0
2025-01-25 19:26:00,21,58.56,30.06,51.77,2.88,2.93,1,0,246,Normal,0.0,0
2025-02-10 06:51:00,30,86.86,46.66,71.27,3.88,2.31,1,0,33,Normal,0.0,0
2025-02-04 09:51:00,15,69.6,52.25,46.3,2.41,2.39,1,0,338,Normal,0.0,0
2025-01-24 08:27:00,28,75.13,49.32,52.61,2.14,1.54,1,0,113,Normal,0.0,0
2025-02-16 05:34:00,35,53.15,54.01,50.77,3.47,4.19,2,0,112,Vibration Issue,0.0,1
2025-03-07 11:35:00,48,76.07,26.9,39.04,4.36,3.95,1,0,273,Normal,0.0,0
2025-02-12 06:57:00,39,75.37,53.71,72.04,4.3,2.13,2,0,289,Vibration Issue,0.0,1
2025-01-22 06:06:00,41,86.51,44.11,72.17,4.2,1.95,0,0,273,Normal,0.0,0
2025-02-13 16:12:00,33,57.0,68.52,46.27,4.86,1.46,1,0,140,Normal,0.0,0
2025-01-02 13:38:00,33,70.84,43.24,66.4,3.85,3.78,1,0,189,Normal,0.0,0
2025-01-10 08:34:00,10,70.67,41.82,40.22,1.97,2.34,1,0,402,Normal,0.0,0
2025-02-13 04:49:00,12,81.64,37.85,48.24,4.44,4.98,1,0,176,Normal,0.0,0
2025-02-04 13:15:00,2,68.42,51.98,67.48,4.57,1.84,1,0,426,Normal,0.0,0
2025-01-24 11:08:00,36,46.79,36.69,40.72,4.9,3.83,1,0,231,Normal,0.0,0
2025-02-13 06:25:00,25,83.2,57.03,47.69,2.99,1.23,1,0,329,Normal,0.0,0
2025-02-23 00:04:00,31,80.82,48.85,41.66,3.4,2.76,1,0,13,Normal,0.0,1
2025-01-16 19:24:00,40,96.16,47.15,40.85,2.1,4.11,2,1,39,Vibration Issue,1.0,1
2025-02-14 07:09:00,5,69.21,50.62,63.26,3.99,3.67,1,0,186,Normal,0.0,0
2025-02-15 06:05:00,14,61.15,54.71,49.41,1.47,2.27,1,0,126,Normal,0.0,0
2025-01-19 02:19:00,16,82.16,11.56,42.38,4.31,2.71,1,0,150,Normal,0.0,0
2025-03-10 12:55:00,49,75.35,43.69,63.28,3.09,3.76,1,0,131,Normal,0.0,0
2025-02-10 22:38:00,41,58.13,27.03,37.62,4.02,1.11,1,0,24,Normal,0.0,0
2025-01-09 20:29:00,24,76.58,48.76,64.07,2.06,4.49,1,0,497,Normal,0.0,0
2025-02-21 18:59:00,9,70.05,69.98,56.31,4.39,2.74,1,0,350,Normal,0.0,0
2025-02-12 04:20:00,6,81.74,52.43,61.87,3.93,2.26,0,0,184,Normal,0.0,0
2025-01-09 07:26:00,3,71.45,51.15,70.67,4.04,0.5,1,0,357,Normal,0.0,0
2025-02-15 16:59:00,6,67.48,50.88,75.37,4.19,2.55,1,0,232,Normal,0.0,0
2025-01-13 08:39:00,43,83.55,60.14,42.21,4.55,3.23,0,0,105,Normal,0.0,0
2025-03-03 06:39:00,28,76.12,61.35,68.16,1.26,3.59,1,0,378,Normal,0.0,0
2025-02-26 15:45:00,45,64.41,63.4,70.23,2.42,1.74,1,0,403,Normal,0.0,0
2025-02-03 18:43:00,13,66.43,52.01,76.68,1.25,1.73,1,0,484,Normal,0.0,0
2025-01-04 14:49:00,26,72.94,64.25,55.05,1.22,3.2,1,0,128,Normal,0.0,0
2025-01-26 09:49:00,10,74.56,46.59,77.53,4.95,2.44,1,0,272,Normal,0.0,0
2025-01-19 23:57:00,19,71.72,83.88,72.26,3.57,0.96,1,1,23,Normal,1.0,1
2025-03-03 23:47:00,7,62.24,66.72,51.56,2.72,3.79,2,0,287,Overheating,0.0,1
2025-03-03 03:21:00,31,87.37,31.07,31.12,3.22,3.05,1,0,259,Normal,0.0,0
2025-03-02 19:49:00,5,72.48,37.58,52.94,3.11,0.58,1,0,192,Normal,0.0,0
2025-01-24 12:33:00,6,54.52,63.37,57.11,3.37,0.64,1,0,289,Normal,0.0,0
2025-01-11 17:40:00,31,74.97,37.46,78.8,3.19,4.62,0,0,86,Normal,0.0,0
2025-03-02 06:01:00,46,82.97,29.01,63.5,2.94,1.66,1,0,346,Normal,0.0,0
2025-03-04 21:44:00,24,92.01,57.49,57.69,2.19,2.12,1,1,39,Normal,1.0,1
2025-03-08 13:26:00,16,70.6,63.02,61.13,4.77,3.88,1,0,438,Normal,0.0,0
2025-01-05 10:20:00,6,67.75,76.91,50.25,1.78,4.89,0,0,74,Normal,0.0,0
2025-01-03 21:17:00,40,80.88,54.35,31.8,4.17,2.45,1,0,66,Normal,0.0,0
2025-01-14 09:28:00,35,74.32,60.95,43.96,2.6,4.42,1,0,452,Normal,0.0,0
2025-02-24 12:38:00,16,83.48,28.23,67.4,2.73,1.9,2,0,12,Electrical Fault,0.0,1
2025-01-06 02:25:00,41,58.28,59.56,33.02,4.36,1.37,0,0,460,Normal,0.0,0
2025-01-16 10:42:00,48,66.33,58.82,62.18,3.03,0.72,1,0,488,Normal,0.0,0
2025-01-29 14:24:00,41,72.01,36.14,39.02,2.12,4.58,1,0,469,Normal,0.0,0
2025-02-23 16:58:00,27,57.13,43.87,55.06,4.48,3.01,1,0,138,Normal,0.0,0
2025-01-03 23:50:00,5,54.62,55.96,47.67,4.55,2.81,1,0,425,Normal,0.0,0
2025-02-06 23:56:00,43,66.15,44.15,34.38,2.37,2.64,2,0,404,Vibration Issue,0.0,1
2025-01-26 00:34:00,24,80.17,31.37,30.2,1.69,1.68,1,0,165,Normal,0.0,0
2025-01-04 09:12:00,19,61.32,29.91,50.29,2.29,1.96,1,0,164,Normal,0.0,0
2025-01-04 06:41:00,10,70.81,52.24,73.61,2.28,1.75,2,0,189,Pressure Drop,0.0,1
2025-01-29 09:45:00,33,73.61,28.88,54.27,3.58,1.23,1,0,154,Normal,0.0,0
2025-02-14 10:00:00,13,58.04,50.2,43.48,1.23,1.86,2,0,50,Electrical Fault,0.0,1
2025-01-10 13:16:00,18,69.57,65.31,79.57,4.89,3.46,0,0,11,Normal,0.0,1
2025-03-02 22:22:00,9,89.26,42.98,61.32,2.29,3.41,1,0,377,Normal,0.0,0
2025-03-02 01:25:00,26,82.88,37.41,49.57,1.61,3.55,1,0,439,Normal,0.0,0
2025-01-12 10:21:00,26,90.85,7.8,30.0,1.84,3.58,1,1,20,Normal,0.99,1
2025-01-04 19:09:00,20,76.41,44.42,31.92,2.1,0.82,0,0,179,Normal,0.0,0
2025-01-05 22:55:00,15,88.77,66.21,34.39,2.44,0.96,1,0,376,Normal,0.0,0
2025-02-14 14:45:00,18,73.12,52.07,68.31,3.85,2.17,1,0,107,Normal,0.0,0
2025-02-15 20:46:00,43,82.07,75.54,46.82,3.67,3.57,1,0,293,Normal,0.0,0
2025-03-02 11:10:00,37,67.98,65.37,61.39,2.49,4.29,1,0,144,Normal,0.0,0
2025-01-21 18:27:00,15,80.68,44.13,35.49,1.05,3.61,1,0,472,Normal,0.0,0
2025-01-20 11:00:00,45,78.67,68.23,58.34,2.46,2.49,1,0,284,Normal,0.0,0
2025-02-18 05:22:00,9,62.58,35.93,77.94,3.09,2.39,2,0,106,Pressure Drop,0.0,1
2025-01-05 05:22:00,49,96.47,48.19,70.54,3.22,4.34,1,1,5,Normal,1.0,1
2025-02-16 00:58:00,43,79.0,41.84,60.32,4.36,2.69,1,0,338,Normal,0.0,0
2025-02-12 12:43:00,20,76.15,42.5,40.55,2.18,1.54,1,0,41,Normal,0.0,0
2025-01-18 12:29:00,26,88.66,34.63,36.67,2.73,2.23,1,0,419,Normal,0.0,0
2025-02-28 10:13:00,3,70.22,22.74,77.3,4.93,2.88,2,0,72,Pressure Drop,0.0,1
2025-02-17 01:52:00,34,76.55,59.85,40.96,3.03,2.0,1,0,448,Normal,0.0,0
2025-01-13 05:19:00,18,74.96,26.17,51.03,2.17,0.67,1,0,190,Normal,0.0,0
2025-01-06 17:29:00,42,77.81,43.21,59.74,4.14,2.59,2,0,421,Overheating,0.0,1
2025-03-03 05:47:00,7,77.61,68.25,51.38,2.12,2.13,1,0,419,Normal,0.0,0
2025-02-21 11:51:00,50,56.36,39.57,48.03,3.14,2.18,0,0,24,Normal,0.0,0
2025-02-04 15:02:00,43,56.51,51.38,77.14,4.89,1.4,1,0,411,Normal,0.0,0
2025-01-16 22:07:00,5,82.71,39.45,76.62,2.89,2.85,1,0,362,Normal,0.0,0
2025-02-01 16:30:00,7,72.65,62.87,64.87,2.18,1.63,2,0,295,Overheating,0.0,1
2025-01-15 19:32:00,23,78.82,66.04,63.21,2.51,4.05,1,0,343,Normal,0.0,0
2025-01-06 05:02:00,45,79.67,69.83,58.39,2.14,1.67,1,0,407,Normal,0.0,0
2025-02-09 17:35:00,18,73.1,51.86,68.93,1.42,1.28,1,0,336,Normal,0.0,0
2025-02-03 07:02:00,13,69.12,48.54,56.35,4.52,2.31,1,0,331,Normal,0.0,0
2025-01-16 05:16:00,21,43.6,34.74,38.89,1.15,3.49,1,0,410,Normal,0.0,0
2025-01-19 03:58:00,50,63.32,49.76,69.45,4.16,3.31,2,0,401,Vibration Issue,0.0,1
2025-01-16 10:13:00,35,93.47,53.41,59.32,1.34,2.14,1,1,20,Normal,1.0,1
2025-02-01 21:36:00,32,63.03,39.77,49.71,1.32,0.56,1,0,285,Normal,0.0,0
2025-02-04 19:32:00,5,63.03,36.86,33.0,4.98,3.44,1,0,12,Normal,0.0,1
2025-01-02 16:56:00,14,72.03,57.88,56.31,3.92,2.28,1,0,201,Normal,0.0,0
2025-03-08 06:03:00,22,69.17,51.14,76.24,2.99,1.06,1,0,133,Normal,0.0,0
2025-01-25 06:53:00,23,82.09,53.42,74.98,3.91,2.74,1,0,49,Normal,0.0,0
2025-01-20 02:53:00,34,59.24,48.84,63.55,3.52,3.93,1,0,253,Normal,0.0,0
2025-02-11 00:02:00,4,80.35,77.31,77.35,4.59,1.25,1,0,387,Normal,0.0,0
2025-03-02 11:34:00,21,78.99,48.51,63.55,4.12,3.04,1,0,147,Normal,0.0,0
2025-02-22 08:35:00,4,73.53,57.89,36.27,1.18,2.78,1,0,295,Normal,0.0,0
2025-02-20 14:09:00,42,66.6,35.16,77.36,3.55,0.74,1,0,153,Normal,0.0,0
2025-03-02 10:36:00,16,59.09,49.94,33.37,4.75,0.97,1,0,96,Normal,0.0,0
2025-01-23 14:44:00,33,69.54,22.28,59.62,4.12,1.21,1,0,408,Normal,0.0,0
2025-02-09 21:25:00,49,63.83,74.67,78.21,3.67,4.64,1,0,126,Normal,0.0,0
2025-03-09 10:28:00,35,66.56,27.43,44.59,3.27,1.1,0,0,91,Normal,0.0,0
2025-03-07 09:34:00,38,76.09,57.99,44.36,2.75,0.68,2,0,58,Pressure Drop,0.0,1
2025-02-03 17:33:00,31,96.54,54.73,52.17,2.48,0.84,1,1,1,Normal,1.0,1
2025-01-14 06:16:00,1,76.93,52.32,35.61,3.81,1.65,0,0,248,Normal,0.0,0
2025-03-09 01:03:00,1,67.78,70.75,55.53,1.58,1.35,1,0,97,Normal,0.0,0
2025-01-19 10:58:00,22,83.09,67.19,33.42,2.17,4.39,1,0,338,Normal,0.0,0
2025-03-02 07:15:00,41,62.01,53.08,60.37,2.46,2.26,1,0,438,Normal,0.0,0
2025-03-03 00:34:00,29,62.58,49.73,56.09,1.29,3.4,0,0,459,Normal,0.0,0
2025-01-04 19:26:00,49,72.2,48.12,70.5,1.7,3.61,1,0,135,Normal,0.0,0
2025-01-27 09:46:00,26,71.24,57.22,75.04,1.89,4.46,1,0,102,Normal,0.0,0
2025-01-11 12:06:00,24,63.49,26.98,35.08,2.15,3.08,1,0,264,Normal,0.0,0
2025-01-03 19:34:00,44,60.48,42.73,69.96,2.82,2.05,2,0,429,Overheating,0.0,1
2025-02-27 06:49:00,50,61.65,66.78,47.99,1.56,4.9,0,0,318,Normal,0.0,0
2025-01-17 15:38:00,35,64.39,27.44,67.92,3.78,3.36,1,0,229,Normal,0.0,0
2025-02-12 09:49:00,43,67.92,45.21,44.33,1.83,1.8,1,0,121,Normal,0.0,0
2025-03-10 07:28:00,15,70.53,67.62,64.42,4.78,4.12,1,0,242,Normal,0.0,0
2025-02-11 03:44:00,19,77.39,32.26,68.04,2.96,1.12,0,0,126,Normal,0.0,0
2025-01-10 01:27:00,19,69.03,51.91,32.1,2.46,2.36,1,0,255,Normal,0.0,0
2025-02-06 11:12:00,39,74.34,72.61,55.08,4.75,1.27,1,0,226,Normal,0.0,0
2025-02-27 15:56:00,11,60.06,42.58,53.29,2.89,2.46,1,0,87,Normal,0.0,0
2025-02-11 22:41:00,32,78.55,54.24,39.13,3.28,2.19,1,0,467,Normal,0.0,0
2025-02-06 22:09:00,50,81.47,66.53,77.36,2.08,0.87,1,0,60,Normal,0.0,0
2025-01-26 05:38:00,49,82.18,65.9,69.11,1.39,1.84,1,0,12,Normal,0.0,1
2025-01-24 22:58:00,42,68.72,40.97,37.2,4.76,1.57,1,0,455,Normal,0.0,0
2025-01-15 14:55:00,21,86.46,69.74,67.47,3.04,4.91,1,0,260,Normal,0.0,0
2025-02-13 20:40:00,35,72.32,79.64,77.99,1.99,2.92,1,0,481,Normal,0.0,0
2025-02-01 18:58:00,11,74.29,57.9,54.79,2.83,3.24,1,0,19,Normal,0.0,1
2025-01-16 06:45:00,21,74.78,38.27,63.39,1.02,2.82,1,0,332,Normal,0.0,0
2025-02-27 00:52:00,4,88.19,63.33,59.69,1.0,4.31,1,0,304,Normal,0.0,0
2025-02-16 13:44:00,22,68.06,22.34,42.01,4.7,1.19,1,0,103,Normal,0.0,0
2025-01-24 01:32:00,8,82.32,31.11,63.2,1.44,1.53,1,0,322,Normal,0.0,0
2025-01-21 22:49:00,14,90.78,27.4,70.11,4.34,2.36,1,1,10,Normal,1.0,1
2025-02-13 05:22:00,11,66.15,63.09,67.56,1.59,2.0,1,0,98,Normal,0.0,0
2025-03-09 02:28:00,17,73.03,38.72,40.43,4.14,3.61,1,0,92,Normal,0.0,0
2025-01-08 04:07:00,31,83.43,45.84,49.09,1.35,4.32,1,0,198,Normal,0.0,0
2025-02-16 04:48:00,34,77.42,43.62,76.32,1.34,0.83,1,0,242,Normal,0.0,0
2025-01-27 01:36:00,35,71.96,43.68,63.53,4.35,3.7,2,0,85,Pressure Drop,0.0,1
2025-01-31 10:29:00,19,72.25,90.47,47.47,1.0,3.84,1,1,6,Normal,1.0,1
2025-02-14 07:42:00,44,63.57,61.9,50.0,4.34,0.91,0,0,177,Normal,0.0,0
2025-01-19 00:40:00,17,90.58,59.76,40.49,1.56,2.36,1,1,46,Normal,1.0,1
2025-01-05 03:00:00,26,74.95,51.87,59.95,3.29,1.92,0,0,198,Normal,0.0,0
2025-01-31 02:24:00,15,77.59,16.06,78.22,4.58,4.62,1,0,342,Normal,0.0,0
2025-01-25 15:49:00,14,64.85,62.38,68.82,2.79,4.76,1,0,155,Normal,0.0,0
2025-01-26 18:07:00,2,83.32,38.48,53.66,3.02,1.78,1,0,196,Normal,0.0,0
2025-02-16 03:52:00,31,87.33,64.87,64.68,3.69,4.38,1,0,362,Normal,0.0,0
2025-03-08 06:32:00,43,78.5,31.54,42.1,2.74,4.94,1,0,148,Normal,0.0,0
2025-01-04 02:05:00,1,64.16,86.37,37.6,2.59,2.31,1,1,2,Normal,1.0,1
2025-01-22 00:37:00,38,79.57,67.63,65.57,3.23,3.99,1,0,394,Normal,0.0,0
2025-02-15 05:29:00,39,69.18,51.9,64.71,3.28,4.91,1,0,276,Normal,0.0,0
2025-01-22 01:10:00,7,97.55,30.91,45.25,1.64,0.66,1,1,38,Normal,1.0,1
2025-02-11 23:47:00,50,71.62,61.26,66.49,4.05,3.44,1,0,425,Normal,0.0,0
2025-02-08 07:53:00,36,69.05,45.18,78.88,4.0,4.6,1,0,431,Normal,0.0,0
2025-01-29 19:14:00,40,66.86,44.0,58.53,3.02,1.43,1,0,338,Normal,0.0,0
2025-01-11 18:52:00,37,81.63,43.72,67.88,1.15,1.2,1,0,161,Normal,0.0,0
2025-02-02 12:39:00,2,68.68,56.64,46.14,2.18,3.6,1,0,175,Normal,0.0,0
2025-02-10 19:53:00,17,72.47,34.39,31.66,3.0,3.69,1,0,224,Normal,0.0,0
2025-02-07 14:54:00,36,75.69,44.66,77.97,3.17,2.42,1,0,48,Normal,0.0,0
2025-02-14 00:59:00,8,85.54,43.74,76.53,4.25,2.43,1,0,265,Normal,0.0,0
2025-02-26 21:38:00,41,79.23,40.42,44.71,4.8,1.33,1,0,223,Normal,0.0,0
2025-02-20 08:10:00,22,94.65,61.23,31.98,4.37,4.88,1,1,44,Normal,1.0,1
2025-02-23 23:02:00,8,87.06,36.61,69.02,2.0,1.26,1,0,241,Normal,0.0,0
2025-02-13 20:37:00,40,76.19,65.23,49.43,1.57,0.81,1,0,229,Normal,0.0,0
2025-03-04 10:46:00,37,75.96,54.74,30.74,2.26,4.9,1,0,428,Normal,0.0,0
2025-02-13 22:45:00,41,76.26,67.2,30.54,2.64,3.02,1,0,294,Normal,0.0,0
2025-02-22 08:28:00,6,75.02,50.15,44.36,4.58,5.0,1,0,149,Normal,0.0,0
2025-01-07 09:55:00,48,86.9,33.07,31.2,1.58,3.65,1,0,352,Normal,0.0,0
2025-02-13 21:01:00,2,67.52,59.15,45.67,2.77,3.05,1,0,76,Normal,0.0,0
2025-03-08 07:54:00,10,88.9,62.77,44.47,4.5,1.22,1,0,31,Normal,0.0,0
2025-03-02 21:15:00,39,62.08,48.4,71.27,3.63,1.83,1,0,418,Normal,0.0,0
2025-03-07 06:09:00,37,63.89,60.45,72.4,1.41,3.32,1,0,284,Normal,0.0,0
2025-03-02 23:37:00,28,68.37,64.79,43.8,2.8,4.49,1,0,153,Normal,0.0,0
2025-02-10 10:37:00,27,50.65,50.91,71.44,4.94,4.76,1,0,450,Normal,0.0,0
2025-02-09 02:41:00,36,74.66,43.46,47.41,2.52,1.13,1,0,353,Normal,0.0,0
2025-01-24 02:21:00,16,71.42,66.7,73.0,1.33,0.91,1,0,474,Normal,0.0,0
2025-02-22 09:32:00,2,70.97,45.32,72.05,2.89,1.26,0,0,188,Normal,0.0,0
2025-02-14 17:36:00,1,64.49,63.29,59.81,3.36,1.68,1,0,251,Normal,0.0,0
2025-01-12 19:03:00,42,65.15,39.03,79.29,4.52,3.82,1,0,167,Normal,0.0,0
2025-01-01 10:33:00,31,83.62,34.8,30.42,3.71,1.14,1,0,374,Normal,0.0,0
2025-01-11 18:49:00,15,80.88,61.53,58.64,2.69,1.88,2,0,14,Pressure Drop,0.0,1
2025-02-24 22:25:00,35,67.13,50.08,66.33,2.87,1.1,1,0,221,Normal,0.0,0
2025-01-15 12:54:00,35,85.76,51.54,69.74,1.53,0.8,1,0,339,Normal,0.0,0
2025-01-08 00:44:00,13,92.58,31.65,64.72,2.18,3.75,1,1,11,Normal,1.0,1
2025-02-11 03:51:00,6,80.01,63.13,53.69,3.44,2.59,1,0,324,Normal,0.0,0
2025-01-27 14:45:00,14,84.11,76.85,62.21,2.14,2.85,1,0,108,Normal,0.0,0
2025-03-01 04:47:00,1,79.19,69.06,48.5,4.18,3.17,2,0,184,Pressure Drop,0.0,1
2025-01-02 21:34:00,45,85.61,44.65,35.65,3.89,0.91,1,0,68,Normal,0.0,0
2025-03-10 04:58:00,4,78.98,71.12,61.13,2.58,2.9,1,0,242,Normal,0.0,0
2025-02-12 13:07:00,17,65.78,54.47,62.33,4.48,3.78,1,0,250,Normal,0.0,0
2025-01-10 18:45:00,35,86.02,68.1,68.4,2.28,1.88,2,0,240,Electrical Fault,0.0,1
2025-01-15 09:24:00,29,68.32,31.11,38.53,2.8,1.19,0,0,460,Normal,0.0,0
2025-03-10 09:11:00,6,74.64,32.82,31.66,4.79,1.57,1,0,239,Normal,0.0,0
2025-02-15 10:03:00,28,86.8,57.11,42.46,3.04,2.17,1,0,393,Normal,0.0,0
2025-01-27 00:25:00,18,76.09,57.69,77.46,3.75,3.63,1,0,246,Normal,0.0,0
2025-01-17 15:19:00,23,87.06,16.02,31.64,1.75,3.06,2,0,215,Vibration Issue,0.0,1
2025-02-02 13:03:00,9,78.07,60.66,45.48,3.69,2.59,0,0,437,Normal,0.0,0
2025-01-03 20:10:00,37,76.55,38.65,41.33,2.8,2.43,2,0,313,Normal,0.0,1
2025-01-24 05:25:00,38,96.71,63.18,32.68,4.09,2.04,1,1,26,Normal,1.0,1
2025-01-29 12:25:00,37,85.27,31.42,50.1,3.83,2.38,1,0,103,Normal,0.0,0
2025-01-01 07:32:00,13,84.87,45.84,76.78,1.05,3.58,1,0,294,Normal,0.0,0
2025-03-01 20:07:00,24,86.77,43.9,46.7,2.51,1.6,2,0,300,Vibration Issue,0.0,1
2025-02-13 15:33:00,23,82.4,41.6,78.62,4.16,1.18,1,0,181,Normal,0.0,0
2025-01-19 09:04:00,4,62.49,41.3,51.06,1.05,3.47,1,0,496,Normal,0.0,0
2025-02-22 09:58:00,15,84.92,6.52,40.78,2.57,3.35,1,0,80,Normal,0.0,0
2025-01-18 13:02:00,34,84.09,55.82,60.92,2.54,3.6,1,0,139,Normal,0.0,0
2025-03-04 15:01:00,16,68.63,41.69,36.11,1.11,3.62,1,0,452,Normal,0.0,0
2025-02-21 08:18:00,25,61.04,46.95,73.97,1.17,1.99,2,0,244,Normal,0.0,1
2025-02-24 09:38:00,50,82.12,63.96,57.68,2.38,0.61,1,0,375,Normal,0.0,0
2025-01-29 14:49:00,29,77.76,51.29,75.39,4.94,2.24,1,0,362,Normal,0.0,0
2025-02-17 06:11:00,49,61.34,51.09,47.19,3.8,1.06,1,0,486,Normal,0.0,0
2025-02-21 10:24:00,26,85.02,65.91,69.91,1.62,2.27,1,0,255,Normal,0.0,0
2025-01-26 03:55:00,10,78.1,85.04,33.05,3.21,1.17,1,1,24,Normal,1.0,1
2025-02-27 13:36:00,30,90.49,82.92,45.44,1.56,1.5,1,1,7,Normal,1.0,1
2025-02-18 23:48:00,25,50.4,31.67,67.47,4.25,3.57,1,0,253,Normal,0.0,0
2025-02-28 04:25:00,12,85.53,63.4,30.29,4.06,0.64,1,0,328,Normal,0.0,0
2025-01-20 22:38:00,31,81.47,61.62,48.72,3.36,3.89,1,0,80,Normal,0.0,0
2025-03-03 15:49:00,21,89.43,62.27,77.18,1.39,4.04,1,0,41,Normal,0.0,0
2025-02-17 22:23:00,46,96.28,47.95,33.06,2.73,3.86,1,1,34,Normal,1.0,1
2025-02-16 22:11:00,7,65.32,65.06,58.2,2.14,0.51,1,0,91,Normal,0.0,0
2025-02-02 18:02:00,33,83.96,26.77,65.11,2.84,1.71,1,0,183,Normal,0.0,0
2025-01-04 06:39:00,26,58.02,51.02,78.38,3.33,1.52,2,0,480,Normal,0.0,1
2025-02-23 19:11:00,5,83.88,48.38,77.25,3.52,2.44,1,0,363,Normal,0.0,0
2025-03-01 08:59:00,35,63.37,36.44,50.1,4.17,2.06,1,0,399,Normal,0.0,0
2025-01-12 22:50:00,8,84.89,57.74,63.1,1.79,3.36,1,0,249,Normal,0.0,0
2025-01-11 17:09:00,32,57.26,72.79,61.83,4.7,2.11,1,0,169,Normal,0.0,0
2025-02-01 09:48:00,22,70.39,24.59,34.62,3.21,2.23,1,0,387,Normal,0.0,0
2025-01-13 14:35:00,45,71.96,52.05,65.29,1.84,1.29,1,0,254,Normal,0.0,0
2025-01-19 18:26:00,1,80.5,49.48,77.59,2.6,4.89,0,0,341,Normal,0.0,0
2025-01-08 16:03:00,41,69.78,54.16,61.21,1.01,4.89,1,0,56,Normal,0.0,0
2025-02-23 12:47:00,43,74.85,47.33,43.1,3.59,2.01,1,0,176,Normal,0.0,0
2025-02-07 05:02:00,45,66.58,33.68,62.55,2.24,4.0,1,0,356,Normal,0.0,0
2025-02-14 14:26:00,3,73.17,45.22,52.83,2.62,3.96,1,0,385,Normal,0.0,0
2025-02-20 15:39:00,21,90.98,50.58,56.05,4.53,0.57,1,1,20,Normal,1.0,1
2025-03-08 05:32:00,17,58.32,26.6,56.65,4.25,1.79,1,0,23,Normal,0.0,0
2025-03-04 19:21:00,44,84.2,21.04,63.78,4.2,1.6,1,0,414,Normal,0.0,0
2025-01-26 05:46:00,33,74.93,62.57,40.04,3.38,4.52,2,0,322,Overheating,0.0,1
2025-01-30 08:16:00,23,56.17,54.63,76.55,2.1,1.53,1,0,378,Normal,0.0,0
2025-03-02 04:07:00,37,85.5,63.58,62.29,4.23,0.76,1,0,298,Normal,0.0,0
2025-02-18 07:02:00,50,55.67,33.91,78.7,1.13,0.96,1,0,104,Normal,0.0,0
2025-01-30 03:33:00,50,96.64,36.93,58.62,4.97,3.16,1,1,10,Normal,1.0,1
2025-02-11 19:57:00,19,69.8,34.98,76.35,1.34,2.25,1,0,278,Normal,0.0,0
2025-02-19 11:20:00,2,84.45,59.17,73.77,3.79,4.0,0,0,482,Normal,0.0,0
2025-03-08 12:43:00,47,79.31,79.4,78.46,2.31,4.17,2,0,117,Normal,0.0,1
2025-02-24 09:13:00,49,91.08,57.33,54.41,1.87,0.64,0,1,42,Normal,1.0,1
2025-01-22 00:36:00,45,64.53,32.24,53.42,3.02,0.94,1,0,443,Normal,0.0,0
2025-02-20 22:32:00,3,73.47,36.04,72.91,4.54,0.59,1,0,147,Normal,0.0,0
2025-02-09 21:34:00,43,79.21,57.36,45.73,3.65,2.31,1,0,418,Normal,0.0,0
2025-01-13 20:00:00,18,80.18,60.74,51.76,1.79,0.94,1,0,295,Normal,0.0,0
2025-01-05 20:53:00,16,87.45,80.74,76.29,2.93,4.2,1,1,12,Normal,1.0,1
2025-02-07 03:23:00,40,63.99,75.89,59.15,2.72,0.52,1,0,170,Normal,0.0,0
2025-01-22 01:52:00,39,76.36,57.53,72.19,2.67,4.07,1,0,359,Normal,0.0,0
2025-01-30 22:53:00,29,80.42,44.77,68.39,3.16,4.8,1,0,113,Normal,0.0,0
2025-03-07 14:15:00,8,93.46,47.51,36.37,1.02,4.73,1,1,10,Normal,1.0,1
2025-02-23 17:36:00,7,76.89,73.61,51.6,1.01,2.74,1,0,496,Normal,0.0,0
2025-02-09 13:43:00,40,84.88,56.82,62.43,3.24,3.68,1,0,138,Normal,0.0,0
2025-02-24 07:05:00,48,57.43,37.42,61.12,1.7,1.14,1,0,230,Normal,0.0,0
2025-02-02 00:12:00,45,86.0,62.06,35.94,3.98,2.11,1,0,229,Normal,0.0,0
2025-01-17 13:17:00,11,77.9,44.28,45.85,2.94,2.59,1,0,293,Normal,0.0,0
2025-01-31 10:07:00,3,82.22,53.7,71.71,2.33,2.01,1,0,411,Normal,0.0,0
2025-01-01 10:57:00,5,81.09,49.53,39.52,1.78,1.78,1,0,480,Normal,0.0,0
2025-02-04 07:12:00,23,81.88,20.91,36.33,1.04,1.57,1,0,172,Normal,0.0,0
2025-01-07 20:52:00,29,59.22,57.49,76.76,4.98,2.45,1,0,262,Normal,0.0,0
2025-02-13 12:12:00,2,73.82,79.02,57.81,2.4,2.8,1,0,286,Normal,0.0,0
2025-03-05 15:12:00,42,77.57,55.33,33.34,4.37,0.65,2,0,485,Overheating,0.0,1
2025-01-09 08:23:00,46,58.36,47.26,68.93,3.95,1.16,1,0,380,Normal,0.0,0
2025-02-07 06:18:00,48,89.8,49.29,56.95,2.24,4.13,0,0,481,Normal,0.0,0
2025-02-26 22:23:00,21,72.51,48.35,44.38,3.11,3.13,1,0,135,Normal,0.0,0
2025-01-28 07:23:00,33,73.53,70.09,53.63,4.56,3.42,2,0,57,Electrical Fault,0.0,1
2025-01-14 02:30:00,10,80.41,21.59,42.43,2.04,3.01,1,0,178,Normal,0.0,0
2025-02-20 04:05:00,45,76.91,46.63,37.69,1.99,0.7,1,0,431,Normal,0.0,0
2025-01-06 16:04:00,13,46.54,33.76,41.39,4.36,3.09,1,0,230,Normal,0.0,0
2025-01-02 14:05:00,24,59.16,83.53,78.18,4.61,0.81,1,1,30,Normal,1.0,1
2025-02-25 06:33:00,46,78.58,71.58,64.53,3.79,0.91,1,0,66,Normal,0.0,0
2025-02-23 13:00:00,30,87.01,69.29,37.66,4.62,4.8,1,0,115,Normal,0.0,0
2025-01-21 21:37:00,20,84.6,47.71,37.32,2.03,3.97,1,0,234,Normal,0.0,0
2025-01-24 23:43:00,24,70.99,58.53,33.4,2.32,0.69,0,0,488,Normal,0.0,0
2025-01-01 06:23:00,46,85.75,84.82,72.52,1.93,3.43,1,1,11,Normal,1.0,1
2025-03-05 19:54:00,30,69.07,56.23,47.43,3.13,3.38,1,0,452,Normal,0.0,0
2025-02-18 17:04:00,40,67.69,71.8,30.47,2.47,1.27,1,0,220,Normal,0.0,0
2025-01-07 18:37:00,44,93.58,32.01,65.86,2.98,3.94,2,1,6,Pressure Drop,1.0,1
2025-02-08 10:58:00,34,70.79,22.51,44.05,2.57,2.65,2,0,370,Pressure Drop,0.0,1
2025-02-22 09:30:00,22,71.04,67.0,46.9,2.22,2.7,1,0,89,Normal,0.0,0
2025-01-13 20:13:00,13,66.98,54.6,71.45,3.86,2.28,1,0,200,Normal,0.0,0
2025-02-05 04:01:00,50,69.79,50.88,34.75,2.54,3.66,1,0,246,Normal,0.0,0
2025-03-10 08:48:00,44,74.79,50.87,77.2,4.62,2.61,1,0,228,Normal,0.0,0
2025-01-12 03:39:00,9,76.7,49.09,47.4,2.8,4.98,1,0,88,Normal,0.0,0
2025-01-11 01:47:00,27,81.06,44.42,52.29,2.58,2.85,0,0,49,Normal,0.0,0
2025-02-08 21:57:00,17,83.08,46.06,45.98,3.04,2.33,1,0,465,Normal,0.0,0
2025-02-02 17:11:00,20,67.56,35.0,55.51,4.74,2.53,1,0,134,Normal,0.0,0
2025-03-08 01:41:00,42,71.95,58.66,65.64,4.0,2.27,1,0,210,Normal,0.0,0
2025-02-18 08:32:00,4,79.92,60.73,67.92,2.97,4.74,1,0,112,Normal,0.0,0
2025-01-19 13:39:00,16,80.73,44.2,67.1,3.11,4.08,1,0,334,Normal,0.0,0
2025-03-04 21:41:00,24,74.76,56.75,32.28,1.81,1.87,1,0,458,Normal,0.0,0
2025-02-21 10:03:00,37,66.78,47.56,64.64,1.67,1.6,2,0,174,Electrical Fault,0.0,1
2025-02-27 07:33:00,26,85.81,23.23,78.34,3.8,1.54,1,0,92,Normal,0.0,0
2025-02-11 19:17:00,46,58.71,37.77,39.35,3.08,3.13,1,0,260,Normal,0.0,0
2025-02-06 06:35:00,28,69.13,2.03,55.06,1.5,3.19,1,0,268,Normal,0.0,0
2025-02-18 13:41:00,15,88.47,37.15,72.62,3.32,1.47,1,0,85,Normal,0.0,0
2025-03-03 12:34:00,14,69.47,41.53,59.26,2.47,2.17,1,0,34,Normal,0.0,0
2025-02-27 00:12:00,24,79.53,3.41,36.22,3.92,1.61,1,0,103,Normal,0.0,0
2025-01-06 07:02:00,47,80.02,33.14,54.3,1.9,3.8,1,0,60,Normal,0.0,0
2025-01-31 07:34:00,40,70.26,68.56,45.48,4.83,1.96,1,0,23,Normal,0.0,0
2025-01-26 00:57:00,12,79.7,41.45,47.19,1.21,3.32,1,0,496,Normal,0.0,0
2025-01-06 00:44:00,15,80.44,41.57,76.37,4.84,2.77,1,0,126,Normal,0.0,0
2025-01-30 01:06:00,46,64.68,76.63,31.52,4.18,0.67,1,0,299,Normal,0.0,0
2025-02-04 05:47:00,43,58.32,50.03,73.72,3.84,0.78,1,0,302,Normal,0.0,0
2025-01-27 21:16:00,5,78.84,40.09,52.71,1.41,1.73,0,0,484,Normal,0.0,0
2025-02-25 17:16:00,37,93.51,86.75,35.53,1.91,4.41,1,1,31,Normal,1.0,1
2025-02-18 17:50:00,13,74.93,42.38,71.62,4.0,0.66,2,0,435,Pressure Drop,0.0,1
2025-02-14 07:35:00,50,81.25,55.69,32.31,2.44,2.04,1,0,305,Normal,0.0,0
2025-02-17 00:04:00,33,83.68,70.98,70.18,1.67,1.76,2,0,206,Vibration Issue,0.0,1
2025-03-04 18:19:00,14,64.83,60.93,37.88,3.69,3.81,1,0,246,Normal,0.0,0
2025-01-29 03:54:00,9,99.63,61.91,73.61,1.94,0.81,2,1,37,Vibration Issue,1.0,1
2025-03-01 11:33:00,26,61.13,31.01,79.02,4.1,1.99,1,0,24,Normal,0.0,0
2025-01-13 12:36:00,3,69.39,38.31,56.3,4.75,4.86,2,0,279,Vibration Issue,0.0,1
2025-02-06 04:44:00,50,76.61,66.66,40.49,3.99,0.56,1,0,45,Normal,0.0,0
2025-01-10 02:02:00,16,80.88,44.12,60.93,4.94,1.75,1,0,70,Normal,0.0,0
2025-01-22 23:47:00,18,68.06,44.56,77.7,4.63,4.76,1,0,402,Normal,0.0,0
2025-01-24 16:23:00,3,69.55,36.3,51.51,1.95,2.37,1,0,397,Normal,0.0,0
2025-03-10 04:29:00,43,65.77,50.76,60.04,4.05,0.8,2,0,334,Overheating,0.0,1
2025-03-06 11:50:00,37,57.69,38.02,37.91,3.85,2.03,2,0,106,Normal,0.0,1
2025-01-02 22:55:00,5,69.64,64.34,72.89,2.05,3.25,0,0,177,Normal,0.0,0
2025-02-20 17:40:00,28,72.08,57.47,60.17,3.99,4.11,1,0,411,Normal,0.0,0
2025-01-22 22:43:00,26,64.2,46.85,43.91,1.87,1.97,1,0,132,Normal,0.0,0
2025-02-14 18:30:00,17,91.68,55.41,72.54,4.61,2.59,1,1,33,Normal,1.0,1
2025-02-23 06:36:00,7,56.43,70.33,44.56,4.78,4.73,1,0,472,Normal,0.0,0
2025-01-02 04:26:00,3,79.94,60.84,78.77,3.82,2.52,1,0,226,Normal,0.0,0
2025-01-30 22:19:00,20,83.02,12.46,57.65,2.37,2.29,1,0,227,Normal,0.0,0
2025-02-20 17:04:00,21,59.99,44.48,78.29,3.67,2.97,1,0,166,Normal,0.0,0
2025-02-20 21:18:00,45,91.12,36.8,78.91,3.84,4.09,0,1,19,Normal,1.0,1
2025-01-13 11:36:00,4,88.03,46.64,38.14,1.84,2.94,0,0,343,Normal,0.0,0
2025-02-14 05:36:00,21,75.25,41.64,40.02,1.34,0.77,1,0,291,Normal,0.0,0
2025-03-11 05:28:00,45,73.84,53.09,52.69,2.36,4.44,1,0,457,Normal,0.0,0
2025-02-08 23:45:00,38,102.64,39.86,61.66,1.38,2.47,1,1,44,Normal,1.0,1
2025-01-03 02:22:00,12,78.96,53.94,40.89,3.22,3.19,1,0,461,Normal,0.0,0
2025-01-22 14:59:00,6,60.37,52.2,54.45,4.58,3.77,1,0,400,Normal,0.0,0
2025-03-01 16:40:00,35,86.1,42.51,73.57,4.55,0.64,1,0,89,Normal,0.0,0
2025-01-10 10:04:00,31,85.6,35.7,39.99,2.03,1.57,1,0,70,Normal,0.0,0
2025-01-14 17:35:00,34,54.14,48.87,34.72,1.65,1.02,1,0,279,Normal,0.0,0
2025-02-05 09:49:00,42,74.22,42.57,46.39,1.55,1.98,1,0,452,Normal,0.0,0
2025-01-20 22:50:00,27,75.18,33.1,73.74,2.02,0.98,1,0,324,Normal,0.0,0
2025-01-20 05:23:00,33,64.69,53.66,37.76,2.25,3.5,2,0,444,Electrical Fault,0.0,1
2025-01-25 08:56:00,23,97.33,55.12,30.75,4.86,4.14,2,1,47,Overheating,1.0,1
2025-03-02 13:16:00,8,61.03,33.25,47.87,4.26,1.07,1,0,146,Normal,0.0,0
2025-03-02 13:21:00,27,61.49,60.43,36.81,4.06,1.48,0,0,321,Normal,0.0,0
2025-01-30 13:18:00,46,92.97,53.99,70.92,3.64,2.62,1,1,13,Normal,1.0,1
2025-03-07 12:34:00,39,71.66,44.12,41.15,3.93,2.92,1,0,328,Normal,0.0,0
2025-02-24 04:48:00,34,89.39,37.18,50.71,2.17,4.26,1,0,220,Normal,0.0,0
2025-02-02 01:24:00,37,77.52,45.7,76.54,1.5,4.88,1,0,263,Normal,0.0,0
2025-01-23 20:46:00,7,80.47,43.88,77.22,4.8,2.68,1,0,201,Normal,0.0,0
2025-01-15 19:58:00,28,78.22,67.65,70.92,3.82,2.67,2,0,195,Overheating,0.0,1
2025-01-05 17:11:00,23,70.16,45.74,56.85,2.12,0.94,1,0,285,Normal,0.0,0
2025-01-20 11:59:00,5,76.1,77.63,51.35,1.11,2.44,1,0,153,Normal,0.0,0
2025-02-23 04:09:00,44,78.31,37.85,71.57,3.12,2.57,1,0,58,Normal,0.0,0
2025-02-16 21:06:00,36,77.39,36.75,65.21,1.59,2.61,1,0,129,Normal,0.0,0
2025-02-02 13:45:00,15,68.02,63.73,41.94,3.04,1.78,1,0,175,Normal,0.0,0
2025-01-14 02:48:00,42,71.1,49.06,62.64,3.21,4.99,0,0,244,Normal,0.0,0
2025-02-24 20:54:00,6,78.07,53.25,36.17,4.57,2.82,0,0,305,Normal,0.0,0
2025-01-02 14:38:00,8,65.71,55.57,65.57,2.38,4.08,1,0,354,Normal,0.0,0
2025-01-30 13:21:00,16,83.43,14.35,54.84,2.56,4.67,1,0,395,Normal,0.0,0
2025-02-04 16:00:00,44,71.93,46.05,63.21,2.21,4.39,1,0,138,Normal,0.0,0
2025-02-05 19:00:00,36,71.95,52.83,36.03,1.61,4.92,1,0,197,Normal,0.0,0
2025-02-10 00:02:00,5,58.96,58.03,40.26,3.76,0.7,1,0,16,Normal,0.0,1
2025-01-30 09:28:00,8,72.25,42.49,48.27,1.24,4.07,1,0,212,Normal,0.0,0
2025-02-08 00:06:00,13,70.49,51.67,71.69,4.21,3.25,1,0,416,Normal,0.0,0
2025-03-05 16:30:00,7,71.39,60.1,72.08,2.36,3.13,1,0,17,Normal,0.0,1
2025-02-27 03:08:00,33,72.11,51.28,55.64,3.88,4.17,1,0,399,Normal,0.0,0
2025-01-16 22:02:00,10,69.07,67.02,46.34,4.66,0.64,1,0,28,Normal,0.0,0
2025-02-02 09:56:00,34,95.29,37.3,68.28,4.84,2.85,1,1,47,Normal,1.0,1
2025-02-07 16:12:00,50,60.21,40.74,57.89,2.99,0.5,1,0,72,Normal,0.0,0
2025-02-19 18:47:00,21,88.81,32.16,35.26,3.51,3.29,1,0,450,Normal,0.0,0
2025-01-18 13:26:00,2,80.02,77.43,51.27,4.44,1.12,2,0,473,Vibration Issue,0.0,1
2025-01-11 22:12:00,13,87.22,39.78,75.38,1.65,3.63,2,0,251,Overheating,0.0,1
2025-01-10 05:59:00,4,71.54,46.35,72.47,4.34,0.83,0,0,235,Normal,0.0,0
2025-01-24 00:02:00,18,75.52,70.82,45.56,3.15,3.5,1,0,471,Normal,0.0,0
2025-03-06 09:52:00,6,65.15,38.19,30.06,2.11,4.83,1,0,123,Normal,0.0,0
2025-01-06 11:17:00,46,73.95,49.54,55.89,1.54,3.69,1,0,229,Normal,0.0,0
2025-01-29 06:59:00,35,84.69,12.2,38.78,2.28,4.2,1,0,434,Normal,0.0,0
2025-01-20 09:33:00,47,75.37,43.62,65.64,1.65,3.32,1,0,367,Normal,0.0,0
2025-01-14 07:40:00,15,60.53,36.86,49.3,1.08,1.61,1,0,129,Normal,0.0,0
2025-01-01 04:58:00,49,99.47,59.31,41.96,3.98,3.82,1,1,25,Normal,1.0,1
2025-02-10 17:57:00,3,71.44,54.36,73.49,1.74,0.73,1,0,367,Normal,0.0,0
2025-03-10 19:43:00,48,77.59,46.24,57.72,1.75,1.59,2,0,291,Normal,0.0,1
2025-03-11 10:19:00,11,61.68,59.8,77.96,2.76,1.42,1,0,317,Normal,0.0,0
2025-01-03 12:45:00,41,77.94,55.36,62.14,1.4,3.35,1,0,330,Normal,0.0,0
2025-02-10 22:40:00,20,72.37,82.18,33.1,3.37,1.28,1,1,45,Normal,1.0,1
2025-02-25 06:57:00,45,73.01,63.14,35.7,2.45,4.05,1,0,247,Normal,0.0,0
2025-01-12 02:51:00,15,84.61,56.78,71.58,2.11,4.88,1,0,57,Normal,0.0,0
2025-01-03 08:03:00,11,99.18,44.76,44.59,2.53,4.39,1,1,9,Normal,1.0,1
2025-03-01 22:21:00,33,75.62,36.59,51.25,4.79,4.19,1,0,413,Normal,0.0,0
2025-01-04 13:50:00,34,72.88,49.35,34.86,1.71,3.44,1,0,445,Normal,0.0,0
2025-02-19 20:16:00,5,71.3,33.18,68.01,4.82,3.99,2,0,472,Normal,0.0,1
2025-01-18 17:55:00,13,86.11,60.05,43.08,1.78,4.44,1,0,287,Normal,0.0,0
2025-01-30 14:41:00,16,83.48,40.88,70.89,4.35,4.03,1,0,35,Normal,0.0,0
2025-01-29 22:14:00,46,65.42,62.47,60.74,1.14,4.73,1,0,295,Normal,0.0,0
2025-01-01 12:13:00,38,92.0,53.3,61.3,3.11,3.9,1,1,1,Normal,1.0,1
2025-03-04 11:09:00,30,93.18,37.7,49.64,1.49,1.84,0,1,16,Normal,1.0,1
2025-01-10 05:00:00,47,71.71,33.43,56.39,1.68,4.8,1,0,367,Normal,0.0,0
2025-01-23 20:20:00,21,91.21,49.91,44.26,4.27,2.07,1,1,42,Normal,1.0,1
2025-01-12 00:35:00,27,96.56,31.18,31.6,3.32,0.77,1,1,14,Normal,1.0,1
2025-01-08 00:37:00,33,97.69,44.19,73.6,1.53,2.78,1,1,41,Normal,1.0,1
2025-01-07 14:08:00,18,91.13,47.24,54.28,2.36,1.38,2,1,34,Vibration Issue,1.0,1
2025-01-24 09:02:00,42,57.08,56.25,44.86,2.26,3.53,1,0,398,Normal,0.0,0
2025-01-10 11:28:00,46,79.07,61.07,38.05,3.87,2.37,1,0,40,Normal,0.0,0
2025-01-12 17:01:00,25,65.97,68.42,64.39,2.06,1.1,1,0,330,Normal,0.0,0
2025-02-15 10:32:00,23,83.46,41.83,62.89,2.13,2.04,1,0,394,Normal,0.0,0
2025-03-07 19:16:00,6,95.52,43.76,65.08,4.9,0.73,0,1,6,Normal,1.0,1
2025-01-12 21:06:00,36,67.15,39.23,76.31,2.51,4.44,1,0,359,Normal,0.0,0
2025-01-13 08:34:00,45,73.42,38.56,31.24,2.89,0.95,0,0,170,Normal,0.0,0
2025-02-28 06:27:00,44,92.69,43.45,30.44,2.99,1.75,1,1,42,Normal,1.0,1
2025-02-09 21:16:00,42,91.68,56.83,58.59,1.66,1.02,1,1,49,Normal,1.0,1
2025-01-02 07:18:00,28,71.02,49.06,55.97,3.83,3.53,1,0,33,Normal,0.0,0
2025-02-25 01:06:00,36,78.11,52.64,66.9,1.29,0.56,0,0,38,Normal,0.0,0
2025-02-08 05:06:00,16,83.73,29.48,79.02,3.87,3.65,2,0,210,Overheating,0.0,1
2025-01-27 19:03:00,13,68.35,38.24,50.53,2.55,3.87,1,0,120,Normal,0.0,0
2025-03-10 10:58:00,21,82.23,47.28,56.17,4.68,2.52,1,0,247,Normal,0.0,0
2025-02-24 02:08:00,28,58.83,55.69,64.82,2.13,3.03,1,0,147,Normal,0.0,0
2025-02-26 15:30:00,46,72.68,42.63,33.57,4.34,2.0,1,0,37,Normal,0.0,0
2025-01-29 02:15:00,35,77.14,21.28,54.37,2.73,1.26,1,0,362,Normal,0.0,0
2025-02-08 14:56:00,1,57.79,68.72,67.44,2.76,4.8,1,0,196,Normal,0.0,0
2025-02-17 03:16:00,45,77.5,44.41,53.02,4.26,0.8,2,0,193,Normal,0.0,1
2025-01-24 15:21:00,30,59.88,55.18,56.85,2.43,0.52,1,0,211,Normal,0.0,0
2025-01-27 00:35:00,8,66.16,62.91,49.75,1.39,1.3,1,0,369,Normal,0.0,0
2025-01-14 17:31:00,28,92.91,69.86,37.0,1.47,2.69,1,1,42,Normal,1.0,1
2025-02-27 07:58:00,15,79.48,21.58,71.32,1.79,2.19,1,0,150,Normal,0.0,0
2025-02-04 01:51:00,49,55.74,48.17,62.87,2.01,2.59,0,0,249,Normal,0.0,0
2025-02-11 08:22:00,50,57.45,57.79,56.88,2.83,3.38,1,0,215,Normal,0.0,0
2025-03-05 23:02:00,20,56.26,30.51,31.07,1.72,2.63,1,0,202,Normal,0.0,0
2025-01-10 19:59:00,45,62.51,60.24,45.25,3.16,4.39,1,0,66,Normal,0.0,0
2025-01-10 23:20:00,48,74.07,96.93,69.78,1.17,0.94,1,1,4,Normal,1.0,1
2025-02-08 15:56:00,22,60.18,32.91,70.35,2.51,0.6,2,0,170,Vibration Issue,0.0,1
2025-02-20 01:40:00,36,83.6,73.45,48.96,3.7,4.38,1,0,86,Normal,0.0,0
2025-01-05 00:32:00,5,65.61,42.01,46.73,4.6,1.05,1,0,155,Normal,0.0,0
2025-03-03 20:10:00,20,77.86,68.03,62.31,4.41,1.07,1,0,489,Normal,0.0,0
2025-02-28 02:33:00,45,85.9,34.45,71.87,3.04,3.55,1,0,265,Normal,0.0,0
2025-01-27 00:27:00,10,79.59,51.06,79.13,1.54,1.09,1,0,406,Normal,0.0,0
2025-01-27 09:14:00,5,63.97,59.83,42.24,2.92,2.4,2,0,45,Vibration Issue,0.0,1
2025-01-29 06:13:00,26,90.38,26.56,36.38,4.59,3.07,2,1,12,Electrical Fault,1.0,1
2025-01-04 00:53:00,32,95.41,43.37,59.11,2.03,3.14,1,1,20,Normal,1.0,1
2025-01-31 01:18:00,19,76.21,43.49,42.95,1.62,1.29,1,0,458,Normal,0.0,0
2025-03-08 05:22:00,7,79.36,51.13,76.31,2.07,4.18,1,0,328,Normal,0.0,0
2025-03-08 01:39:00,24,72.08,55.46,57.54,1.68,0.96,1,0,69,Normal,0.0,0
2025-01-10 09:50:00,19,81.51,31.9,60.43,4.22,3.5,2,0,385,Vibration Issue,0.0,1
2025-02-17 20:09:00,39,91.2,45.63,36.9,1.88,3.13,1,1,39,Normal,1.0,1
2025-01-29 10:02:00,42,71.87,24.59,77.01,3.79,4.75,2,0,312,Vibration Issue,0.0,1
2025-01-30 04:55:00,22,66.1,65.06,50.17,3.3,0.7,2,0,11,Vibration Issue,0.0,1
2025-02-19 11:50:00,17,81.05,44.94,48.14,1.12,1.04,1,0,204,Normal,0.0,0
2025-03-08 18:47:00,9,60.29,34.49,73.56,1.93,4.94,2,0,383,Normal,0.0,1
2025-03-11 06:12:00,48,87.96,46.44,78.04,2.35,1.8,1,0,374,Normal,0.0,0
2025-01-06 10:18:00,12,76.67,62.88,63.25,3.03,1.8,1,0,111,Normal,0.0,0
2025-03-03 13:48:00,30,56.71,23.23,50.79,3.89,2.5,1,0,482,Normal,0.0,0
2025-03-05 16:25:00,30,61.15,61.85,63.27,4.86,4.28,1,0,21,Normal,0.0,0
2025-01-28 09:53:00,22,83.29,15.76,68.22,4.16,2.75,1,0,337,Normal,0.0,0
2025-01-21 21:20:00,47,75.84,57.29,31.03,3.7,2.6,1,0,82,Normal,0.0,0
2025-01-10 20:15:00,47,67.41,55.74,72.15,1.29,4.66,1,0,381,Normal,0.0,0
2025-03-03 18:05:00,10,74.24,63.72,40.83,1.78,2.29,0,0,74,Normal,0.0,0
2025-02-07 04:00:00,50,55.68,22.37,50.0,4.95,3.03,0,0,433,Normal,0.0,0
2025-01-24 06:08:00,1,53.73,34.63,71.5,4.74,4.32,1,0,123,Normal,0.0,0
2025-02-20 03:42:00,23,75.5,49.43,40.08,1.39,4.88,1,0,387,Normal,0.0,0
2025-01-23 21:45:00,10,81.33,49.94,56.75,3.53,2.34,2,0,389,Normal,0.0,1
2025-01-17 11:36:00,44,74.59,64.07,69.19,2.88,2.57,1,0,478,Normal,0.0,0
2025-01-10 01:00:00,11,81.77,41.94,42.41,3.85,2.2,1,0,250,Normal,0.0,0
2025-01-23 15:40:00,44,78.92,43.45,47.45,3.82,2.59,1,0,492,Normal,0.0,0
2025-02-04 10:41:00,32,65.18,32.69,79.65,1.18,1.92,1,0,236,Normal,0.0,0
2025-01-23 10:38:00,11,55.47,64.42,53.39,2.24,4.9,1,0,439,Normal,0.0,0
2025-02-13 09:00:00,36,81.54,47.52,60.31,1.54,0.87,0,0,45,Normal,0.0,0
2025-02-14 13:18:00,28,79.89,45.79,63.37,1.87,1.54,1,0,274,Normal,0.0,0
2025-03-03 21:20:00,2,62.63,53.51,51.57,2.0,3.8,1,0,371,Normal,0.0,0
2025-01-07 05:15:00,18,88.56,56.94,53.93,4.36,2.33,1,0,240,Normal,0.0,0
2025-01-04 10:52:00,9,82.98,40.43,76.49,1.39,2.49,1,0,227,Normal,0.0,0
2025-03-09 00:49:00,48,90.7,45.87,39.58,1.3,4.59,1,1,36,Normal,1.0,1
2025-02-09 04:19:00,20,72.78,55.93,69.08,1.08,0.76,1,0,396,Normal,0.0,0
2025-02-24 08:06:00,47,74.74,81.31,70.32,4.36,3.04,1,1,49,Normal,1.0,1
2025-01-13 16:25:00,26,78.06,53.95,48.94,4.35,2.53,1,0,11,Normal,0.0,1
2025-01-11 20:53:00,20,92.36,63.52,56.42,2.18,4.2,1,1,29,Normal,1.0,1
2025-01-03 10:56:00,6,64.55,49.56,33.18,3.4,4.65,2,0,406,Overheating,0.0,1
2025-02-06 16:25:00,43,58.05,70.08,64.73,2.49,3.76,1,0,454,Normal,0.0,0
2025-02-11 16:17:00,12,83.99,48.92,46.39,2.9,0.73,1,0,131,Normal,0.0,0
2025-01-18 03:41:00,10,68.24,88.22,77.5,4.77,1.91,1,1,31,Normal,1.0,1
2025-01-09 19:22:00,49,64.02,26.76,45.34,3.29,4.55,1,0,258,Normal,0.0,0
2025-01-19 18:32:00,10,51.45,58.74,36.67,2.98,0.57,1,0,301,Normal,0.0,0
2025-02-21 14:53:00,4,80.92,51.49,61.39,3.12,1.54,1,0,374,Normal,0.0,0
2025-01-15 04:52:00,34,90.63,41.97,61.33,3.89,3.09,1,1,27,Normal,1.0,1
2025-01-02 04:23:00,34,71.73,32.92,78.98,1.63,2.5,1,0,240,Normal,0.0,0
2025-01-17 09:58:00,49,78.4,29.19,44.4,2.93,4.43,1,0,118,Normal,0.0,0
2025-03-09 21:10:00,44,75.74,47.21,56.95,4.94,4.83,1,0,70,Normal,0.0,0
2025-01-18 05:38:00,32,56.31,46.92,33.02,4.09,2.57,1,0,34,Normal,0.0,0
2025-03-05 20:37:00,8,72.71,57.75,54.24,4.38,4.96,1,0,488,Normal,0.0,0
2025-02-24 07:51:00,35,79.67,45.9,63.98,2.21,1.45,1,0,269,Normal,0.0,0
2025-02-02 04:26:00,15,77.18,49.51,60.73,4.1,3.77,1,0,175,Normal,0.0,0
2025-02-19 12:47:00,18,71.55,51.3,33.23,2.15,2.4,1,0,465,Normal,0.0,0
2025-01-30 12:58:00,33,69.31,56.98,60.71,1.51,3.69,1,0,61,Normal,0.0,0
2025-02-20 16:33:00,49,83.34,41.72,37.12,3.03,1.76,1,0,300,Normal,0.0,0
2025-02-13 22:31:00,35,79.12,71.31,65.6,3.09,2.88,1,0,418,Normal,0.0,0
2025-01-15 19:41:00,28,76.55,42.92,37.39,1.43,3.78,0,0,292,Normal,0.0,0
2025-02-05 18:23:00,34,91.63,48.0,62.17,1.71,3.7,2,1,30,Vibration Issue,1.0,1
2025-01-27 12:35:00,42,86.64,67.49,64.18,1.28,0.98,1,0,355,Normal,0.0,0
2025-03-09 07:41:00,24,72.48,27.98,48.96,3.41,1.57,1,0,254,Normal,0.0,0
2025-03-09 17:48:00,1,64.15,77.78,35.74,4.67,4.28,0,0,461,Normal,0.0,0
2025-02-22 09:51:00,29,69.25,57.99,44.95,3.34,2.27,1,0,349,Normal,0.0,0
2025-02-17 23:33:00,22,54.67,37.0,72.63,1.83,1.34,1,0,307,Normal,0.0,0
2025-01-11 05:11:00,31,83.01,68.28,41.65,1.48,4.28,1,0,37,Normal,0.0,0
2025-03-07 00:23:00,48,62.09,31.96,46.17,3.15,0.96,1,0,393,Normal,0.0,0
2025-01-09 10:10:00,36,76.31,37.44,70.11,2.58,2.43,1,0,240,Normal,0.0,0
2025-02-02 11:15:00,44,78.38,51.4,35.32,3.69,1.47,1,0,110,Normal,0.0,0
2025-01-19 20:01:00,2,73.63,45.47,58.33,2.42,2.07,1,0,23,Normal,0.0,0
2025-03-03 05:16:00,50,84.63,65.75,46.58,2.11,0.86,1,0,166,Normal,0.0,0
2025-02-01 21:47:00,21,81.14,54.6,75.58,4.55,4.89,1,0,303,Normal,0.0,0
2025-01-12 19:20:00,18,87.19,50.71,58.2,4.66,0.79,1,0,141,Normal,0.0,0
2025-02-16 07:29:00,9,84.17,47.44,59.93,3.75,0.89,2,0,277,Pressure Drop,0.0,1
2025-03-06 08:17:00,41,82.58,54.13,69.53,3.67,1.61,1,0,480,Normal,0.0,0
2025-03-01 02:06:00,25,70.78,25.41,53.58,2.65,2.43,1,0,83,Normal,0.0,0
2025-01-12 23:07:00,24,71.33,49.54,66.14,1.72,0.51,0,0,358,Normal,0.0,0
2025-01-14 12:07:00,29,74.74,50.57,31.72,3.31,2.82,1,0,159,Normal,0.0,0
2025-03-02 22:35:00,40,76.92,79.06,49.37,1.05,1.38,1,0,110,Normal,0.0,0
2025-02-11 04:08:00,38,67.27,35.81,74.15,2.44,4.87,1,0,197,Normal,0.0,0
2025-01-31 23:36:00,43,90.56,60.3,55.01,3.07,1.2,0,1,38,Normal,1.0,1
2025-03-04 16:06:00,36,71.93,40.3,57.94,1.14,1.28,2,0,104,Overheating,0.0,1
2025-02-20 03:07:00,50,70.83,17.41,73.19,2.79,3.76,1,0,391,Normal,0.0,0
2025-01-02 14:22:00,35,74.28,65.02,77.37,1.6,0.75,1,0,493,Normal,0.0,0
2025-01-08 15:36:00,28,62.95,44.73,75.02,1.76,1.21,0,0,28,Normal,0.0,0
2025-01-10 20:21:00,45,75.35,57.19,44.98,1.19,3.11,1,0,160,Normal,0.0,0
2025-03-10 09:36:00,3,64.03,46.07,32.35,2.62,0.95,1,0,154,Normal,0.0,0
2025-01-05 00:23:00,42,86.08,45.01,42.44,2.58,2.43,1,0,434,Normal,0.0,0
2025-02-24 19:35:00,4,63.89,70.91,30.69,2.15,3.12,1,0,52,Normal,0.0,0
2025-01-26 16:54:00,35,56.54,57.89,61.1,3.53,0.83,1,0,394,Normal,0.0,0
2025-01-07 16:40:00,35,64.78,48.76,38.67,1.54,3.96,1,0,251,Normal,0.0,0
2025-01-11 21:31:00,34,78.08,50.37,78.15,1.93,3.1,0,0,288,Normal,0.0,0
2025-02-27 09:40:00,22,65.56,51.62,41.9,4.84,2.46,1,0,342,Normal,0.0,0
2025-01-27 10:01:00,6,68.19,58.45,62.53,2.41,4.86,1,0,492,Normal,0.0,0
2025-02-14 01:36:00,3,77.2,22.61,67.55,2.34,3.57,1,0,19,Normal,0.0,1
2025-03-02 10:58:00,18,74.8,37.28,68.79,1.9,4.6,1,0,263,Normal,0.0,0
2025-02-28 03:25:00,31,71.06,38.4,36.9,2.27,2.34,1,0,325,Normal,0.0,0
2025-01-27 09:11:00,44,77.69,54.04,75.53,3.5,1.01,1,0,105,Normal,0.0,0
2025-01-01 19:49:00,5,76.14,58.86,54.04,4.01,3.03,2,0,128,Normal,0.0,1
2025-01-26 09:23:00,7,66.28,46.14,51.83,1.97,0.72,1,0,436,Normal,0.0,0
2025-01-28 15:44:00,38,81.33,66.54,34.22,1.36,0.69,1,0,397,Normal,0.0,0
2025-01-25 19:51:00,30,65.52,30.6,66.77,4.84,0.63,1,0,316,Normal,0.0,0
2025-01-21 20:12:00,29,65.78,73.35,42.18,1.71,1.83,1,0,346,Normal,0.0,0
2025-02-08 11:19:00,11,70.13,45.81,34.12,2.76,2.87,1,0,146,Normal,0.0,0
2025-01-06 09:01:00,13,80.62,77.28,56.7,3.57,1.07,1,0,311,Normal,0.0,0
2025-01-29 03:26:00,37,62.71,51.87,31.19,1.34,3.36,0,0,225,Normal,0.0,0
2025-01-19 23:58:00,15,63.58,52.9,79.53,3.64,1.0,1,0,343,Normal,0.0,0
2025-02-19 01:05:00,43,81.33,35.76,69.04,4.92,1.11,1,0,222,Normal,0.0,0
2025-01-19 20:49:00,19,77.8,58.25,75.28,2.25,4.34,1,0,277,Normal,0.0,0
2025-02-10 08:16:00,39,88.01,64.35,56.01,4.31,4.4,1,0,368,Normal,0.0,0
2025-01-20 08:26:00,29,68.26,37.47,78.16,4.04,0.81,1,0,334,Normal,0.0,0
2025-01-16 15:51:00,29,63.1,48.86,63.06,2.9,2.74,1,0,83,Normal,0.0,0
2025-02-14 05:15:00,36,80.8,26.13,35.11,2.93,2.74,1,0,56,Normal,0.0,0
2025-01-26 05:25:00,24,72.33,44.31,52.72,1.62,2.65,1,0,209,Normal,0.0,0
2025-01-11 14:12:00,2,76.02,28.59,73.98,4.71,1.86,1,0,229,Normal,0.0,0
2025-02-12 06:45:00,41,68.19,45.59,39.54,2.24,2.37,1,0,104,Normal,0.0,0
2025-01-16 20:18:00,46,74.0,38.71,50.42,4.56,1.26,2,0,191,Overheating,0.0,1
2025-02-21 06:19:00,7,72.82,46.41,50.79,1.89,1.12,0,0,359,Normal,0.0,0
2025-01-17 09:26:00,8,81.36,63.05,36.86,4.72,3.19,2,0,245,Normal,0.0,1
2025-01-08 20:59:00,1,113.57,57.47,71.89,2.1,0.63,1,1,37,Normal,1.0,1
2025-01-30 08:58:00,11,67.06,14.7,70.1,1.84,4.67,0,0,275,Normal,0.0,0
2025-02-26 12:28:00,42,71.75,45.08,64.68,3.45,2.38,1,0,472,Normal,0.0,0
2025-03-10 11:21:00,28,81.1,74.45,68.93,3.6,0.86,1,0,111,Normal,0.0,0
2025-01-11 04:06:00,7,58.96,48.76,68.64,2.16,3.78,0,0,90,Normal,0.0,0
2025-02-07 03:37:00,8,66.8,24.65,71.9,1.75,1.85,1,0,143,Normal,0.0,0
2025-02-06 10:40:00,15,94.69,31.97,58.38,3.46,4.59,1,1,8,Normal,1.0,1
2025-02-23 14:16:00,43,88.01,40.31,56.79,3.07,1.6,2,0,426,Normal,0.0,1
2025-02-17 07:44:00,46,68.74,80.46,46.65,4.26,1.5,1,1,28,Normal,1.0,1
2025-01-23 11:31:00,6,80.11,42.39,42.24,4.34,2.15,2,0,201,Vibration Issue,0.0,1
2025-01-23 22:53:00,17,77.94,56.41,47.03,4.08,3.68,1,0,131,Normal,0.0,0
2025-03-01 09:49:00,13,82.09,53.1,59.37,3.35,4.91,1,0,17,Normal,0.0,1
2025-02-09 00:02:00,18,70.74,50.68,77.77,4.55,1.75,1,0,19,Normal,0.0,1
2025-02-18 20:55:00,22,66.7,48.1,70.32,4.47,1.17,1,0,493,Normal,0.0,0
2025-02-20 04:00:00,26,87.43,46.97,42.83,2.4,0.81,1,0,497,Normal,0.0,0
2025-02-10 22:29:00,6,75.33,80.67,61.22,3.48,2.52,1,1,25,Normal,1.0,1
2025-01-20 07:43:00,17,73.56,47.06,63.8,3.28,1.3,1,0,260,Normal,0.0,0
2025-01-16 00:38:00,31,74.42,33.58,49.83,2.51,0.97,1,0,355,Normal,0.0,0
2025-02-24 04:19:00,20,83.4,34.08,70.71,3.15,0.6,1,0,419,Normal,0.0,0
2025-03-07 22:39:00,5,76.61,64.61,68.77,1.61,1.07,2,0,294,Pressure Drop,0.0,1
2025-01-25 19:58:00,2,67.19,61.67,47.99,4.87,1.75,1,0,100,Normal,0.0,0
2025-03-03 17:07:00,5,83.43,44.59,73.23,2.37,2.34,1,0,55,Normal,0.0,0
2025-03-06 07:58:00,44,92.79,51.94,70.48,2.07,4.7,0,1,39,Normal,1.0,1
2025-02-09 14:23:00,36,51.5,58.62,41.84,2.48,4.49,1,0,206,Normal,0.0,0
2025-01-03 09:04:00,26,81.6,66.63,63.75,2.14,1.52,0,0,452,Normal,0.0,0
2025-01-16 20:17:00,50,75.59,18.76,74.74,3.37,4.55,1,0,221,Normal,0.0,0
2025-01-11 21:26:00,14,70.67,49.57,74.89,2.15,4.13,1,0,38,Normal,0.0,0
2025-02-26 08:23:00,40,62.84,37.17,70.43,1.96,0.51,1,0,455,Normal,0.0,0
2025-02-13 07:44:00,20,85.25,44.07,67.77,1.75,2.53,1,0,88,Normal,0.0,0
2025-03-04 06:04:00,14,40.51,62.13,76.55,1.58,0.84,1,0,96,Normal,0.0,0
2025-02-01 13:04:00,20,71.44,70.49,43.62,3.0,2.26,1,0,373,Normal,0.0,0
2025-02-19 15:07:00,36,72.98,58.52,63.24,3.66,2.13,1,0,398,Normal,0.0,0
2025-01-27 12:13:00,26,76.06,45.18,35.74,2.57,4.84,1,0,37,Normal,0.0,0
2025-01-14 14:50:00,8,83.98,28.38,72.54,2.49,4.37,1,0,332,Normal,0.0,0
2025-02-11 01:36:00,39,69.8,61.71,61.41,1.83,3.43,1,0,412,Normal,0.0,0
2025-01-16 14:45:00,44,84.33,81.21,41.55,3.01,1.86,0,1,7,Normal,1.0,1
2025-01-12 10:04:00,20,73.9,29.03,34.08,4.79,2.94,2,0,226,Vibration Issue,0.0,1
2025-02-12 08:47:00,25,52.26,54.64,47.05,4.59,0.57,1,0,358,Normal,0.0,0
2025-02-24 06:33:00,20,71.4,46.54,59.33,2.58,1.63,1,0,390,Normal,0.0,0
2025-01-26 20:05:00,35,71.85,42.24,45.02,2.2,0.97,1,0,145,Normal,0.0,0
2025-02-09 01:32:00,40,78.77,61.03,52.52,1.06,0.56,0,0,482,Normal,0.0,0
2025-02-22 01:53:00,31,73.85,42.05,59.72,1.69,2.53,1,0,322,Normal,0.0,0
2025-01-23 13:17:00,13,68.72,58.65,61.91,3.01,4.7,1,0,441,Normal,0.0,0
2025-02-03 01:49:00,13,82.36,37.11,70.9,1.83,0.91,1,0,80,Normal,0.0,0
2025-01-29 04:57:00,7,66.37,47.72,47.1,2.74,2.31,1,0,219,Normal,0.0,0
2025-02-02 06:54:00,31,75.96,46.73,52.37,3.82,1.45,1,0,161,Normal,0.0,0
2025-02-08 13:48:00,10,73.4,51.45,41.1,3.1,2.2,0,0,429,Normal,0.0,0
2025-01-05 08:45:00,28,50.93,58.04,61.54,4.94,2.56,1,0,134,Normal,0.0,0
2025-02-02 09:46:00,24,68.91,63.85,63.0,3.37,4.02,2,0,255,Overheating,0.0,1
2025-01-28 10:33:00,42,63.34,59.16,77.87,3.48,0.59,1,0,384,Normal,0.0,0
2025-02-20 12:35:00,7,78.02,42.17,53.95,2.47,1.79,1,0,211,Normal,0.0,0
2025-02-09 09:48:00,47,97.76,49.92,48.69,1.69,0.78,1,1,34,Normal,1.0,1
2025-03-08 10:25:00,44,95.24,51.04,36.25,4.27,3.04,1,1,30,Normal,1.0,1
2025-02-22 06:56:00,23,58.21,57.33,59.79,4.53,4.85,1,0,25,Normal,0.0,0
2025-01-24 03:48:00,28,67.24,45.73,32.38,4.81,1.92,1,0,441,Normal,0.0,0
2025-01-01 11:12:00,36,63.01,36.83,74.89,1.36,4.0,1,0,112,Normal,0.0,0
2025-02-05 20:37:00,39,84.79,50.66,56.89,4.65,1.45,1,0,81,Normal,0.0,0
2025-02-26 21:55:00,32,72.87,49.03,57.57,3.35,0.72,1,0,146,Normal,0.0,0
2025-01-11 00:55:00,46,74.97,60.13,77.42,2.82,3.64,1,0,420,Normal,0.0,0
2025-01-14 17:05:00,2,68.05,81.31,45.06,2.86,2.35,2,1,34,Electrical Fault,1.0,1
2025-02-04 06:15:00,10,73.25,35.42,60.41,4.99,4.29,1,0,268,Normal,0.0,0
2025-02-10 04:49:00,4,66.65,54.59,65.25,1.74,1.49,1,0,426,Normal,0.0,0
2025-02-21 07:38:00,19,78.04,46.22,49.3,3.22,1.49,1,0,79,Normal,0.0,0
2025-01-13 18:54:00,48,79.67,49.69,33.39,4.3,1.28,0,0,455,Normal,0.0,0
2025-01-29 13:14:00,11,64.94,43.98,39.8,1.35,0.89,1,0,318,Normal,0.0,0
2025-02-19 00:26:00,46,63.96,65.32,34.76,3.58,1.54,1,0,444,Normal,0.0,0
2025-02-06 14:25:00,43,82.57,51.87,32.14,3.41,0.98,1,0,437,Normal,0.0,0
2025-02-28 04:00:00,44,77.61,66.48,64.15,1.35,4.45,1,0,201,Normal,0.0,0
2025-01-19 09:14:00,22,81.75,62.14,52.38,1.36,2.09,1,0,119,Normal,0.0,0
2025-01-04 23:55:00,28,70.11,63.86,45.28,4.68,4.44,1,0,447,Normal,0.0,0
2025-02-15 01:04:00,9,88.56,44.92,49.29,3.63,4.92,1,0,425,Normal,0.0,0
2025-03-10 00:55:00,48,74.35,53.57,67.75,3.48,1.79,1,0,237,Normal,0.0,0
2025-02-25 10:37:00,25,60.73,71.96,74.39,2.17,4.5,1,0,443,Normal,0.0,0
2025-01-22 22:40:00,30,77.77,50.92,39.91,4.49,1.27,1,0,330,Normal,0.0,0
2025-02-23 01:01:00,13,66.19,55.99,49.99,4.6,2.14,1,0,487,Normal,0.0,0
2025-02-20 04:53:00,37,69.03,50.55,46.33,3.73,1.1,0,0,197,Normal,0.0,0
2025-02-03 14:24:00,48,73.73,53.96,60.74,3.59,1.48,1,0,419,Normal,0.0,0
2025-03-04 20:24:00,6,88.63,59.11,54.59,4.72,2.77,1,0,407,Normal,0.0,0
2025-02-01 04:07:00,5,85.61,23.8,38.38,4.49,3.76,0,0,21,Normal,0.0,0
2025-02-27 07:10:00,32,80.26,52.61,44.21,3.3,4.79,1,0,303,Normal,0.0,0
2025-03-01 12:43:00,22,69.03,3.62,56.58,4.91,2.66,0,0,443,Normal,0.0,0
2025-01-18 11:20:00,49,72.49,39.97,76.55,2.33,1.44,1,0,281,Normal,0.0,0
2025-01-01 07:47:00,1,71.61,50.89,47.79,3.01,0.9,1,0,14,Normal,0.0,1
2025-03-03 23:57:00,16,81.28,54.8,65.95,2.58,4.5,2,0,481,Vibration Issue,0.0,1
2025-02-19 02:31:00,44,78.98,34.09,48.81,2.6,3.89,1,0,193,Normal,0.0,0
2025-01-01 01:51:00,33,72.2,23.77,34.87,1.97,4.5,2,0,377,Vibration Issue,0.0,1
2025-02-18 19:16:00,44,87.95,39.12,54.5,4.73,1.34,0,0,296,Normal,0.0,0
2025-03-07 05:22:00,27,72.1,54.9,61.21,4.69,2.13,1,0,278,Normal,0.0,0
2025-02-19 12:29:00,22,68.06,65.41,59.72,3.99,3.99,1,0,26,Normal,0.0,0
2025-01-24 02:46:00,18,69.27,58.64,63.57,2.67,3.81,2,0,421,Normal,0.0,1
2025-01-16 06:10:00,39,80.6,35.94,48.45,4.85,2.1,1,0,224,Normal,0.0,0
2025-02-20 14:43:00,36,85.41,52.45,63.94,2.4,4.59,1,0,317,Normal,0.0,0
2025-01-28 17:42:00,23,75.91,42.94,50.58,4.05,3.09,1,0,122,Normal,0.0,0
2025-02-04 11:58:00,5,74.73,43.86,61.56,4.19,3.01,1,0,489,Normal,0.0,0
2025-02-16 15:01:00,19,64.0,57.71,37.31,1.33,4.42,1,0,438,Normal,0.0,0
2025-01-14 18:39:00,19,90.79,55.58,67.06,2.89,3.19,1,1,39,Normal,1.0,1
2025-01-29 07:17:00,48,75.81,43.87,72.61,4.39,1.22,1,0,60,Normal,0.0,0
2025-01-14 11:52:00,31,73.97,21.57,50.26,1.67,0.79,1,0,45,Normal,0.0,0
2025-02-01 20:55:00,34,80.2,52.78,54.79,1.31,4.84,2,0,481,Overheating,0.0,1
2025-03-06 20:36:00,1,74.52,24.27,35.59,4.92,1.02,2,0,368,Vibration Issue,0.0,1
2025-02-28 17:38:00,43,79.29,55.59,48.57,1.58,2.06,1,0,409,Normal,0.0,0
2025-02-11 16:09:00,1,91.72,24.18,50.27,1.9,0.78,1,1,16,Normal,1.0,1
2025-02-06 03:19:00,34,73.17,35.23,59.19,3.92,4.18,1,0,25,Normal,0.0,0
2025-02-03 21:12:00,7,66.95,38.47,77.76,3.68,4.44,1,0,499,Normal,0.0,0
2025-01-27 15:43:00,47,75.18,59.84,41.75,3.56,2.09,1,0,12,Normal,0.0,1
2025-01-11 11:36:00,49,76.39,53.44,42.8,4.19,2.73,1,0,327,Normal,0.0,0
2025-01-07 05:16:00,50,75.0,61.17,30.34,4.39,4.05,1,0,17,Normal,0.0,1
2025-02-06 16:24:00,42,66.67,40.58,62.78,3.43,3.86,1,0,414,Normal,0.0,0
2025-02-08 20:16:00,32,74.04,54.32,50.84,3.01,4.44,1,0,378,Normal,0.0,0
2025-01-09 07:49:00,3,82.97,25.76,68.37,3.81,1.12,0,0,347,Normal,0.0,0
2025-02-27 14:47:00,49,52.18,37.91,68.84,3.04,2.64,1,0,301,Normal,0.0,0
2025-02-09 11:46:00,26,66.4,48.95,67.59,2.83,4.02,1,0,403,Normal,0.0,0
2025-03-01 07:34:00,46,71.0,58.11,62.41,3.61,0.66,1,0,93,Normal,0.0,0
2025-01-20 18:52:00,50,84.22,70.04,30.06,1.95,0.75,2,0,352,Overheating,0.0,1
2025-02-10 01:35:00,29,47.97,16.13,43.42,3.53,2.49,1,0,27,Normal,0.0,0
2025-01-22 03:47:00,32,75.59,61.94,66.9,2.91,4.67,0,0,103,Normal,0.0,0
2025-02-06 08:51:00,5,73.19,52.39,56.34,1.2,2.38,1,0,269,Normal,0.0,0
2025-03-08 00:53:00,36,68.12,80.94,65.91,2.55,4.86,1,1,37,Normal,1.0,1
2025-03-09 09:17:00,50,79.81,57.49,75.52,2.45,0.78,0,0,120,Normal,0.0,0
2025-02-20 15:13:00,41,65.18,35.35,71.42,4.2,3.37,1,0,432,Normal,0.0,0
2025-02-08 19:25:00,23,70.41,68.32,47.54,2.55,3.8,1,0,184,Normal,0.0,0
2025-01-07 04:13:00,39,91.01,56.46,38.65,3.96,3.25,1,1,36,Normal,1.0,1
2025-01-25 13:17:00,37,84.81,55.6,38.51,2.14,2.41,1,0,17,Normal,0.0,1
2025-01-12 19:07:00,4,71.4,62.02,64.62,2.79,1.26,1,0,499,Normal,0.0,0
2025-01-22 15:24:00,12,85.39,4.67,58.42,3.72,4.54,1,0,238,Normal,0.0,0
2025-01-14 06:57:00,43,82.77,48.78,48.26,3.97,4.28,1,0,419,Normal,0.0,0
2025-01-03 06:13:00,41,60.29,37.89,74.71,1.35,3.96,1,0,261,Normal,0.0,0
2025-03-02 08:59:00,46,95.29,70.21,49.33,2.82,3.08,1,1,33,Normal,1.0,1
2025-03-10 21:48:00,16,77.16,46.73,74.97,1.77,3.66,1,0,409,Normal,0.0,0
2025-02-01 21:10:00,12,94.62,40.65,54.3,2.17,4.8,1,1,6,Normal,1.0,1
2025-03-03 08:38:00,19,82.03,54.95,60.27,1.76,3.91,1,0,470,Normal,0.0,0
2025-02-11 06:12:00,26,82.67,28.25,68.4,4.14,3.38,1,0,83,Normal,0.0,0
2025-01-10 23:33:00,48,84.09,51.31,71.66,3.97,2.04,1,0,361,Normal,0.0,0
2025-01-22 01:58:00,41,82.66,60.51,30.72,3.75,2.26,2,0,299,Pressure Drop,0.0,1
2025-03-07 15:06:00,49,73.46,50.61,43.94,4.07,4.13,1,0,404,Normal,0.0,0
2025-03-07 09:32:00,2,64.57,57.82,33.34,3.75,2.14,1,0,345,Normal,0.0,0
2025-02-16 05:35:00,50,85.9,54.03,51.27,1.1,2.83,0,0,451,Normal,0.0,0
2025-01-28 17:17:00,49,72.42,78.28,43.92,4.3,1.15,1,0,14,Normal,0.0,1
2025-02-12 16:51:00,15,77.96,45.99,39.74,2.05,4.19,0,0,324,Normal,0.0,0
2025-01-20 02:00:00,10,61.97,40.44,78.5,1.21,1.61,1,0,445,Normal,0.0,0
2025-02-04 03:27:00,5,78.7,46.63,39.44,3.81,1.01,1,0,163,Normal,0.0,0
2025-02-28 12:19:00,5,67.31,48.62,35.75,3.48,4.47,2,0,43,Normal,0.0,1
2025-03-09 16:37:00,30,91.85,54.24,76.92,3.02,2.6,1,1,24,Normal,1.0,1
2025-01-12 12:36:00,26,72.3,63.33,75.49,3.9,1.82,1,0,320,Normal,0.0,0
2025-01-30 16:24:00,3,61.56,57.11,44.88,1.46,3.23,1,0,399,Normal,0.0,0
2025-02-02 15:47:00,32,59.88,45.22,56.7,1.45,0.65,2,0,115,Pressure Drop,0.0,1
2025-01-15 00:45:00,48,78.52,44.6,49.64,2.19,4.19,1,0,109,Normal,0.0,0
2025-02-09 21:41:00,21,69.31,41.79,45.11,4.75,4.98,1,0,121,Normal,0.0,0
2025-03-03 04:58:00,42,66.07,38.53,55.38,4.94,1.78,1,0,196,Normal,0.0,0
2025-02-23 15:32:00,27,78.45,41.42,69.1,2.57,1.31,1,0,96,Normal,0.0,0
2025-01-28 20:51:00,46,54.32,49.59,47.31,3.0,1.68,1,0,181,Normal,0.0,0
2025-01-17 18:17:00,1,63.89,61.74,61.55,2.35,4.14,1,0,185,Normal,0.0,0
2025-01-12 19:23:00,18,98.35,34.95,68.53,1.88,4.1,1,1,21,Normal,1.0,1
2025-02-28 07:44:00,34,64.94,50.4,79.62,2.18,4.78,2,0,354,Overheating,0.0,1
2025-03-01 02:33:00,19,90.09,47.16,66.55,2.06,4.79,1,1,39,Normal,1.0,1
2025-02-20 11:35:00,16,74.19,29.07,39.4,2.06,4.11,1,0,411,Normal,0.0,0
2025-02-24 15:58:00,2,86.59,56.73,64.24,3.53,2.06,1,0,86,Normal,0.0,0
2025-02-03 04:09:00,47,74.97,57.25,37.11,4.22,4.0,1,0,380,Normal,0.0,0
2025-01-29 03:12:00,17,77.79,49.65,70.08,1.58,4.0,1,0,220,Normal,0.0,0
2025-03-03 14:35:00,23,57.34,29.16,49.49,2.52,1.71,1,0,242,Normal,0.0,0
2025-02-03 05:38:00,30,69.77,65.97,58.0,2.82,0.71,1,0,292,Normal,0.0,0
2025-02-25 11:00:00,25,70.05,70.16,40.78,2.81,4.84,1,0,414,Normal,0.0,0
2025-02-21 03:15:00,48,78.54,53.8,46.91,3.66,0.8,1,0,419,Normal,0.0,0
2025-02-21 15:13:00,18,79.86,45.41,32.3,4.04,4.26,0,0,419,Normal,0.0,0
2025-01-26 04:58:00,5,88.95,49.62,48.37,1.76,4.18,1,0,293,Normal,0.0,0
2025-02-03 19:26:00,44,79.52,46.82,57.72,4.99,3.95,2,0,300,Vibration Issue,0.0,1
2025-03-06 22:47:00,22,68.49,77.02,57.8,2.71,0.87,1,0,265,Normal,0.0,0
2025-02-03 02:20:00,46,69.48,67.38,56.75,2.82,2.67,2,0,373,Pressure Drop,0.0,1
2025-02-28 14:56:00,11,70.88,35.62,56.83,3.45,2.33,1,0,274,Normal,0.0,0
2025-02-27 09:04:00,14,85.51,23.12,67.17,2.7,1.31,1,0,73,Normal,0.0,0
2025-03-08 15:20:00,41,78.85,72.01,59.9,3.79,1.59,1,0,169,Normal,0.0,0
2025-01-26 03:37:00,10,71.07,62.58,30.45,3.58,2.53,2,0,327,Vibration Issue,0.0,1
2025-02-16 23:05:00,37,71.6,40.17,30.87,4.99,3.66,1,0,467,Normal,0.0,0
2025-01-16 13:46:00,3,77.67,37.38,53.93,1.45,1.88,1,0,453,Normal,0.0,0
2025-03-06 04:19:00,30,66.44,20.21,36.56,4.44,2.31,1,0,446,Normal,0.0,0
2025-02-10 18:09:00,36,74.41,73.65,55.31,1.59,4.71,1,0,271,Normal,0.0,0
2025-02-15 11:48:00,45,69.11,39.91,51.11,3.86,1.27,0,0,175,Normal,0.0,0
2025-03-02 08:49:00,20,67.77,63.33,50.23,2.74,5.0,1,0,174,Normal,0.0,0
2025-01-24 04:31:00,39,61.46,73.58,43.73,2.1,2.52,1,0,70,Normal,0.0,0
2025-02-08 17:45:00,26,61.76,48.26,33.73,1.41,1.35,1,0,300,Normal,0.0,0
2025-01-31 17:45:00,15,66.67,40.23,78.31,3.03,3.43,1,0,375,Normal,0.0,0
2025-03-03 20:45:00,15,72.7,63.04,40.61,1.05,1.1,1,0,113,Normal,0.0,0
2025-01-06 07:07:00,15,102.66,55.92,55.02,3.29,1.45,1,1,14,Normal,1.0,1
2025-01-02 19:30:00,7,87.84,56.22,74.57,4.39,1.47,1,0,146,Normal,0.0,0
2025-02-27 03:57:00,50,62.12,66.08,67.74,4.69,1.7,2,0,287,Electrical Fault,0.0,1
2025-01-23 02:10:00,17,84.61,34.92,41.12,4.3,4.37,0,0,153,Normal,0.0,0
2025-02-03 01:50:00,2,86.33,61.13,74.28,2.26,3.32,1,0,102,Normal,0.0,0
2025-01-01 09:05:00,29,82.37,54.4,79.13,1.55,2.86,1,0,103,Normal,0.0,0
2025-02-04 20:06:00,19,66.3,37.87,31.5,1.02,2.4,1,0,245,Normal,0.0,0
2025-01-14 10:07:00,12,92.71,72.68,51.2,3.82,1.83,1,1,20,Normal,1.0,1
2025-01-06 17:11:00,16,62.94,32.05,67.11,3.4,4.49,1,0,80,Normal,0.0,0
2025-01-22 06:49:00,20,86.13,47.4,40.79,1.73,3.03,1,0,455,Normal,0.0,0
2025-01-01 17:54:00,9,73.15,47.48,34.01,1.72,3.95,2,0,167,Overheating,0.0,1
2025-03-11 02:17:00,5,78.36,39.18,50.48,2.56,1.84,1,0,131,Normal,0.0,0
2025-01-09 12:44:00,17,61.37,57.32,50.07,2.74,0.83,1,0,156,Normal,0.0,0
2025-02-22 14:08:00,18,64.36,48.18,70.32,2.28,1.85,1,0,434,Normal,0.0,0
2025-01-05 14:00:00,16,72.72,35.77,39.57,1.62,4.13,1,0,168,Normal,0.0,0
2025-01-24 13:16:00,37,74.29,41.58,62.28,4.53,4.53,1,0,483,Normal,0.0,0
2025-02-25 10:19:00,38,79.69,58.17,38.96,1.86,3.84,0,0,395,Normal,0.0,0
2025-01-27 15:35:00,21,71.05,79.58,72.79,3.07,4.7,1,0,464,Normal,0.0,0
2025-02-20 13:46:00,7,73.5,55.02,78.74,1.73,4.76,1,0,127,Normal,0.0,0
2025-01-17 21:24:00,10,72.25,49.58,70.72,2.65,4.42,0,0,484,Normal,0.0,0
2025-01-05 08:16:00,2,71.39,32.23,54.46,1.11,2.36,1,0,254,Normal,0.0,0
2025-02-08 09:57:00,37,73.82,64.88,44.53,1.71,3.51,1,0,476,Normal,0.0,0
2025-01-03 18:33:00,1,94.44,62.52,49.45,1.79,1.63,1,1,43,Normal,1.0,1
2025-01-25 02:30:00,22,106.94,81.48,39.14,3.88,1.67,0,1,43,Normal,1.0,1
2025-01-17 21:45:00,10,77.49,67.05,32.6,5.0,4.67,1,0,155,Normal,0.0,0
2025-01-28 22:44:00,47,90.63,48.13,38.41,4.11,4.64,1,1,26,Normal,1.0,1
2025-01-26 01:24:00,19,69.16,71.31,47.1,3.13,2.79,2,0,374,Vibration Issue,0.0,1
2025-02-04 09:41:00,19,73.62,54.99,49.63,2.69,2.04,1,0,326,Normal,0.0,0
2025-01-30 13:56:00,9,70.0,41.57,62.49,4.66,4.75,1,0,452,Normal,0.0,0
2025-01-25 10:15:00,48,81.07,63.46,62.72,1.61,2.37,1,0,269,Normal,0.0,0
2025-01-01 03:15:00,37,73.77,42.2,72.58,1.73,1.25,1,0,346,Normal,0.0,0
2025-01-31 14:14:00,20,78.14,72.38,79.11,4.4,2.71,1,0,233,Normal,0.0,0
2025-02-19 12:17:00,48,87.4,32.45,62.33,1.99,1.98,1,0,20,Normal,0.0,0
2025-02-04 09:33:00,34,69.36,54.16,47.65,3.37,1.28,1,0,28,Normal,0.0,0
2025-03-09 07:08:00,35,77.22,33.0,46.31,2.45,0.68,1,0,129,Normal,0.0,0
2025-02-09 10:07:00,31,92.14,42.58,70.14,4.36,4.28,1,1,30,Normal,1.0,1
2025-02-13 14:00:00,43,74.11,85.06,77.65,2.0,4.5,1,1,39,Normal,1.0,1
2025-01-17 01:36:00,7,95.58,80.34,40.15,2.07,1.32,1,1,3,Normal,1.0,1
2025-02-20 22:16:00,30,70.81,63.37,68.38,3.52,1.57,1,0,302,Normal,0.0,0
2025-02-11 09:43:00,35,73.9,54.61,62.51,1.11,0.69,1,0,26,Normal,0.0,0
2025-01-21 18:59:00,46,90.21,12.96,57.71,3.75,1.47,1,1,43,Normal,1.0,1
2025-01-11 23:15:00,29,68.01,45.04,74.08,4.79,4.26,1,0,113,Normal,0.0,0
2025-02-22 13:37:00,35,74.99,39.61,41.96,3.31,2.02,1,0,331,Normal,0.0,0
2025-01-12 16:16:00,46,73.43,83.34,55.17,3.77,0.67,2,1,33,Overheating,1.0,1
2025-02-18 11:41:00,9,58.25,45.65,38.43,3.07,3.32,2,0,58,Normal,0.0,1
2025-01-26 01:05:00,36,68.47,60.09,48.08,4.88,3.08,1,0,236,Normal,0.0,0
2025-02-20 21:51:00,28,59.02,19.73,59.82,2.89,4.54,1,0,86,Normal,0.0,0
2025-03-07 22:10:00,17,81.17,42.25,64.49,4.3,3.94,1,0,383,Normal,0.0,0
2025-01-09 19:07:00,5,84.9,67.33,57.19,2.13,2.51,1,0,107,Normal,0.0,0
2025-01-11 20:03:00,30,75.8,33.3,67.96,3.52,2.7,1,0,233,Normal,0.0,0
2025-01-13 03:19:00,45,98.74,75.97,69.43,4.59,4.39,1,1,32,Normal,1.0,1
2025-02-11 17:44:00,43,77.83,69.03,51.39,2.5,1.17,1,0,352,Normal,0.0,0
2025-03-10 10:09:00,26,84.31,29.69,69.93,1.31,3.13,1,0,172,Normal,0.0,0
2025-01-07 05:35:00,4,91.05,58.06,66.26,4.34,1.38,1,1,29,Normal,1.0,1
2025-02-17 11:37:00,17,65.13,51.46,70.06,1.74,1.9,1,0,135,Normal,0.0,0
2025-01-29 10:49:00,8,74.1,37.45,44.25,4.43,2.49,0,0,341,Normal,0.0,0
2025-02-22 03:08:00,43,99.19,32.86,63.81,1.41,2.32,0,1,37,Normal,1.0,1
2025-02-03 23:33:00,2,69.41,60.2,49.7,2.78,3.02,1,0,193,Normal,0.0,0
2025-03-09 15:38:00,40,76.03,58.3,76.29,4.21,2.52,2,0,61,Electrical Fault,0.0,1
2025-01-31 17:42:00,23,67.54,42.53,61.72,4.45,3.78,1,0,184,Normal,0.0,0
2025-01-23 15:27:00,46,54.81,37.28,52.19,4.07,4.69,1,0,449,Normal,0.0,0
2025-02-17 17:24:00,45,62.35,50.5,45.52,3.74,4.73,1,0,125,Normal,0.0,0
2025-02-08 20:31:00,16,72.24,55.0,46.74,1.61,4.47,0,0,189,Normal,0.0,0
2025-02-07 23:49:00,10,79.45,65.86,52.68,2.95,3.96,1,0,237,Normal,0.0,0
2025-01-30 22:13:00,35,83.23,46.43,67.36,2.9,2.39,1,0,285,Normal,0.0,0
2025-02-17 20:35:00,6,92.91,39.03,64.45,4.86,2.5,1,1,37,Normal,1.0,1
2025-01-02 13:56:00,34,78.44,45.3,41.42,3.36,2.59,1,0,276,Normal,0.0,0
2025-02-27 02:54:00,24,79.99,40.29,55.74,2.27,2.08,1,0,499,Normal,0.0,0
2025-02-02 13:36:00,6,65.19,59.74,63.13,1.69,4.36,2,0,345,Vibration Issue,0.0,1
2025-02-24 21:29:00,13,72.76,53.31,52.79,4.2,0.91,1,0,358,Normal,0.0,0
2025-01-28 07:24:00,31,58.17,41.47,39.76,1.02,2.1,1,0,10,Normal,0.0,1
2025-02-04 11:02:00,43,95.5,48.44,63.71,4.3,0.67,1,1,42,Normal,1.0,1
2025-01-17 03:26:00,50,83.46,41.29,53.19,2.4,1.13,1,0,474,Normal,0.0,0
2025-03-05 11:01:00,15,78.76,43.24,45.05,1.72,2.3,1,0,412,Normal,0.0,0
2025-02-25 08:13:00,15,74.55,72.46,66.87,4.62,0.93,1,0,113,Normal,0.0,0
2025-02-07 12:52:00,12,77.58,61.76,50.1,1.65,1.5,0,0,284,Normal,0.0,0
2025-01-26 18:14:00,26,73.66,66.81,61.78,2.27,4.28,1,0,423,Normal,0.0,0
2025-02-12 17:30:00,12,84.88,44.98,73.13,3.38,2.89,1,0,91,Normal,0.0,0
2025-03-03 03:19:00,9,79.84,47.48,65.18,3.25,4.89,1,0,84,Normal,0.0,0
2025-02-08 21:18:00,1,76.22,30.57,33.83,1.5,3.44,1,0,405,Normal,0.0,0
2025-01-27 04:37:00,37,68.72,71.09,69.79,2.31,3.64,1,0,76,Normal,0.0,0
2025-02-09 00:03:00,31,83.08,22.22,62.58,3.58,2.98,1,0,256,Normal,0.0,0
2025-02-12 16:45:00,7,69.94,39.72,40.23,1.03,2.83,1,0,199,Normal,0.0,0
2025-01-14 03:20:00,22,67.05,39.59,68.72,2.62,0.61,0,0,429,Normal,0.0,0
2025-02-27 08:07:00,22,77.48,60.65,70.16,4.4,1.55,1,0,279,Normal,0.0,0
2025-01-01 06:16:00,3,84.19,30.34,72.83,3.18,2.84,0,0,122,Normal,0.0,0
2025-01-22 15:40:00,26,95.94,45.25,77.69,2.91,1.84,1,1,29,Normal,1.0,1
2025-02-23 20:54:00,36,69.07,36.22,47.83,3.3,1.02,1,0,362,Normal,0.0,0
2025-03-05 08:44:00,47,64.0,48.49,67.48,4.06,4.21,2,0,400,Vibration Issue,0.0,1
2025-01-13 11:29:00,20,88.59,42.32,73.21,1.53,2.6,1,0,263,Normal,0.0,0
2025-02-18 22:17:00,26,66.28,23.72,71.98,4.72,4.01,1,0,179,Normal,0.0,0
2025-02-22 08:10:00,38,78.25,64.5,32.17,1.44,2.31,1,0,464,Normal,0.0,0
2025-02-11 11:15:00,27,59.58,53.52,30.48,1.85,1.24,1,0,436,Normal,0.0,0
2025-01-29 04:00:00,8,77.78,53.01,56.84,3.94,4.65,1,0,61,Normal,0.0,0
2025-02-16 10:17:00,11,79.37,47.4,73.06,3.02,4.21,1,0,357,Normal,0.0,0
2025-02-05 15:09:00,33,64.5,24.95,54.76,4.24,2.61,2,0,212,Vibration Issue,0.0,1
2025-02-08 12:27:00,45,73.4,70.02,30.41,4.63,1.42,1,0,134,Normal,0.0,0
2025-03-04 03:37:00,29,74.67,22.52,48.97,1.57,3.89,1,0,481,Normal,0.0,0
2025-01-17 22:56:00,25,51.5,59.06,56.51,2.41,0.86,0,0,166,Normal,0.0,0
2025-02-07 23:37:00,23,67.89,42.25,49.42,3.68,1.93,2,0,164,Normal,0.0,1
2025-03-09 00:29:00,48,83.38,34.43,48.63,4.73,4.3,1,0,341,Normal,0.0,0
2025-01-09 00:04:00,17,90.57,55.86,78.24,4.26,1.33,1,1,27,Normal,1.0,1
2025-01-02 00:59:00,1,84.61,30.19,30.3,3.36,3.03,1,0,47,Normal,0.0,0
2025-03-09 00:56:00,32,85.12,45.66,62.45,2.65,3.07,1,0,386,Normal,0.0,0
2025-01-09 18:35:00,43,84.88,40.1,71.15,1.46,2.87,1,0,483,Normal,0.0,0
2025-01-08 10:58:00,47,63.9,35.11,76.28,1.51,4.97,1,0,435,Normal,0.0,0
2025-01-14 03:45:00,25,69.44,61.91,49.02,2.83,0.76,0,0,420,Normal,0.0,0
2025-01-30 05:15:00,44,79.38,43.96,69.72,1.38,4.99,1,0,280,Normal,0.0,0
2025-02-22 19:11:00,27,70.31,51.81,69.98,4.29,1.81,0,0,334,Normal,0.0,0
2025-01-30 14:06:00,10,77.53,12.49,77.53,1.91,1.76,0,0,236,Normal,0.0,0
2025-01-31 10:35:00,34,66.4,31.68,61.02,2.89,3.33,1,0,360,Normal,0.0,0
2025-02-16 20:32:00,48,69.04,44.61,48.77,4.96,1.62,1,0,99,Normal,0.0,0
2025-02-18 17:20:00,45,70.91,68.14,57.64,1.51,0.9,1,0,113,Normal,0.0,0
2025-02-28 02:41:00,1,90.72,35.99,42.79,1.26,4.08,1,1,27,Normal,1.0,1
2025-01-03 22:26:00,9,79.03,37.7,67.92,2.53,3.21,0,0,221,Normal,0.0,0
2025-02-24 23:10:00,31,65.77,51.39,70.7,4.03,3.69,1,0,332,Normal,0.0,0
2025-01-03 13:50:00,33,62.1,30.47,56.59,3.19,3.76,1,0,434,Normal,0.0,0
2025-01-20 04:14:00,38,50.05,21.18,59.59,1.19,4.88,1,0,370,Normal,0.0,0
2025-02-23 15:09:00,3,80.3,46.2,60.23,2.68,0.97,0,0,106,Normal,0.0,0
2025-01-30 17:12:00,13,94.17,85.46,71.48,3.07,3.37,1,1,27,Normal,1.0,1
2025-02-12 00:45:00,44,61.15,46.65,32.6,4.27,1.86,1,0,303,Normal,0.0,0
2025-02-26 17:09:00,48,74.14,43.34,51.23,1.29,1.73,1,0,194,Normal,0.0,0
2025-03-09 09:31:00,28,80.24,29.3,74.65,4.33,1.56,1,0,58,Normal,0.0,0
2025-01-05 09:48:00,34,84.56,29.94,33.35,3.55,4.91,1,0,468,Normal,0.0,0
2025-02-04 03:10:00,25,89.62,56.06,72.59,1.27,2.02,1,0,195,Normal,0.0,0
2025-02-06 04:50:00,39,77.59,39.22,33.18,2.36,4.45,2,0,488,Vibration Issue,0.0,1
2025-02-26 05:14:00,16,86.15,38.82,38.52,3.86,1.76,2,0,164,Electrical Fault,0.0,1
2025-02-16 08:29:00,20,62.94,44.31,34.85,2.76,4.38,1,0,176,Normal,0.0,0
2025-01-12 22:46:00,37,67.73,82.25,73.88,4.76,0.54,2,1,37,Pressure Drop,1.0,1
2025-03-04 05:41:00,47,88.97,26.82,32.3,4.68,1.19,2,0,437,Overheating,0.0,1
2025-01-14 07:29:00,17,89.65,56.37,60.42,2.05,3.94,1,0,345,Normal,0.0,0
2025-02-26 04:16:00,12,66.15,64.65,40.95,4.65,4.55,1,0,358,Normal,0.0,0
2025-03-04 21:59:00,11,85.63,78.91,72.87,4.97,2.03,0,0,486,Normal,0.0,0
2025-01-08 17:31:00,15,75.0,60.17,36.95,3.72,1.47,1,0,31,Normal,0.0,0
2025-02-02 05:57:00,8,80.91,28.36,75.9,4.62,2.39,1,0,377,Normal,0.0,0
2025-02-03 21:23:00,8,82.68,56.33,56.3,1.16,1.24,1,0,265,Normal,0.0,0
2025-02-01 12:18:00,6,74.17,47.36,40.6,2.96,3.79,1,0,276,Normal,0.0,0
2025-01-16 05:58:00,38,65.75,44.05,59.64,4.84,1.44,1,0,324,Normal,0.0,0
2025-01-04 19:22:00,30,70.42,59.09,45.68,3.8,0.82,2,0,453,Vibration Issue,0.0,1
2025-01-03 13:52:00,39,71.89,54.76,43.31,4.61,2.7,0,0,372,Normal,0.0,0
2025-02-03 02:04:00,50,74.97,33.34,47.65,3.95,1.82,1,0,127,Normal,0.0,0
2025-02-21 22:00:00,35,74.44,53.84,52.45,2.43,0.57,1,0,232,Normal,0.0,0
2025-01-09 04:10:00,37,83.52,65.59,67.24,1.54,3.11,1,0,368,Normal,0.0,0
2025-02-16 13:55:00,21,73.23,47.74,55.97,2.48,1.61,1,0,322,Normal,0.0,0
2025-02-02 06:55:00,21,92.21,53.28,56.24,1.12,4.84,0,1,7,Normal,1.0,1
2025-03-10 12:31:00,33,78.56,14.38,33.05,3.02,3.94,0,0,364,Normal,0.0,0
2025-02-24 02:43:00,19,51.0,46.62,62.24,4.91,4.36,2,0,325,Overheating,0.0,1
2025-03-05 17:48:00,19,75.62,21.26,65.28,3.69,1.08,0,0,87,Normal,0.0,0
2025-03-10 23:48:00,14,91.23,15.56,57.89,1.62,0.78,1,1,33,Normal,1.0,1
2025-01-10 10:38:00,12,81.38,39.4,52.79,3.23,3.08,1,0,318,Normal,0.0,0
2025-01-01 06:00:00,46,59.34,44.88,74.83,3.17,1.15,1,0,176,Normal,0.0,0
2025-01-18 15:34:00,37,71.25,34.08,34.05,1.94,2.74,1,0,96,Normal,0.0,0
2025-01-07 04:29:00,33,65.19,45.72,74.37,2.13,4.79,1,0,45,Normal,0.0,0
2025-01-17 10:24:00,25,77.27,58.22,77.69,3.64,1.4,1,0,478,Normal,0.0,0
2025-01-06 23:04:00,35,80.42,67.14,72.13,2.05,2.1,0,0,314,Normal,0.0,0
2025-03-08 02:36:00,20,68.17,65.52,42.07,1.49,3.47,1,0,110,Normal,0.0,0
2025-01-10 15:38:00,15,53.35,49.27,36.66,2.51,3.63,1,0,257,Normal,0.0,0
2025-03-10 16:29:00,41,71.77,61.3,32.78,2.15,0.68,0,0,35,Normal,0.0,0
2025-01-23 07:24:00,9,76.65,58.02,65.69,4.01,4.06,2,0,57,Vibration Issue,0.0,1
2025-01-19 05:01:00,29,47.74,43.65,49.44,4.46,3.95,1,0,32,Normal,0.0,0
2025-01-06 22:11:00,45,72.66,65.61,43.17,4.1,2.33,1,0,347,Normal,0.0,0
2025-02-15 13:23:00,2,86.35,63.91,56.49,3.19,2.1,2,0,64,Pressure Drop,0.0,1
2025-02-05 18:11:00,40,65.66,42.99,59.55,4.7,0.8,1,0,81,Normal,0.0,0
2025-03-07 14:16:00,42,77.68,53.72,53.88,4.76,1.3,2,0,165,Pressure Drop,0.0,1
2025-01-28 16:05:00,20,79.02,47.07,47.46,4.31,4.08,1,0,418,Normal,0.0,0
2025-02-18 04:42:00,30,77.15,63.21,70.2,2.06,0.92,1,0,498,Normal,0.0,0
2025-03-04 09:00:00,22,73.6,64.3,62.87,4.24,3.25,1,0,450,Normal,0.0,0
2025-01-14 20:55:00,41,81.39,48.89,33.61,2.4,4.9,2,0,208,Vibration Issue,0.0,1
2025-01-02 11:57:00,37,69.26,47.13,53.28,1.16,2.9,1,0,448,Normal,0.0,0
2025-02-08 20:56:00,19,89.84,55.08,41.23,3.51,2.35,1,0,266,Normal,0.0,0
2025-01-18 14:24:00,28,54.28,45.18,32.48,2.51,1.83,2,0,466,Overheating,0.0,1
2025-01-05 07:55:00,44,84.46,40.58,33.94,3.92,3.46,1,0,49,Normal,0.0,0
2025-03-02 12:11:00,34,61.73,24.31,58.08,1.6,2.25,1,0,23,Normal,0.0,0
2025-03-02 06:54:00,47,80.13,50.57,44.29,3.49,2.55,0,0,413,Normal,0.0,0
2025-03-01 15:55:00,4,86.39,63.07,75.9,4.54,1.93,1,0,406,Normal,0.0,0
2025-03-02 05:25:00,41,76.38,58.4,38.68,4.42,1.34,1,0,413,Normal,0.0,0
2025-02-26 20:52:00,32,85.17,62.56,43.06,3.72,0.89,1,0,30,Normal,0.0,0
2025-01-11 02:59:00,42,79.48,51.45,72.83,4.57,0.71,1,0,411,Normal,0.0,0
2025-02-08 18:32:00,14,68.35,70.88,60.77,1.68,3.0,1,0,252,Normal,0.0,0
2025-01-11 00:21:00,26,81.65,42.22,60.07,2.37,0.94,1,0,40,Normal,0.0,0
2025-02-15 13:07:00,8,68.62,44.49,78.29,1.79,2.41,1,0,17,Normal,0.0,1
2025-03-03 22:38:00,23,66.93,78.39,37.18,2.3,4.1,2,0,310,Pressure Drop,0.0,1
2025-01-20 02:15:00,10,76.83,46.26,45.31,4.93,0.65,1,0,121,Normal,0.0,0
2025-02-07 07:43:00,13,72.68,42.57,31.58,4.33,3.4,1,0,449,Normal,0.0,0
2025-01-10 08:38:00,3,85.53,33.51,68.22,1.36,2.57,2,0,431,Overheating,0.0,1
2025-02-03 16:46:00,39,69.78,72.55,53.65,3.58,4.14,2,0,341,Normal,0.0,1
2025-02-23 09:55:00,12,85.79,73.16,31.17,4.81,3.93,1,0,107,Normal,0.0,0
2025-01-08 18:35:00,6,79.74,24.8,77.41,3.44,1.21,0,0,351,Normal,0.0,0
2025-01-18 19:13:00,9,78.34,59.59,35.46,4.64,3.49,1,0,401,Normal,0.0,0
2025-02-13 19:22:00,37,64.37,46.02,40.35,4.01,0.75,1,0,215,Normal,0.0,0
2025-01-29 15:34:00,40,79.77,53.82,63.51,1.99,4.23,2,0,414,Electrical Fault,0.0,1
2025-02-05 07:01:00,20,108.49,68.04,70.87,1.05,0.93,1,1,30,Normal,1.0,1
2025-02-08 18:59:00,23,79.33,72.86,53.39,3.14,2.61,1,0,62,Normal,0.0,0
2025-01-20 18:26:00,1,102.97,52.33,62.36,2.27,0.88,1,1,48,Normal,1.0,1
2025-03-01 00:32:00,3,75.22,47.73,40.84,1.51,3.72,1,0,391,Normal,0.0,0
2025-02-14 00:03:00,45,79.25,43.08,53.02,1.07,1.6,1,0,440,Normal,0.0,0
2025-01-12 18:45:00,45,65.92,70.45,31.72,2.89,1.57,1,0,386,Normal,0.0,0
2025-02-16 07:43:00,23,89.23,31.28,41.08,1.89,3.98,1,0,118,Normal,0.0,0
2025-02-15 15:41:00,21,74.0,74.99,76.91,3.61,1.35,1,0,325,Normal,0.0,0
2025-03-01 10:48:00,44,57.5,55.85,65.09,2.59,1.24,2,0,33,Overheating,0.0,1
2025-01-13 21:59:00,18,46.73,54.14,69.19,4.44,4.21,1,0,185,Normal,0.0,0
2025-01-14 22:04:00,27,74.7,68.83,68.09,3.63,2.32,1,0,316,Normal,0.0,0
2025-01-23 10:18:00,4,68.71,53.07,47.22,4.04,2.25,1,0,74,Normal,0.0,0
2025-01-03 06:05:00,19,79.02,43.87,43.88,4.45,1.14,1,0,491,Normal,0.0,0
2025-02-24 15:04:00,49,82.49,76.11,32.48,1.33,3.67,2,0,481,Overheating,0.0,1
2025-01-26 16:01:00,28,69.33,55.18,66.43,4.24,1.68,2,0,327,Overheating,0.0,1
2025-01-13 11:04:00,3,61.4,36.14,42.63,4.34,0.9,1,0,11,Normal,0.0,1
2025-03-08 08:53:00,42,72.37,39.25,33.01,3.64,4.52,0,0,99,Normal,0.0,0
2025-03-06 02:05:00,24,86.61,51.97,54.54,4.5,3.16,1,0,473,Normal,0.0,0
2025-02-14 03:39:00,37,74.68,40.81,47.27,1.64,4.06,1,0,125,Normal,0.0,0
2025-02-01 14:17:00,39,67.88,51.74,53.19,1.26,0.66,1,0,26,Normal,0.0,0
2025-02-08 20:55:00,3,80.11,55.16,52.65,3.18,0.69,1,0,322,Normal,0.0,0
2025-02-24 07:01:00,2,78.59,38.47,65.02,4.92,4.53,1,0,160,Normal,0.0,0
2025-02-23 18:48:00,24,72.59,50.43,59.68,2.58,2.25,1,0,337,Normal,0.0,0
2025-01-15 21:29:00,33,79.28,53.21,63.35,2.16,1.3,1,0,475,Normal,0.0,0
2025-02-08 04:04:00,17,82.62,48.89,39.33,3.43,0.52,1,0,325,Normal,0.0,0
2025-01-28 18:20:00,42,77.14,32.65,49.93,2.89,0.69,1,0,178,Normal,0.0,0
2025-02-05 08:36:00,30,77.41,42.46,78.45,2.25,2.79,1,0,498,Normal,0.0,0
2025-01-10 19:57:00,6,64.63,59.27,70.55,3.5,4.85,1,0,235,Normal,0.0,0
2025-01-17 23:28:00,10,60.61,20.92,43.08,3.44,2.56,0,0,73,Normal,0.0,0
2025-03-09 13:49:00,4,76.31,62.78,78.69,3.53,2.36,1,0,484,Normal,0.0,0
2025-01-25 14:51:00,46,66.79,70.77,35.81,4.11,1.86,1,0,167,Normal,0.0,0
2025-03-07 11:38:00,8,84.41,58.6,68.64,1.23,4.0,1,0,349,Normal,0.0,0
2025-03-09 08:57:00,35,92.7,60.48,52.67,2.59,4.29,2,1,42,Electrical Fault,1.0,1
2025-01-19 01:41:00,11,70.61,80.72,54.2,3.02,2.7,1,1,13,Normal,1.0,1
2025-02-02 08:48:00,49,77.79,48.99,32.6,4.38,4.48,1,0,263,Normal,0.0,0
2025-01-04 16:39:00,25,54.95,37.13,39.94,1.53,3.27,1,0,356,Normal,0.0,0
2025-01-02 10:23:00,30,87.51,49.82,78.16,1.54,4.76,1,0,392,Normal,0.0,0
2025-03-02 00:32:00,41,78.31,58.51,71.96,3.87,4.02,1,0,347,Normal,0.0,0
2025-01-25 19:39:00,46,74.38,27.57,32.94,2.84,3.64,0,0,47,Normal,0.0,0
2025-01-24 14:21:00,17,76.91,33.42,52.85,2.97,0.64,1,0,256,Normal,0.0,0
2025-01-02 13:11:00,17,95.84,44.23,64.22,3.58,2.29,1,1,32,Normal,1.0,1
2025-01-01 20:14:00,36,99.43,51.31,75.39,4.9,1.34,1,1,42,Normal,1.0,1
2025-01-19 05:48:00,5,74.18,45.2,76.7,4.79,2.98,1,0,93,Normal,0.0,0
2025-01-28 14:45:00,30,57.34,53.93,54.93,2.68,4.82,1,0,308,Normal,0.0,0
2025-02-14 21:34:00,9,74.26,59.74,67.39,1.12,2.9,1,0,132,Normal,0.0,0
2025-02-01 20:51:00,5,56.05,57.76,79.43,1.85,3.43,1,0,302,Normal,0.0,0
2025-02-22 18:41:00,21,67.16,35.58,39.61,2.75,3.3,1,0,392,Normal,0.0,0
2025-01-18 18:53:00,36,75.58,52.7,53.23,3.8,1.03,1,0,412,Normal,0.0,0
2025-02-15 21:02:00,46,77.71,21.32,77.68,4.71,1.72,0,0,413,Normal,0.0,0
2025-03-01 15:47:00,39,66.08,49.1,66.14,4.65,3.62,1,0,241,Normal,0.0,0
2025-03-09 22:54:00,34,93.09,62.32,37.44,1.72,3.01,2,1,18,Pressure Drop,1.0,1
2025-01-08 03:06:00,23,62.02,74.65,64.63,1.21,2.72,1,0,307,Normal,0.0,0
2025-03-05 06:38:00,31,72.56,38.02,33.22,2.8,1.29,1,0,262,Normal,0.0,0
2025-02-24 04:52:00,27,66.07,23.02,68.29,1.94,4.05,1,0,371,Normal,0.0,0
2025-03-04 11:22:00,23,55.59,63.35,61.42,1.72,3.51,1,0,463,Normal,0.0,0
2025-01-20 19:46:00,36,64.83,47.79,58.63,1.83,3.62,0,0,413,Normal,0.0,0
2025-01-15 23:58:00,11,85.64,64.75,45.93,1.33,2.2,1,0,328,Normal,0.0,0
2025-03-01 18:46:00,33,85.37,51.17,77.73,3.55,1.97,1,0,477,Normal,0.0,0
2025-01-01 20:53:00,11,98.96,31.47,37.36,2.86,4.92,1,1,15,Normal,1.0,1
2025-02-25 00:16:00,47,77.81,58.08,67.02,3.43,1.79,1,0,248,Normal,0.0,0
2025-01-02 09:42:00,6,82.31,59.51,52.13,3.0,4.29,1,0,360,Normal,0.0,0
2025-02-18 03:41:00,30,93.37,56.85,44.17,4.54,4.68,1,1,18,Normal,1.0,1
2025-01-14 16:55:00,43,85.03,80.16,50.24,1.17,2.25,1,1,37,Normal,1.0,1
2025-01-16 02:36:00,41,79.76,36.71,46.88,4.69,2.72,1,0,396,Normal,0.0,0
2025-01-31 20:00:00,45,90.6,40.22,30.02,1.09,1.11,1,1,26,Normal,1.0,1
2025-02-05 11:12:00,28,83.61,65.34,38.58,4.99,2.63,1,0,96,Normal,0.0,0
2025-02-13 07:21:00,8,90.71,52.65,75.21,2.56,2.81,1,1,19,Normal,1.0,1
2025-02-03 10:43:00,47,83.58,57.08,54.4,4.71,2.68,1,0,212,Normal,0.0,0
2025-02-25 02:51:00,9,101.15,67.63,55.82,4.58,4.62,0,1,31,Normal,1.0,1
2025-02-09 11:36:00,19,77.43,37.18,56.06,3.53,1.35,1,0,64,Normal,0.0,0
2025-02-18 05:59:00,40,64.69,55.98,78.69,1.28,1.98,1,0,89,Normal,0.0,0
2025-02-08 09:37:00,3,75.74,60.05,49.91,1.22,2.22,1,0,40,Normal,0.0,0
2025-01-17 05:31:00,28,86.52,44.38,52.68,4.3,4.05,1,0,454,Normal,0.0,0
2025-02-21 16:58:00,5,73.76,37.14,31.05,1.47,2.45,2,0,30,Vibration Issue,0.0,1
2025-02-11 19:37:00,39,78.2,50.37,77.75,2.94,3.81,1,0,318,Normal,0.0,0
2025-02-06 19:47:00,34,93.82,66.08,48.23,2.12,4.37,1,1,8,Normal,1.0,1
2025-01-10 22:33:00,49,79.45,23.92,37.11,3.8,2.14,1,0,437,Normal,0.0,0
2025-01-09 22:52:00,24,76.5,50.52,66.55,4.09,1.26,1,0,150,Normal,0.0,0
2025-02-04 03:50:00,44,86.97,3.16,71.25,3.5,4.29,2,0,158,Pressure Drop,0.0,1
2025-02-11 05:27:00,18,85.22,77.8,45.26,2.11,3.51,1,0,315,Normal,0.0,0
2025-03-02 15:55:00,36,82.17,28.32,63.33,4.95,2.5,1,0,235,Normal,0.0,0
2025-01-30 21:20:00,49,62.06,47.46,31.54,4.24,2.08,1,0,104,Normal,0.0,0
2025-01-17 19:32:00,8,92.24,74.33,54.46,2.74,1.4,1,1,2,Normal,1.0,1
2025-03-02 16:22:00,24,63.74,68.43,44.29,4.23,3.3,0,0,316,Normal,0.0,0
2025-02-05 02:15:00,42,73.75,55.56,67.43,3.7,1.12,1,0,391,Normal,0.0,0
2025-02-07 20:53:00,11,60.5,39.17,52.57,3.57,2.72,1,0,224,Normal,0.0,0
2025-01-16 23:47:00,46,65.17,44.68,68.47,3.48,3.47,1,0,50,Normal,0.0,0
2025-02-16 15:14:00,28,83.69,62.29,74.88,1.5,3.13,1,0,46,Normal,0.0,0
2025-01-21 21:29:00,9,68.16,46.69,59.58,3.67,0.58,1,0,162,Normal,0.0,0
2025-02-17 09:36:00,40,85.45,64.71,47.7,2.94,3.73,1,0,224,Normal,0.0,0
2025-01-25 23:03:00,31,86.32,35.15,55.48,2.23,4.89,0,0,44,Normal,0.0,0
2025-02-02 10:04:00,17,83.07,48.42,47.86,1.7,3.97,1,0,156,Normal,0.0,0
2025-01-11 06:37:00,1,65.11,35.96,78.66,2.8,1.79,1,0,472,Normal,0.0,0
2025-02-18 16:55:00,36,65.77,56.73,71.89,4.25,2.0,0,0,252,Normal,0.0,0
2025-02-09 00:37:00,26,74.4,61.68,34.53,4.26,1.03,1,0,264,Normal,0.0,0
2025-02-23 17:17:00,43,79.01,48.5,34.3,4.54,2.63,1,0,300,Normal,0.0,0
2025-01-05 00:16:00,24,83.23,51.3,66.73,3.76,3.79,2,0,132,Overheating,0.0,1
2025-01-16 03:01:00,28,83.93,40.72,39.93,3.36,0.97,1,0,15,Normal,0.0,1
2025-02-08 03:01:00,27,61.18,40.31,59.73,3.56,0.8,1,0,244,Normal,0.0,0
2025-02-11 15:32:00,10,75.89,44.5,47.66,3.91,2.34,1,0,444,Normal,0.0,0
2025-01-05 01:06:00,33,72.94,36.4,58.58,1.7,0.78,0,0,414,Normal,0.0,0
2025-01-15 06:27:00,34,88.62,49.73,68.04,4.98,3.26,1,0,342,Normal,0.0,0
2025-02-28 15:16:00,16,79.57,42.17,47.86,1.24,4.55,1,0,116,Normal,0.0,0
2025-01-17 20:22:00,15,72.4,34.06,31.97,1.67,4.53,1,0,479,Normal,0.0,0
2025-02-05 11:03:00,44,58.9,52.39,37.24,4.89,2.08,1,0,248,Normal,0.0,0
2025-02-17 06:03:00,13,64.22,45.42,50.66,3.1,1.15,2,0,216,Overheating,0.0,1
2025-02-08 22:02:00,36,65.53,55.01,67.37,2.77,4.12,1,0,169,Normal,0.0,0
2025-01-15 17:46:00,22,75.33,51.81,51.9,2.35,3.56,0,0,323,Normal,0.0,0
2025-02-08 10:41:00,5,78.42,35.45,71.78,2.61,1.86,1,0,69,Normal,0.0,0
2025-02-09 09:17:00,6,72.41,66.81,39.71,3.36,0.65,1,0,375,Normal,0.0,0
2025-01-29 08:27:00,23,73.62,63.72,78.48,1.77,0.71,1,0,376,Normal,0.0,0
2025-01-23 13:36:00,8,61.98,28.73,72.72,4.9,0.9,2,0,349,Vibration Issue,0.0,1
2025-01-12 14:54:00,8,76.55,20.63,40.78,2.55,4.92,1,0,35,Normal,0.0,0
2025-01-06 11:50:00,23,78.33,36.54,58.04,1.78,1.33,1,0,481,Normal,0.0,0
2025-03-11 06:51:00,2,85.03,36.13,65.3,4.42,1.11,1,0,68,Normal,0.0,0
2025-02-28 21:16:00,5,75.05,56.13,63.39,4.55,2.1,1,0,450,Normal,0.0,0
2025-01-11 16:05:00,37,62.28,40.91,73.41,2.27,1.89,1,0,470,Normal,0.0,0
2025-02-06 23:36:00,19,91.92,36.53,77.46,3.07,4.51,0,1,35,Normal,1.0,1
2025-03-09 00:51:00,27,58.68,63.43,55.71,1.3,1.66,1,0,269,Normal,0.0,0
2025-02-23 05:13:00,36,81.48,54.24,73.93,3.67,4.09,1,0,384,Normal,0.0,0
2025-02-08 22:10:00,1,77.69,49.52,73.45,4.68,0.61,1,0,104,Normal,0.0,0
2025-01-03 14:30:00,30,92.14,71.07,58.02,3.29,4.07,1,1,10,Normal,1.0,1
2025-02-14 13:24:00,23,84.46,50.32,49.21,2.13,4.97,1,0,94,Normal,0.0,0
2025-02-28 03:59:00,21,75.09,40.59,54.35,4.91,2.0,2,0,370,Electrical Fault,0.0,1
2025-02-02 08:28:00,9,76.02,49.07,43.55,4.61,1.6,1,0,438,Normal,0.0,0
2025-02-14 01:43:00,25,93.33,63.07,54.83,4.64,0.78,1,1,46,Normal,1.0,1
2025-02-25 19:15:00,47,104.15,36.1,75.89,4.86,1.9,1,1,23,Normal,1.0,1
2025-02-24 06:10:00,40,82.61,49.06,61.84,2.85,2.44,1,0,310,Normal,0.0,0
2025-02-09 18:21:00,16,97.09,60.03,32.15,2.09,2.8,1,1,29,Normal,1.0,1
2025-01-10 16:28:00,30,66.31,56.84,63.82,1.61,2.78,1,0,325,Normal,0.0,0
2025-01-15 03:03:00,21,68.68,63.54,44.79,2.98,4.38,1,0,272,Normal,0.0,0
2025-03-07 00:05:00,43,76.89,43.21,41.21,4.48,1.27,1,0,453,Normal,0.0,0
2025-02-20 03:56:00,33,75.61,50.34,33.98,4.24,2.67,0,0,427,Normal,0.0,0
2025-02-21 21:24:00,28,83.97,23.89,50.98,2.05,4.51,1,0,328,Normal,0.0,0
2025-01-01 22:20:00,23,73.08,49.07,45.29,1.04,1.43,1,0,363,Normal,0.0,0
2025-01-27 04:30:00,50,88.51,25.14,74.35,3.95,0.52,1,0,322,Normal,0.0,0
2025-02-17 00:22:00,44,79.14,54.96,40.68,2.51,0.91,1,0,206,Normal,0.0,0
2025-01-09 04:09:00,31,73.25,66.71,40.18,1.19,2.09,1,0,296,Normal,0.0,0
2025-01-24 13:07:00,25,82.49,49.74,69.11,4.98,2.52,1,0,472,Normal,0.0,0
2025-03-01 09:21:00,40,63.88,51.55,31.29,4.22,4.0,1,0,249,Normal,0.0,0
2025-02-13 09:34:00,49,80.89,60.46,54.78,2.88,3.37,1,0,152,Normal,0.0,0
2025-01-28 02:35:00,31,100.89,59.35,39.86,1.43,1.63,1,1,27,Normal,1.0,1
2025-02-17 16:48:00,48,72.01,24.34,33.69,2.82,2.05,1,0,384,Normal,0.0,0
2025-01-15 08:45:00,13,83.17,60.89,63.31,2.64,3.08,2,0,286,Pressure Drop,0.0,1
2025-01-12 14:17:00,15,69.95,58.96,63.45,3.34,2.99,0,0,111,Normal,0.0,0
2025-01-13 21:35:00,11,71.47,58.0,34.98,2.94,3.11,1,0,418,Normal,0.0,0
2025-03-06 20:34:00,11,67.42,56.75,47.42,1.27,1.48,1,0,242,Normal,0.0,0
2025-02-26 02:30:00,35,81.73,77.75,65.57,1.9,3.86,1,0,210,Normal,0.0,0
2025-01-07 00:55:00,43,67.16,44.43,35.2,2.34,2.26,1,0,460,Normal,0.0,0
2025-01-29 20:28:00,39,73.45,53.06,34.47,3.2,1.33,1,0,230,Normal,0.0,0
2025-01-08 22:54:00,35,75.64,31.23,59.77,4.54,4.7,1,0,93,Normal,0.0,0
2025-01-16 10:32:00,2,71.93,51.59,59.76,1.81,2.96,2,0,109,Vibration Issue,0.0,1
2025-01-18 20:37:00,27,89.58,33.6,41.26,3.09,3.53,1,0,111,Normal,0.0,0
2025-02-25 23:42:00,6,63.15,28.23,54.59,1.04,3.04,1,0,429,Normal,0.0,0
2025-03-07 03:29:00,45,67.35,54.81,54.63,4.7,3.95,1,0,366,Normal,0.0,0
2025-02-24 02:34:00,44,80.01,62.52,59.13,3.35,3.4,1,0,56,Normal,0.0,0
2025-01-14 20:49:00,23,65.52,55.83,72.53,3.88,0.86,1,0,466,Normal,0.0,0
2025-02-17 09:07:00,49,94.1,80.4,66.89,2.66,2.66,1,1,49,Normal,1.0,1
2025-01-13 21:19:00,37,78.19,36.88,76.18,4.17,1.39,1,0,245,Normal,0.0,0
2025-03-09 11:40:00,6,70.77,51.32,49.83,3.09,3.86,1,0,434,Normal,0.0,0
2025-01-18 10:29:00,16,94.78,61.2,75.66,1.94,3.96,0,1,15,Normal,1.0,1
2025-01-03 05:30:00,32,62.53,44.75,37.3,3.85,2.73,1,0,42,Normal,0.0,0
2025-01-04 15:26:00,28,74.61,43.65,55.03,4.11,4.1,1,0,466,Normal,0.0,0
2025-01-20 03:57:00,50,72.76,30.11,31.87,3.45,2.98,1,0,185,Normal,0.0,0
2025-02-18 03:03:00,39,75.84,17.8,63.34,3.59,4.39,1,0,336,Normal,0.0,0
2025-02-21 16:29:00,43,78.49,69.26,71.29,2.42,3.94,1,0,438,Normal,0.0,0
2025-01-07 03:17:00,42,77.76,47.83,66.17,4.72,4.83,1,0,98,Normal,0.0,0
2025-01-19 01:36:00,43,60.7,58.16,47.19,4.88,3.53,1,0,127,Normal,0.0,0
2025-02-13 16:40:00,26,58.62,43.3,66.14,2.31,2.58,2,0,66,Overheating,0.0,1
2025-01-20 01:40:00,35,94.07,48.07,33.89,2.77,3.05,1,1,26,Normal,1.0,1
2025-01-04 10:41:00,5,91.73,69.06,47.22,2.52,4.15,1,1,29,Normal,1.0,1
2025-01-22 08:01:00,8,82.37,35.12,40.65,2.73,4.91,1,0,328,Normal,0.0,0
2025-01-15 05:22:00,37,75.32,65.99,67.39,1.19,2.57,1,0,166,Normal,0.0,0
2025-02-25 04:56:00,20,81.03,19.11,52.31,1.17,4.89,1,0,197,Normal,0.0,0
2025-02-01 12:55:00,48,92.13,26.73,58.66,1.48,1.02,1,1,2,Normal,1.0,1
2025-01-18 04:29:00,14,70.94,19.69,37.53,4.5,1.71,1,0,108,Normal,0.0,0
2025-01-12 04:40:00,48,78.51,58.88,42.11,4.93,3.02,0,0,76,Normal,0.0,0
2025-02-26 02:23:00,45,88.06,51.84,79.67,2.14,2.19,0,0,446,Normal,0.0,0
2025-02-26 10:20:00,45,79.54,50.97,48.2,4.46,3.36,2,0,499,Vibration Issue,0.0,1
2025-01-16 21:33:00,24,82.96,37.57,76.07,4.54,3.02,1,0,497,Normal,0.0,0
2025-01-18 05:00:00,19,73.33,25.67,44.58,3.2,3.81,1,0,436,Normal,0.0,0
2025-03-01 13:47:00,22,78.92,55.94,44.07,4.1,3.91,1,0,112,Normal,0.0,0
2025-01-15 07:10:00,10,69.67,48.75,40.92,1.68,2.77,1,0,490,Normal,0.0,0
2025-01-01 08:09:00,28,79.63,51.09,44.36,1.44,0.77,1,0,127,Normal,0.0,0
2025-03-04 09:50:00,28,82.3,43.88,74.77,2.15,4.23,1,0,123,Normal,0.0,0
2025-02-17 14:24:00,7,75.55,76.39,65.6,3.75,3.56,1,0,221,Normal,0.0,0
2025-01-06 15:30:00,13,98.88,56.75,52.8,1.63,4.01,1,1,33,Normal,1.0,1
2025-03-05 04:51:00,8,71.54,70.37,74.83,4.46,2.01,1,0,107,Normal,0.0,0
2025-02-15 15:39:00,20,77.45,63.56,52.44,3.89,0.72,1,0,481,Normal,0.0,0
2025-01-07 18:10:00,48,62.2,66.57,38.18,2.62,1.97,2,0,304,Vibration Issue,0.0,1
2025-02-09 22:43:00,34,71.51,52.95,71.27,4.39,4.72,1,0,456,Normal,0.0,0
2025-02-09 01:11:00,13,78.2,26.74,43.63,3.26,4.92,1,0,482,Normal,0.0,0
2025-02-11 14:30:00,35,88.79,45.32,30.36,3.0,1.86,1,0,296,Normal,0.0,0
2025-03-10 10:14:00,43,68.21,21.74,69.88,3.17,4.9,1,0,396,Normal,0.0,0
2025-01-13 10:26:00,30,85.72,43.51,45.6,2.56,4.7,1,0,361,Normal,0.0,0
2025-01-07 02:48:00,24,84.59,51.63,46.71,3.45,2.52,1,0,207,Normal,0.0,0
2025-02-03 21:19:00,27,77.1,61.07,48.4,2.38,3.8,1,0,398,Normal,0.0,0
2025-01-29 10:32:00,30,68.87,33.47,43.13,3.2,1.44,1,0,39,Normal,0.0,0
2025-02-22 23:50:00,31,78.2,31.97,64.56,2.93,4.37,1,0,412,Normal,0.0,0
2025-01-05 11:05:00,34,65.14,26.37,44.84,2.08,0.64,1,0,417,Normal,0.0,0
2025-01-01 11:39:00,33,88.07,58.56,76.1,3.66,1.07,1,0,147,Normal,0.0,0
2025-01-02 11:53:00,1,65.28,59.35,37.42,1.66,2.98,1,0,174,Normal,0.0,0
2025-01-20 02:45:00,18,90.94,56.71,60.18,3.58,2.02,1,1,13,Normal,1.0,1
2025-02-08 00:43:00,25,79.7,50.83,42.63,1.77,1.13,1,0,324,Normal,0.0,0
2025-02-24 18:56:00,2,53.48,36.54,68.89,2.69,1.82,1,0,374,Normal,0.0,0
2025-01-07 00:25:00,36,61.54,35.63,63.92,2.6,2.52,1,0,337,Normal,0.0,0
2025-01-04 13:28:00,20,84.54,33.71,50.48,4.62,1.2,0,0,308,Normal,0.0,0
2025-01-24 01:56:00,26,72.31,67.63,52.06,2.75,4.7,1,0,194,Normal,0.0,0
2025-01-27 03:22:00,10,73.24,51.23,32.96,4.84,4.02,1,0,417,Normal,0.0,0
2025-01-29 18:10:00,32,61.09,69.93,36.33,3.76,2.58,1,0,156,Normal,0.0,0
2025-02-27 08:53:00,18,71.16,65.95,52.2,3.69,3.97,1,0,173,Normal,0.0,0
2025-02-16 21:35:00,31,60.62,51.19,71.05,1.82,3.71,1,0,170,Normal,0.0,0
2025-01-16 04:28:00,42,68.64,32.35,37.64,1.44,4.37,0,0,455,Normal,0.0,0
2025-01-19 12:19:00,19,71.34,36.43,67.46,3.91,3.94,1,0,305,Normal,0.0,0
2025-02-27 17:40:00,13,52.9,52.0,49.89,3.26,1.74,1,0,286,Normal,0.0,0
2025-02-14 22:58:00,42,78.59,47.04,45.19,1.56,2.57,1,0,461,Normal,0.0,0
2025-01-23 20:14:00,25,85.29,24.69,33.38,1.76,0.83,0,0,432,Normal,0.0,0
2025-02-26 16:11:00,34,65.81,35.17,70.38,3.57,1.1,0,0,480,Normal,0.0,0
2025-01-29 08:38:00,35,80.11,59.52,49.09,2.2,1.2,1,0,72,Normal,0.0,0
2025-02-13 03:19:00,7,69.3,69.01,56.29,3.73,4.75,1,0,467,Normal,0.0,0
2025-02-11 08:54:00,35,72.32,59.75,35.47,2.57,2.31,1,0,358,Normal,0.0,0
2025-01-13 19:34:00,46,74.87,46.46,76.3,2.51,0.71,2,0,268,Electrical Fault,0.0,1
2025-01-15 16:49:00,34,64.33,69.33,62.67,4.2,3.97,1,0,498,Normal,0.0,0
2025-01-17 22:09:00,5,70.18,31.69,42.04,4.28,3.37,2,0,293,Vibration Issue,0.0,1
2025-01-30 15:12:00,33,75.48,62.16,79.75,3.71,3.47,1,0,20,Normal,0.0,0
2025-01-18 15:47:00,45,76.15,42.72,77.18,2.29,1.45,2,0,376,Normal,0.0,1
2025-01-15 13:29:00,5,76.7,28.64,35.57,1.81,4.91,1,0,253,Normal,0.0,0
2025-01-13 09:55:00,13,82.87,53.79,74.49,1.04,2.28,1,0,333,Normal,0.0,0
2025-02-22 22:54:00,37,78.34,61.13,54.69,1.66,1.11,1,0,266,Normal,0.0,0
2025-01-23 18:46:00,2,77.83,67.87,63.43,2.32,4.86,1,0,433,Normal,0.0,0
2025-02-13 12:43:00,16,69.21,64.3,67.37,1.18,2.36,1,0,229,Normal,0.0,0
2025-01-22 10:47:00,23,58.6,38.51,58.88,2.39,2.75,1,0,331,Normal,0.0,0
2025-01-04 01:25:00,22,67.76,37.55,33.06,1.36,2.46,2,0,484,Normal,0.0,1
2025-01-21 12:56:00,28,81.56,44.26,61.95,1.34,0.51,1,0,288,Normal,0.0,0
2025-02-28 01:28:00,11,86.61,64.23,31.13,1.45,0.94,1,0,235,Normal,0.0,0
2025-03-02 16:51:00,39,65.6,32.94,73.1,4.07,0.93,0,0,280,Normal,0.0,0
2025-02-04 21:03:00,39,55.5,64.42,50.48,1.43,1.96,0,0,134,Normal,0.0,0
2025-02-24 15:30:00,17,65.79,28.7,41.95,3.33,4.76,1,0,412,Normal,0.0,0
2025-01-01 22:27:00,47,85.06,46.0,77.26,4.69,2.53,1,0,108,Normal,0.0,0
2025-01-02 23:40:00,17,78.07,64.58,60.89,4.71,3.24,1,0,301,Normal,0.0,0
2025-02-09 01:52:00,30,79.52,43.3,48.16,2.13,1.32,1,0,427,Normal,0.0,0
2025-02-12 12:07:00,42,65.99,38.77,70.54,3.0,3.93,1,0,191,Normal,0.0,0
2025-02-05 22:50:00,31,80.65,63.28,79.83,2.37,3.66,1,0,424,Normal,0.0,0
2025-02-05 07:16:00,6,84.82,61.22,63.14,1.13,4.61,1,0,189,Normal,0.0,0
2025-01-20 23:57:00,21,76.71,60.17,55.93,1.73,2.33,1,0,239,Normal,0.0,0
2025-01-09 10:01:00,7,70.9,84.88,51.27,2.74,2.32,0,1,3,Normal,1.0,1
2025-02-27 13:10:00,20,75.01,63.59,60.66,3.41,2.37,2,0,498,Overheating,0.0,1
2025-01-12 20:27:00,28,78.34,47.62,65.73,3.03,4.55,2,0,401,Vibration Issue,0.0,1
2025-02-23 11:50:00,11,73.24,48.85,55.85,1.39,1.27,1,0,390,Normal,0.0,0
2025-02-21 08:06:00,38,73.9,22.44,46.12,1.85,2.06,2,0,192,Pressure Drop,0.0,1
2025-02-27 10:22:00,15,54.85,53.2,39.74,4.21,3.51,1,0,191,Normal,0.0,0
2025-01-19 15:14:00,22,67.78,57.3,65.35,4.81,1.18,2,0,248,Pressure Drop,0.0,1
2025-02-01 22:36:00,45,84.19,48.4,55.24,4.22,3.49,0,0,117,Normal,0.0,0
2025-01-05 10:48:00,14,64.64,18.07,52.4,2.05,4.36,1,0,456,Normal,0.0,0
2025-01-10 04:55:00,49,66.42,43.82,69.29,4.48,4.03,1,0,462,Normal,0.0,0
2025-01-11 13:44:00,19,80.14,55.32,74.03,1.18,2.18,1,0,232,Normal,0.0,0
2025-01-07 17:47:00,18,75.07,38.5,69.68,1.28,2.37,1,0,246,Normal,0.0,0
2025-02-18 11:18:00,8,74.78,28.88,71.9,3.55,1.62,1,0,216,Normal,0.0,0
2025-02-28 18:11:00,30,73.34,58.25,66.44,2.29,3.81,0,0,154,Normal,0.0,0
2025-02-07 09:19:00,11,82.63,46.79,42.72,3.87,1.74,1,0,50,Normal,0.0,0
2025-02-25 22:06:00,40,63.36,17.37,63.54,1.79,4.07,1,0,323,Normal,0.0,0
2025-03-05 21:32:00,32,66.1,86.3,39.08,1.74,2.62,2,1,25,Pressure Drop,1.0,1
2025-03-05 14:21:00,40,72.4,76.28,34.33,4.1,2.83,1,0,56,Normal,0.0,0
2025-03-10 21:27:00,49,86.92,49.38,34.69,3.29,4.97,1,0,124,Normal,0.0,0
2025-02-22 11:12:00,5,79.56,45.12,63.69,1.78,0.66,2,0,269,Vibration Issue,0.0,1
2025-01-29 15:46:00,27,73.28,38.57,70.32,3.8,3.71,1,0,165,Normal,0.0,0
2025-03-06 14:04:00,21,88.6,67.7,55.36,2.2,4.74,1,0,467,Normal,0.0,0
2025-03-07 03:53:00,46,64.56,33.43,71.4,2.87,4.88,1,0,395,Normal,0.0,0
2025-02-20 17:41:00,43,78.05,63.98,50.41,2.5,2.14,1,0,325,Normal,0.0,0
2025-01-20 08:13:00,11,72.53,18.34,65.85,4.98,2.01,1,0,120,Normal,0.0,0
2025-02-27 04:28:00,50,61.79,46.97,50.54,4.57,1.08,1,0,155,Normal,0.0,0
2025-03-08 09:14:00,49,78.15,82.53,52.75,3.59,4.46,1,1,24,Normal,1.0,1
2025-01-23 19:33:00,1,75.01,37.1,34.1,4.85,0.59,2,0,92,Normal,0.0,1
2025-01-28 17:12:00,2,76.68,61.54,79.33,4.9,2.76,1,0,104,Normal,0.0,0
2025-01-06 22:13:00,6,71.86,40.71,56.26,4.01,0.85,0,0,82,Normal,0.0,0
2025-01-10 19:01:00,17,56.89,52.2,67.95,2.72,2.88,1,0,96,Normal,0.0,0
2025-02-17 22:33:00,43,85.57,50.71,34.62,2.38,3.52,1,0,434,Normal,0.0,0
2025-02-09 11:27:00,48,72.07,39.65,32.43,3.05,3.32,1,0,285,Normal,0.0,0
2025-02-06 13:31:00,30,78.22,40.84,44.1,4.24,2.95,1,0,296,Normal,0.0,0
2025-02-12 11:11:00,13,73.11,20.92,37.67,1.25,2.07,2,0,16,Normal,0.0,1
2025-02-02 14:23:00,40,68.3,53.59,46.4,2.19,4.62,1,0,113,Normal,0.0,0
2025-01-12 02:59:00,8,63.3,41.17,53.35,1.89,4.56,1,0,354,Normal,0.0,0
2025-02-16 20:03:00,1,78.58,74.41,52.59,3.98,2.87,0,0,346,Normal,0.0,0
2025-02-28 16:52:00,30,67.94,38.03,65.15,4.99,3.12,1,0,399,Normal,0.0,0
2025-01-21 06:29:00,45,82.75,52.95,41.88,3.47,4.22,1,0,260,Normal,0.0,0
2025-01-18 10:52:00,44,85.78,32.18,63.72,1.22,0.89,1,0,48,Normal,0.0,0
2025-02-19 12:57:00,12,80.93,35.33,67.19,2.34,2.96,1,0,37,Normal,0.0,0
2025-02-20 09:47:00,50,77.38,58.15,31.16,4.29,4.55,1,0,332,Normal,0.0,0
2025-01-25 00:17:00,27,86.51,24.96,76.39,4.56,3.11,1,0,456,Normal,0.0,0
2025-01-31 07:07:00,37,67.91,19.98,72.75,4.88,2.45,2,0,271,Overheating,0.0,1
2025-01-24 01:37:00,28,54.5,67.21,53.35,3.19,3.57,1,0,272,Normal,0.0,0
2025-02-12 13:39:00,22,81.63,62.42,45.24,3.27,4.81,1,0,169,Normal,0.0,0
2025-03-09 16:51:00,5,67.92,65.9,47.07,3.59,1.48,1,0,248,Normal,0.0,0
2025-01-27 03:18:00,12,65.31,57.89,50.08,1.69,2.09,1,0,381,Normal,0.0,0
2025-01-11 05:21:00,36,73.79,53.42,61.06,2.76,4.06,0,0,489,Normal,0.0,0
2025-02-10 10:57:00,47,78.0,47.05,44.62,3.16,0.58,1,0,492,Normal,0.0,0
2025-02-13 14:20:00,32,67.68,58.78,74.14,4.56,1.94,1,0,79,Normal,0.0,0
2025-01-23 10:15:00,22,80.61,54.59,77.92,4.56,2.98,1,0,42,Normal,0.0,0
2025-01-22 01:51:00,17,86.23,62.14,68.9,3.69,2.38,1,0,92,Normal,0.0,0
2025-01-18 16:44:00,36,76.43,51.57,68.93,1.58,2.53,1,0,408,Normal,0.0,0
2025-01-12 22:30:00,13,63.98,71.91,54.54,3.01,2.02,1,0,270,Normal,0.0,0
2025-02-12 05:57:00,5,75.52,75.5,54.31,3.95,4.58,1,0,333,Normal,0.0,0
2025-01-04 18:14:00,8,70.52,29.71,74.89,4.68,3.63,0,0,216,Normal,0.0,0
2025-02-23 06:46:00,5,69.49,64.27,71.08,2.73,2.06,1,0,248,Normal,0.0,0
2025-02-23 13:17:00,11,70.09,50.53,70.87,4.72,2.46,1,0,443,Normal,0.0,0
2025-01-15 17:37:00,20,78.57,76.44,40.13,1.24,4.16,1,0,402,Normal,0.0,0
2025-03-05 01:41:00,17,75.72,28.38,77.67,2.54,3.37,1,0,223,Normal,0.0,0
2025-03-02 03:17:00,31,83.96,49.64,51.92,1.56,2.76,1,0,242,Normal,0.0,0
2025-02-06 09:36:00,40,79.1,50.35,54.0,3.82,3.77,1,0,52,Normal,0.0,0
2025-01-07 16:30:00,43,90.57,29.12,52.6,4.35,1.52,1,1,43,Normal,1.0,1
2025-03-06 14:27:00,7,71.67,41.11,72.42,4.4,2.74,1,0,413,Normal,0.0,0
2025-03-08 15:17:00,48,76.31,55.48,64.14,1.39,1.05,1,0,303,Normal,0.0,0
2025-03-05 15:45:00,32,63.81,67.47,31.57,2.86,4.52,1,0,107,Normal,0.0,0
2025-02-14 15:19:00,22,73.94,39.66,55.07,3.94,4.74,1,0,23,Normal,0.0,0
2025-02-11 04:50:00,8,89.25,21.68,58.64,3.44,1.02,2,0,135,Vibration Issue,0.0,1
2025-02-14 15:29:00,21,87.51,41.2,58.74,1.85,0.94,1,0,417,Normal,0.0,0
2025-01-31 03:56:00,29,74.39,38.82,75.56,4.49,3.17,1,0,429,Normal,0.0,0
2025-01-23 23:33:00,15,75.05,48.81,33.73,3.41,2.15,1,0,387,Normal,0.0,0
2025-02-01 04:43:00,21,82.88,60.62,66.31,1.04,1.22,1,0,283,Normal,0.0,0
2025-01-27 08:08:00,5,82.62,52.14,44.31,1.49,1.89,1,0,459,Normal,0.0,0
2025-02-21 17:37:00,18,81.28,46.31,58.89,2.43,4.0,1,0,322,Normal,0.0,0
2025-01-16 09:34:00,19,63.35,19.03,41.53,3.72,1.82,1,0,173,Normal,0.0,0
2025-02-19 09:40:00,38,85.24,39.11,42.74,2.26,1.98,0,0,197,Normal,0.0,0
2025-02-09 14:28:00,13,90.12,64.03,50.62,1.32,3.71,1,1,47,Normal,1.0,1
2025-03-09 21:00:00,29,90.21,33.59,67.55,4.94,1.95,0,1,11,Normal,1.0,1
2025-02-08 15:34:00,35,71.04,43.46,56.94,4.14,4.23,1,0,457,Normal,0.0,0
2025-02-10 08:52:00,45,68.8,47.34,47.92,3.7,4.13,1,0,356,Normal,0.0,0
2025-01-11 02:51:00,14,70.75,74.56,69.46,4.25,2.14,1,0,356,Normal,0.0,0
2025-03-06 16:40:00,13,60.51,30.34,77.49,1.51,4.75,0,0,477,Normal,0.0,0
2025-02-01 07:30:00,41,69.88,29.2,32.98,3.12,3.82,1,0,33,Normal,0.0,0
2025-02-21 22:25:00,48,79.43,40.53,33.88,2.05,0.74,1,0,359,Normal,0.0,0
2025-02-28 08:19:00,10,67.29,45.58,48.17,1.24,1.19,2,0,497,Normal,0.0,1
2025-02-27 15:55:00,33,69.42,31.94,31.26,1.97,3.14,1,0,398,Normal,0.0,0
2025-02-23 01:13:00,29,67.63,71.27,57.52,2.16,1.17,1,0,21,Normal,0.0,0
2025-02-03 07:16:00,22,66.97,52.97,44.92,3.97,3.74,1,0,82,Normal,0.0,0
2025-01-30 11:58:00,44,62.83,47.63,64.07,3.87,1.84,1,0,355,Normal,0.0,0
2025-01-26 13:37:00,46,67.73,36.17,52.96,2.67,0.93,1,0,10,Normal,0.0,1
2025-01-14 18:36:00,23,66.35,43.2,55.8,4.24,3.36,1,0,498,Normal,0.0,0
2025-01-28 13:34:00,2,76.61,60.73,30.65,1.97,3.19,1,0,230,Normal,0.0,0
2025-01-26 11:55:00,5,80.72,22.13,37.62,4.06,0.93,2,0,36,Vibration Issue,0.0,1
2025-01-01 13:22:00,37,70.1,45.05,61.35,2.3,3.5,1,0,15,Normal,0.0,1
2025-01-08 03:51:00,36,59.87,50.65,76.68,1.3,4.35,1,0,52,Normal,0.0,0
2025-02-04 10:25:00,38,80.85,34.56,75.75,1.52,1.44,1,0,28,Normal,0.0,0
2025-02-21 14:55:00,19,81.15,62.91,57.64,4.0,0.81,1,0,205,Normal,0.0,0
2025-01-30 06:34:00,48,82.11,58.07,77.94,1.25,2.23,2,0,126,Normal,0.0,1
2025-03-05 05:51:00,36,86.08,28.75,49.05,3.79,2.44,1,0,264,Normal,0.0,0
2025-01-13 15:38:00,26,64.66,36.13,50.12,1.6,4.35,1,0,382,Normal,0.0,0
2025-02-08 19:23:00,5,75.32,54.88,40.01,1.39,1.81,1,0,148,Normal,0.0,0
2025-01-25 21:39:00,16,85.35,65.46,65.58,3.03,3.04,1,0,115,Normal,0.0,0
2025-01-27 07:05:00,42,90.31,79.65,45.91,2.18,4.54,1,1,6,Normal,1.0,1
2025-02-09 14:10:00,27,87.44,41.16,69.76,4.62,4.34,1,0,427,Normal,0.0,0
2025-01-20 07:24:00,45,66.92,60.63,43.89,4.5,1.96,1,0,301,Normal,0.0,0
2025-01-12 21:23:00,9,83.28,45.95,73.74,2.53,3.81,2,0,488,Pressure Drop,0.0,1
2025-03-09 18:09:00,18,77.27,53.53,50.05,2.54,4.87,1,0,82,Normal,0.0,0
2025-01-03 14:53:00,6,82.9,64.37,43.19,4.45,4.59,1,0,108,Normal,0.0,0
2025-01-10 03:48:00,41,80.89,50.53,78.72,4.26,3.6,1,0,452,Normal,0.0,0
2025-02-16 19:27:00,9,73.12,53.04,41.62,3.1,2.93,1,0,382,Normal,0.0,0
2025-01-24 17:36:00,46,70.37,21.0,67.17,2.45,1.67,1,0,276,Normal,0.0,0
2025-01-23 15:11:00,19,72.81,67.35,57.75,4.65,4.96,1,0,260,Normal,0.0,0
2025-01-18 06:28:00,1,79.09,53.62,50.45,2.13,3.21,1,0,328,Normal,0.0,0
2025-02-13 15:09:00,49,62.54,40.04,36.54,3.72,3.02,1,0,40,Normal,0.0,0
2025-01-21 17:45:00,17,95.28,42.37,43.85,1.27,4.13,0,1,20,Normal,1.0,1
2025-02-25 05:04:00,36,62.91,41.58,30.92,4.82,0.87,1,0,33,Normal,0.0,0
2025-01-31 12:35:00,8,75.96,60.05,63.44,1.56,4.95,2,0,341,Vibration Issue,0.0,1
2025-02-14 21:50:00,50,79.97,52.17,64.39,4.54,3.68,1,0,134,Normal,0.0,0
2025-02-03 09:16:00,37,83.77,59.01,75.34,3.94,2.9,1,0,440,Normal,0.0,0
2025-02-19 03:16:00,14,82.09,72.66,33.72,1.5,4.66,1,0,278,Normal,0.0,0
2025-01-02 02:25:00,40,74.58,53.1,64.17,1.71,3.27,2,0,73,Normal,0.0,1
2025-01-29 19:35:00,41,76.05,41.73,41.52,2.11,1.92,1,0,461,Normal,0.0,0
2025-01-12 03:12:00,2,83.34,58.41,64.96,4.52,1.13,1,0,373,Normal,0.0,0
2025-03-07 06:32:00,46,64.62,44.01,60.41,4.61,4.58,1,0,255,Normal,0.0,0
2025-02-09 13:42:00,11,90.34,28.89,67.03,3.23,1.61,1,1,33,Normal,1.0,1
2025-02-04 06:23:00,11,70.09,54.63,41.25,3.05,4.7,1,0,267,Normal,0.0,0
2025-02-25 11:25:00,13,71.51,37.36,50.55,3.06,2.7,0,0,192,Normal,0.0,0
2025-01-12 02:55:00,25,66.24,60.78,58.27,3.74,2.68,1,0,52,Normal,0.0,0
2025-01-31 02:10:00,19,75.33,45.49,44.83,1.38,2.5,1,0,63,Normal,0.0,0
2025-01-30 12:52:00,7,76.92,64.9,40.83,1.66,3.64,1,0,432,Normal,0.0,0
2025-03-08 11:41:00,29,88.48,59.62,36.97,2.52,2.3,1,0,392,Normal,0.0,0
2025-01-03 17:46:00,2,85.34,36.15,33.96,4.07,4.49,1,0,172,Normal,0.0,0
2025-03-08 09:58:00,11,83.31,62.08,66.78,1.29,1.13,1,0,410,Normal,0.0,0
2025-02-15 03:25:00,18,67.17,27.63,39.52,4.49,3.7,2,0,303,Normal,0.0,1
2025-01-28 12:54:00,15,69.41,34.57,47.69,4.56,3.42,1,0,224,Normal,0.0,0
2025-03-03 17:49:00,17,70.99,58.71,31.11,2.45,2.74,1,0,492,Normal,0.0,0
2025-02-04 09:42:00,37,89.44,28.32,71.78,2.06,4.43,1,0,220,Normal,0.0,0
2025-02-25 22:12:00,1,68.63,43.44,72.4,1.31,1.41,1,0,10,Normal,0.0,1
2025-02-20 04:01:00,15,89.12,51.23,58.78,3.34,3.4,1,0,11,Normal,0.0,1
2025-03-07 16:47:00,39,69.23,75.27,53.55,2.81,1.16,1,0,371,Normal,0.0,0
2025-01-16 09:37:00,11,77.43,47.94,36.97,4.24,0.61,1,0,184,Normal,0.0,0
2025-03-10 21:31:00,48,70.24,65.75,58.35,4.46,0.73,1,0,67,Normal,0.0,0
2025-02-23 16:30:00,27,77.38,49.98,67.37,1.14,4.67,1,0,110,Normal,0.0,0
2025-01-03 05:46:00,41,97.32,48.94,57.11,4.69,0.88,1,1,45,Normal,1.0,1
2025-03-01 10:01:00,42,77.72,67.47,75.43,1.93,3.54,1,0,371,Normal,0.0,0
2025-01-18 01:31:00,35,82.93,72.67,57.73,2.96,0.75,1,0,455,Normal,0.0,0
2025-03-02 18:22:00,14,77.64,56.74,31.69,4.81,2.28,1,0,316,Normal,0.0,0
2025-03-11 09:41:00,18,72.35,50.98,62.47,3.79,1.44,1,0,46,Normal,0.0,0
2025-02-14 05:19:00,30,71.37,49.18,63.62,4.9,3.16,1,0,58,Normal,0.0,0
2025-02-23 10:07:00,25,70.08,37.92,67.48,3.42,0.72,0,0,252,Normal,0.0,0
2025-03-05 02:26:00,13,77.53,42.48,67.55,4.96,2.58,1,0,263,Normal,0.0,0
2025-01-11 08:35:00,6,81.27,50.67,33.65,4.93,2.82,0,0,344,Normal,0.0,0
2025-02-16 12:33:00,30,73.24,53.13,75.32,1.63,4.36,1,0,66,Normal,0.0,0
2025-02-09 03:21:00,35,68.83,65.05,70.26,1.49,1.66,2,0,439,Vibration Issue,0.0,1
2025-01-11 19:27:00,14,69.88,54.65,50.95,1.96,1.58,1,0,118,Normal,0.0,0
2025-01-09 18:27:00,7,78.83,73.65,52.02,4.13,1.79,1,0,316,Normal,0.0,0
2025-01-29 01:30:00,39,78.6,54.39,50.8,3.46,2.1,1,0,222,Normal,0.0,0
2025-01-16 23:01:00,18,78.95,83.64,36.02,4.1,0.96,1,1,2,Normal,1.0,1
2025-01-21 05:44:00,1,81.07,45.2,58.42,2.18,2.04,1,0,283,Normal,0.0,0
2025-02-02 19:42:00,7,81.86,54.93,69.29,2.85,4.79,1,0,304,Normal,0.0,0
2025-02-14 23:23:00,19,68.37,66.16,60.73,1.43,0.64,1,0,325,Normal,0.0,0
2025-02-15 07:19:00,44,84.02,26.61,65.25,2.0,1.74,1,0,213,Normal,0.0,0
2025-02-15 21:21:00,38,49.43,25.15,43.27,1.64,0.74,2,0,403,Normal,0.0,1
2025-01-22 19:33:00,11,73.37,35.28,52.28,4.8,1.77,1,0,478,Normal,0.0,0
2025-03-01 16:04:00,25,64.19,41.17,42.27,4.72,1.41,0,0,389,Normal,0.0,0
2025-02-24 00:26:00,15,99.51,63.12,47.04,1.55,0.83,1,1,15,Normal,1.0,1
2025-01-19 22:29:00,22,73.79,71.09,62.28,3.71,1.99,1,0,434,Normal,0.0,0
2025-03-07 20:43:00,23,85.1,51.32,37.81,1.06,2.29,1,0,232,Normal,0.0,0
2025-01-16 14:00:00,40,60.43,45.49,39.91,1.87,3.28,1,0,54,Normal,0.0,0
2025-03-01 08:28:00,3,92.18,65.16,50.93,1.28,4.18,1,1,37,Normal,1.0,1
2025-03-05 04:03:00,38,85.48,87.67,43.78,4.25,1.91,1,1,11,Normal,1.0,1
2025-01-08 11:57:00,38,74.79,44.58,69.01,1.3,3.86,1,0,201,Normal,0.0,0
2025-01-15 13:06:00,15,64.37,30.31,73.2,3.93,2.53,1,0,231,Normal,0.0,0
2025-01-19 18:47:00,21,79.78,44.4,67.02,2.6,3.28,1,0,468,Normal,0.0,0
2025-01-07 06:13:00,2,97.97,52.0,59.08,3.47,0.52,1,1,6,Normal,1.0,1
2025-02-11 09:46:00,42,76.68,34.37,52.19,4.12,4.9,0,0,319,Normal,0.0,0
2025-01-10 01:07:00,13,80.34,54.1,40.71,1.81,3.79,1,0,304,Normal,0.0,0
2025-02-10 02:11:00,45,88.38,50.73,47.36,1.75,1.31,1,0,202,Normal,0.0,0
2025-02-18 03:33:00,20,83.94,39.06,51.68,4.45,1.14,2,0,434,Overheating,0.0,1
2025-02-16 06:06:00,12,91.04,23.06,57.41,4.71,1.85,1,1,40,Normal,1.0,1
2025-02-13 22:21:00,17,90.55,38.16,55.63,1.61,3.58,1,1,8,Normal,1.0,1
2025-02-03 18:09:00,34,66.94,50.97,40.7,2.12,4.6,1,0,206,Normal,0.0,0
2025-02-06 14:41:00,29,73.95,55.5,75.9,3.69,0.95,1,0,328,Normal,0.0,0
2025-01-18 16:54:00,22,61.91,58.46,62.51,4.48,2.08,1,0,371,Normal,0.0,0
2025-02-06 11:29:00,7,76.9,36.05,52.0,1.71,4.69,0,0,154,Normal,0.0,0
2025-01-21 02:57:00,24,83.31,75.74,64.57,2.26,2.89,2,0,263,Pressure Drop,0.0,1
2025-01-07 17:58:00,15,77.88,56.09,76.85,4.02,3.02,0,0,154,Normal,0.0,0
2025-02-12 09:39:00,32,65.49,46.76,34.51,3.46,2.35,2,0,438,Vibration Issue,0.0,1
2025-01-28 11:18:00,21,58.7,48.48,63.24,1.26,1.46,0,0,355,Normal,0.0,0
2025-01-16 00:55:00,25,74.87,79.17,36.88,2.38,2.03,1,0,480,Normal,0.0,0
2025-03-11 02:12:00,38,90.23,56.46,78.45,3.83,4.51,1,1,35,Normal,1.0,1
2025-01-17 04:01:00,30,84.64,61.72,76.98,4.76,2.01,1,0,212,Normal,0.0,0
2025-01-13 01:41:00,47,77.29,80.67,69.55,2.23,3.68,1,1,27,Normal,1.0,1
2025-01-14 07:38:00,48,83.0,52.26,56.39,2.43,2.45,1,0,346,Normal,0.0,0
2025-01-18 20:29:00,44,64.04,57.76,32.42,3.24,0.5,0,0,240,Normal,0.0,0
2025-03-05 22:24:00,48,74.84,24.7,47.85,1.12,2.02,1,0,480,Normal,0.0,0
2025-01-01 14:52:00,32,78.04,43.43,35.56,4.26,4.0,0,0,44,Normal,0.0,0
2025-03-05 08:35:00,19,77.72,30.29,62.11,2.23,1.07,1,0,191,Normal,0.0,0
2025-02-04 02:39:00,17,80.38,59.82,32.89,3.08,2.13,1,0,263,Normal,0.0,0
2025-02-09 16:14:00,15,77.55,48.4,35.13,1.56,1.9,1,0,438,Normal,0.0,0
2025-03-09 14:22:00,5,76.94,34.67,41.77,3.53,4.31,2,0,392,Vibration Issue,0.0,1
2025-03-02 06:24:00,39,75.33,57.26,39.69,1.64,1.65,1,0,413,Normal,0.0,0
2025-02-21 11:58:00,7,54.96,33.25,74.6,2.35,1.93,0,0,36,Normal,0.0,0
2025-01-16 13:47:00,22,89.94,45.34,47.9,2.77,2.4,1,0,100,Normal,0.0,0
2025-02-26 00:33:00,5,82.63,65.25,62.46,2.92,0.83,1,0,492,Normal,0.0,0
2025-03-06 06:09:00,6,82.22,58.92,31.82,1.59,1.45,1,0,316,Normal,0.0,0
2025-01-26 02:04:00,30,71.13,53.37,61.97,4.05,2.23,1,0,192,Normal,0.0,0
2025-03-08 19:21:00,13,58.4,86.3,50.87,4.32,3.39,1,1,21,Normal,1.0,1
2025-03-09 12:18:00,32,59.07,56.34,35.2,1.7,4.91,1,0,44,Normal,0.0,0
2025-01-02 23:26:00,12,88.68,47.99,64.2,2.64,3.9,1,0,161,Normal,0.0,0
2025-02-09 14:13:00,25,62.89,25.88,44.51,1.21,4.76,1,0,495,Normal,0.0,0
2025-01-31 07:03:00,14,85.39,49.37,48.91,1.97,2.12,1,0,35,Normal,0.0,0
2025-01-03 04:31:00,37,86.89,62.43,63.12,1.37,0.78,1,0,265,Normal,0.0,0
2025-03-02 01:07:00,39,44.95,45.45,72.58,4.4,1.51,1,0,39,Normal,0.0,0
2025-03-08 07:44:00,28,73.56,45.33,53.86,2.67,1.92,1,0,153,Normal,0.0,0
2025-03-06 12:57:00,28,62.7,19.22,40.01,4.44,0.94,1,0,378,Normal,0.0,0
2025-01-02 21:50:00,29,64.99,45.72,52.45,2.45,1.95,1,0,195,Normal,0.0,0
2025-02-09 03:14:00,6,83.98,43.01,53.65,4.9,3.88,1,0,454,Normal,0.0,0
2025-03-10 22:33:00,25,84.94,72.3,42.87,2.87,3.8,1,0,434,Normal,0.0,0
2025-01-10 05:53:00,11,75.22,58.52,31.38,4.86,0.88,1,0,481,Normal,0.0,0
2025-01-18 00:36:00,8,69.61,39.81,53.7,4.35,2.05,1,0,373,Normal,0.0,0
2025-01-10 00:27:00,43,86.7,49.12,59.6,3.77,3.2,1,0,101,Normal,0.0,0
2025-02-18 02:58:00,50,82.02,67.49,44.56,1.7,3.97,1,0,64,Normal,0.0,0
2025-02-25 09:53:00,22,68.05,46.07,48.4,2.83,1.77,1,0,305,Normal,0.0,0
2025-01-23 13:33:00,30,63.83,63.02,43.29,3.53,2.36,1,0,212,Normal,0.0,0
2025-02-14 12:18:00,23,71.82,56.95,72.37,3.15,1.95,1,0,210,Normal,0.0,0
2025-01-06 18:52:00,19,66.57,51.35,66.48,1.34,4.87,1,0,456,Normal,0.0,0
2025-02-10 14:34:00,23,65.94,49.22,76.37,4.26,1.18,2,0,178,Electrical Fault,0.0,1
2025-02-06 12:59:00,5,83.49,64.31,77.57,4.2,2.42,1,0,216,Normal,0.0,0
2025-01-07 17:48:00,41,82.72,41.52,47.22,2.87,1.42,1,0,23,Normal,0.0,0
2025-03-07 00:19:00,26,85.02,57.48,51.26,3.95,4.91,1,0,196,Normal,0.0,0
2025-02-06 21:09:00,2,68.28,48.11,60.9,4.56,2.6,1,0,39,Normal,0.0,0
2025-02-19 13:31:00,13,83.2,72.16,71.84,2.81,1.62,1,0,415,Normal,0.0,0
2025-01-08 23:39:00,45,62.16,76.96,78.2,4.55,0.5,1,0,448,Normal,0.0,0
2025-01-22 16:43:00,27,62.08,48.43,54.35,4.36,4.27,1,0,376,Normal,0.0,0
2025-02-25 01:27:00,14,71.24,52.62,31.14,3.5,2.18,1,0,157,Normal,0.0,0
2025-01-23 04:53:00,5,65.94,39.92,43.71,1.18,3.94,1,0,379,Normal,0.0,0
2025-01-09 05:51:00,41,73.33,50.58,30.39,1.95,1.24,1,0,88,Normal,0.0,0
2025-01-31 19:08:00,48,79.2,49.78,77.18,3.31,2.27,1,0,297,Normal,0.0,0
2025-01-25 22:06:00,9,87.19,62.66,67.99,1.03,0.56,1,0,255,Normal,0.0,0
2025-02-14 19:26:00,30,74.69,52.79,68.05,4.37,4.52,0,0,266,Normal,0.0,0
2025-02-25 09:46:00,45,67.97,40.47,41.14,2.05,4.05,1,0,163,Normal,0.0,0
2025-02-19 07:08:00,42,58.76,32.01,72.39,4.9,4.62,1,0,321,Normal,0.0,0
2025-02-26 08:26:00,34,53.08,57.04,46.05,3.09,1.43,2,0,389,Overheating,0.0,1
2025-01-18 07:25:00,16,81.93,43.05,62.74,1.49,1.55,1,0,146,Normal,0.0,0
2025-03-04 22:36:00,44,91.87,63.39,31.88,1.17,4.52,1,1,7,Normal,1.0,1
2025-01-21 23:44:00,30,77.28,53.58,44.11,3.67,4.37,1,0,458,Normal,0.0,0
2025-01-27 07:13:00,43,69.85,61.31,71.74,2.69,3.42,2,0,230,Vibration Issue,0.0,1
2025-02-07 22:55:00,41,67.45,37.72,58.51,2.14,2.64,1,0,231,Normal,0.0,0
2025-02-19 09:41:00,41,65.66,17.86,59.51,2.61,3.32,1,0,339,Normal,0.0,0
2025-02-07 16:35:00,20,86.21,40.72,79.48,2.91,4.4,1,0,101,Normal,0.0,0
2025-02-19 21:49:00,35,49.72,31.1,34.55,3.3,4.84,1,0,366,Normal,0.0,0
2025-03-01 22:14:00,21,64.79,50.25,73.35,2.2,4.07,1,0,311,Normal,0.0,0
2025-02-20 15:40:00,13,92.04,41.59,60.66,3.97,0.77,0,1,25,Normal,1.0,1
2025-02-09 00:40:00,18,74.02,40.04,56.86,4.61,3.19,2,0,391,Vibration Issue,0.0,1
2025-01-04 14:44:00,17,80.04,21.46,53.48,2.83,4.07,1,0,448,Normal,0.0,0
2025-01-15 14:54:00,20,72.35,47.98,63.64,2.54,4.12,0,0,35,Normal,0.0,0
2025-02-15 14:54:00,25,81.96,24.73,79.43,1.59,3.02,1,0,111,Normal,0.0,0
2025-02-03 18:17:00,47,69.35,62.33,76.26,2.09,1.32,1,0,264,Normal,0.0,0
2025-01-28 00:02:00,42,71.65,37.11,68.98,2.21,1.97,0,0,187,Normal,0.0,0
2025-02-22 17:39:00,30,82.39,57.18,33.53,1.44,4.09,1,0,139,Normal,0.0,0
2025-02-18 14:01:00,27,72.52,67.23,54.09,4.21,2.92,1,0,134,Normal,0.0,0
2025-01-07 00:26:00,21,74.2,49.06,35.25,4.93,2.55,1,0,379,Normal,0.0,0
2025-02-21 03:33:00,15,66.17,39.78,75.98,2.87,1.13,1,0,175,Normal,0.0,0
2025-01-09 01:58:00,6,65.79,42.21,40.98,3.59,4.9,1,0,369,Normal,0.0,0
2025-03-03 13:30:00,16,69.23,42.42,68.33,4.38,2.22,1,0,457,Normal,0.0,0
2025-01-24 04:03:00,20,68.78,71.21,52.97,3.31,2.68,1,0,333,Normal,0.0,0
2025-01-12 10:59:00,6,79.86,52.95,53.44,4.55,2.15,1,0,289,Normal,0.0,0
2025-02-12 08:51:00,32,72.73,68.19,46.42,4.4,0.97,1,0,314,Normal,0.0,0
2025-02-16 22:21:00,41,71.03,64.72,35.19,3.31,2.35,1,0,70,Normal,0.0,0
2025-02-07 02:42:00,14,79.93,28.21,67.76,3.71,2.63,1,0,281,Normal,0.0,0
2025-02-05 01:03:00,25,67.17,40.97,73.31,4.59,1.76,1,0,280,Normal,0.0,0
2025-01-03 05:34:00,26,72.68,55.66,65.62,4.12,1.17,2,0,37,Vibration Issue,0.0,1
2025-02-12 04:45:00,21,77.59,38.24,50.03,1.54,2.91,0,0,432,Normal,0.0,0
2025-02-01 14:08:00,41,76.08,40.76,40.38,4.7,2.37,2,0,342,Normal,0.0,1
2025-02-19 01:01:00,17,80.34,66.01,67.22,4.84,0.65,1,0,427,Normal,0.0,0
2025-01-28 13:11:00,18,93.14,44.72,31.02,2.3,1.14,1,1,42,Normal,1.0,1
2025-01-20 03:56:00,5,82.12,37.76,59.85,3.21,3.81,1,0,328,Normal,0.0,0
2025-01-12 07:08:00,38,77.74,55.46,33.52,2.25,4.17,1,0,215,Normal,0.0,0
2025-02-14 23:18:00,26,66.54,54.66,50.66,2.13,4.83,1,0,26,Normal,0.0,0
2025-03-10 03:39:00,46,87.55,55.69,45.06,4.38,2.18,1,0,461,Normal,0.0,0
2025-02-16 14:38:00,29,74.04,45.03,56.14,2.75,3.78,1,0,273,Normal,0.0,0
2025-02-24 09:20:00,12,70.45,37.21,57.73,1.99,4.91,1,0,341,Normal,0.0,0
2025-01-26 22:52:00,17,58.64,71.95,51.44,2.71,2.53,1,0,483,Normal,0.0,0
2025-01-17 11:20:00,25,72.72,41.92,32.38,3.9,3.0,1,0,243,Normal,0.0,0
2025-03-03 19:01:00,36,85.74,47.64,59.41,2.78,4.04,1,0,214,Normal,0.0,0
2025-02-28 11:36:00,50,59.85,75.89,52.63,4.78,1.57,2,0,341,Electrical Fault,0.0,1
2025-01-09 20:00:00,19,80.97,55.01,79.2,2.71,1.74,1,0,152,Normal,0.0,0
2025-01-04 06:19:00,47,88.1,26.93,71.04,3.97,1.89,1,0,451,Normal,0.0,0
2025-02-20 04:30:00,9,74.51,38.42,33.55,1.36,3.21,1,0,448,Normal,0.0,0
2025-03-05 18:27:00,30,87.39,62.82,57.39,2.69,0.74,0,0,23,Normal,0.0,0
2025-01-30 07:45:00,28,66.3,52.62,55.88,2.68,0.59,0,0,96,Normal,0.0,0
2025-02-12 14:43:00,39,70.0,37.53,51.17,4.13,3.9,2,0,461,Vibration Issue,0.0,1
2025-01-07 13:49:00,46,69.54,55.11,51.99,3.33,2.34,1,0,186,Normal,0.0,0
2025-02-21 17:55:00,14,74.38,73.77,43.75,4.23,3.24,0,0,78,Normal,0.0,0
2025-02-10 18:35:00,46,69.05,73.02,59.34,1.83,1.57,0,0,484,Normal,0.0,0
2025-02-28 10:30:00,10,83.27,65.55,56.3,2.05,4.58,1,0,299,Normal,0.0,0
2025-03-10 09:19:00,19,76.51,57.8,35.06,3.83,3.93,1,0,275,Normal,0.0,0
2025-02-03 23:46:00,1,64.11,66.37,78.07,1.46,2.29,1,0,392,Normal,0.0,0
2025-02-24 04:42:00,25,79.18,39.5,33.6,2.67,4.98,1,0,415,Normal,0.0,0
2025-01-31 15:13:00,38,71.6,34.34,78.55,1.59,4.1,1,0,433,Normal,0.0,0
2025-02-25 08:05:00,39,68.17,54.77,52.37,2.27,0.52,1,0,186,Normal,0.0,0
2025-01-01 10:58:00,29,75.59,23.97,32.29,1.34,2.77,0,0,180,Normal,0.0,0
2025-01-30 19:48:00,37,71.78,39.6,43.86,3.44,1.56,0,0,119,Normal,0.0,0
2025-03-11 08:59:00,1,80.68,54.95,66.22,2.54,2.73,0,0,145,Normal,0.0,0
2025-01-24 23:45:00,37,64.92,54.59,42.42,1.79,3.77,0,0,40,Normal,0.0,0
2025-01-30 04:54:00,48,78.73,52.77,70.56,4.23,2.85,1,0,383,Normal,0.0,0
2025-01-20 15:57:00,21,77.83,72.69,55.88,4.58,2.35,1,0,17,Normal,0.0,1
2025-01-08 01:28:00,37,88.43,30.83,35.55,2.03,3.26,1,0,258,Normal,0.0,0
2025-02-05 23:53:00,19,75.27,33.42,35.22,3.21,2.93,1,0,146,Normal,0.0,0
2025-01-23 14:34:00,47,53.88,65.29,77.04,2.99,4.68,1,0,45,Normal,0.0,0
2025-03-09 12:13:00,28,90.85,47.54,58.98,3.26,1.72,1,1,4,Normal,1.0,1
2025-02-26 09:32:00,13,78.46,62.85,58.39,3.47,0.77,2,0,287,Electrical Fault,0.0,1
2025-01-29 14:10:00,19,71.4,64.24,60.65,2.94,3.64,1,0,224,Normal,0.0,0
2025-02-04 13:09:00,32,75.54,58.4,46.87,1.63,1.34,1,0,34,Normal,0.0,0
2025-02-12 13:26:00,45,71.63,68.11,64.74,1.93,2.38,2,0,448,Normal,0.0,1
2025-02-08 04:02:00,1,63.64,64.71,59.79,1.36,1.1,1,0,384,Normal,0.0,0
2025-01-03 11:57:00,44,71.38,31.53,40.94,4.34,4.24,0,0,397,Normal,0.0,0
2025-01-10 08:49:00,23,83.79,36.55,68.69,1.01,4.28,2,0,91,Pressure Drop,0.0,1
2025-02-14 03:45:00,6,79.58,43.87,77.23,3.83,2.84,1,0,103,Normal,0.0,0
2025-02-16 10:04:00,11,80.65,37.0,66.11,3.08,1.27,2,0,165,Normal,0.0,1
2025-01-30 17:35:00,42,66.8,15.43,44.96,1.57,1.86,1,0,27,Normal,0.0,0
2025-01-02 00:11:00,12,78.52,43.1,56.76,4.0,1.9,1,0,488,Normal,0.0,0
2025-01-10 03:17:00,6,64.82,28.66,52.4,2.61,4.97,1,0,335,Normal,0.0,0
2025-02-16 06:21:00,16,60.05,43.9,66.66,4.26,3.73,1,0,483,Normal,0.0,0
2025-01-16 12:23:00,3,70.34,33.14,52.68,4.38,2.87,1,0,260,Normal,0.0,0
2025-02-07 16:54:00,16,75.33,67.31,39.52,2.62,1.52,1,0,415,Normal,0.0,0
2025-01-05 20:01:00,20,70.82,50.92,39.04,3.15,4.4,1,0,371,Normal,0.0,0
2025-01-21 07:11:00,49,56.26,49.35,48.15,1.81,2.82,1,0,183,Normal,0.0,0
2025-01-07 13:13:00,12,88.9,43.29,67.38,3.78,3.11,1,0,402,Normal,0.0,0
2025-01-13 00:31:00,50,69.22,51.61,66.86,4.7,1.97,1,0,49,Normal,0.0,0
2025-01-24 14:53:00,41,87.49,32.2,76.85,3.2,0.66,1,0,458,Normal,0.0,0
2025-01-09 23:40:00,24,66.45,28.57,51.13,4.15,4.69,1,0,161,Normal,0.0,0
2025-01-22 04:15:00,22,77.65,39.35,38.6,4.78,1.65,1,0,57,Normal,0.0,0
2025-01-31 07:04:00,8,75.44,51.7,79.29,2.44,2.95,1,0,342,Normal,0.0,0
2025-01-12 11:19:00,31,72.38,42.83,74.09,3.32,1.37,2,0,457,Overheating,0.0,1
2025-01-08 21:48:00,17,80.77,42.26,70.04,3.09,2.57,1,0,214,Normal,0.0,0
2025-01-15 18:17:00,15,68.7,65.9,55.8,3.29,4.8,2,0,350,Pressure Drop,0.0,1
2025-03-10 17:24:00,24,90.48,44.02,60.51,4.53,1.4,1,1,41,Normal,1.0,1
2025-01-30 18:16:00,6,70.97,72.06,42.78,2.82,2.63,1,0,23,Normal,0.0,0
2025-02-04 22:37:00,16,74.99,52.99,41.33,2.1,1.5,1,0,281,Normal,0.0,0
2025-01-24 19:26:00,46,79.64,27.92,44.66,1.67,1.4,1,0,139,Normal,0.0,0
2025-02-09 03:02:00,7,65.39,30.65,56.74,4.43,1.12,1,0,433,Normal,0.0,0
2025-01-04 02:39:00,4,86.33,43.82,46.47,1.59,1.16,1,0,341,Normal,0.0,0
2025-01-06 15:57:00,16,73.59,82.8,30.22,2.6,3.39,2,1,24,Overheating,1.0,1
2025-01-19 08:56:00,34,76.46,48.15,30.95,2.0,4.49,1,0,331,Normal,0.0,0
2025-01-29 20:57:00,8,75.37,61.65,65.9,4.95,2.72,1,0,314,Normal,0.0,0
2025-02-23 15:22:00,23,72.25,45.0,55.26,3.11,0.57,1,0,359,Normal,0.0,0
2025-02-18 08:04:00,39,88.69,66.75,53.4,4.66,3.88,1,0,64,Normal,0.0,0
2025-03-02 21:43:00,6,68.41,44.31,46.93,3.03,3.76,1,0,240,Normal,0.0,0
2025-01-19 18:03:00,6,78.99,91.19,72.91,1.53,3.42,1,1,30,Normal,1.0,1
2025-01-07 11:04:00,26,52.75,45.14,42.28,1.61,0.99,1,0,167,Normal,0.0,0
2025-01-27 06:31:00,9,84.15,35.88,39.79,4.12,4.07,0,0,399,Normal,0.0,0
2025-02-21 18:34:00,32,67.76,43.75,40.77,2.34,4.99,1,0,355,Normal,0.0,0
2025-02-19 12:08:00,5,74.42,47.13,54.98,3.53,2.37,1,0,445,Normal,0.0,0
2025-01-13 12:12:00,32,79.55,30.31,33.77,2.21,1.35,1,0,358,Normal,0.0,0
2025-01-08 02:52:00,49,70.86,36.53,76.44,2.14,1.43,1,0,231,Normal,0.0,0
2025-02-20 17:30:00,38,91.25,35.38,71.62,4.47,3.31,1,1,10,Normal,1.0,1
2025-03-08 17:38:00,8,87.75,45.98,79.77,2.93,2.53,1,0,405,Normal,0.0,0
2025-01-02 14:57:00,23,70.09,47.77,62.49,3.14,3.92,1,0,466,Normal,0.0,0
2025-02-27 08:08:00,4,91.62,79.47,79.65,3.35,3.01,1,1,5,Normal,1.0,1
2025-01-21 06:54:00,37,67.69,41.31,68.04,4.1,4.94,2,0,471,Vibration Issue,0.0,1
2025-02-07 10:12:00,50,77.59,31.45,75.14,1.19,4.4,1,0,99,Normal,0.0,0
2025-01-02 09:33:00,50,69.38,70.51,74.45,1.79,1.89,1,0,444,Normal,0.0,0
2025-02-05 21:00:00,50,97.24,36.64,42.65,2.21,1.73,1,1,42,Normal,1.0,1
2025-03-05 15:03:00,41,69.9,48.18,45.66,1.33,2.5,1,0,325,Normal,0.0,0
2025-03-04 13:50:00,20,86.81,71.86,60.86,2.51,4.3,1,0,388,Normal,0.0,0
2025-03-05 01:53:00,46,54.67,40.97,58.72,2.74,1.68,1,0,334,Normal,0.0,0
2025-02-24 23:16:00,23,82.54,65.12,74.46,2.67,2.8,1,0,335,Normal,0.0,0
2025-01-04 15:17:00,32,91.81,63.51,70.34,3.34,2.12,1,1,5,Normal,1.0,1
2025-03-01 04:44:00,42,75.38,46.06,59.19,3.03,1.77,1,0,46,Normal,0.0,0
2025-01-04 12:28:00,3,81.97,47.53,73.2,4.58,4.46,1,0,489,Normal,0.0,0
2025-01-02 22:34:00,43,90.45,37.43,54.13,2.04,1.39,1,1,17,Normal,1.0,1
2025-03-01 13:37:00,12,72.84,36.9,63.8,2.38,3.0,1,0,404,Normal,0.0,0
2025-01-29 00:52:00,6,68.71,52.08,36.44,2.3,2.37,1,0,350,Normal,0.0,0
2025-02-01 19:27:00,6,73.3,56.45,46.88,1.65,4.6,2,0,380,Vibration Issue,0.0,1
2025-02-06 17:55:00,37,65.58,65.36,44.44,4.23,2.54,1,0,144,Normal,0.0,0
2025-02-09 00:09:00,4,72.59,56.85,76.68,1.08,2.46,2,0,66,Pressure Drop,0.0,1
2025-01-15 10:19:00,9,83.24,61.59,52.51,3.37,0.83,1,0,465,Normal,0.0,0
2025-02-01 04:38:00,40,62.86,37.35,53.13,2.69,1.65,1,0,85,Normal,0.0,0
2025-02-01 07:56:00,17,76.76,75.73,44.81,2.54,3.53,1,0,303,Normal,0.0,0
2025-01-11 08:31:00,10,66.53,12.02,37.79,3.71,3.11,1,0,190,Normal,0.0,0
2025-02-22 11:54:00,13,76.75,44.77,44.53,4.41,4.32,0,0,341,Normal,0.0,0
2025-01-15 07:15:00,33,79.09,59.31,43.15,3.98,2.58,1,0,254,Normal,0.0,0
2025-03-06 12:43:00,5,74.95,31.39,65.8,2.56,3.04,1,0,13,Normal,0.0,1
2025-02-15 00:53:00,42,84.59,33.2,53.22,1.55,4.36,1,0,234,Normal,0.0,0
2025-02-09 21:50:00,21,74.27,29.72,30.64,1.52,2.34,1,0,346,Normal,0.0,0
2025-03-05 17:41:00,28,86.64,43.3,72.36,2.9,1.74,1,0,420,Normal,0.0,0
2025-02-19 06:42:00,7,76.23,59.44,58.53,4.53,2.03,1,0,29,Normal,0.0,0
2025-01-16 04:33:00,3,82.08,45.15,32.88,1.07,4.11,1,0,247,Normal,0.0,0
2025-02-19 03:31:00,45,80.71,38.43,73.6,1.12,4.48,1,0,63,Normal,0.0,0
2025-01-12 00:46:00,8,68.67,51.76,38.19,2.61,2.29,1,0,21,Normal,0.0,0
2025-02-05 17:55:00,8,79.52,47.41,77.03,3.76,0.74,1,0,339,Normal,0.0,0
2025-02-26 18:45:00,17,81.02,71.4,65.23,2.47,3.85,1,0,138,Normal,0.0,0
2025-02-06 04:05:00,28,69.8,59.45,76.45,2.73,1.81,0,0,420,Normal,0.0,0
2025-01-07 07:53:00,43,64.26,46.69,72.33,4.78,0.6,1,0,73,Normal,0.0,0
2025-02-03 17:21:00,9,57.48,39.13,60.56,4.8,3.14,1,0,113,Normal,0.0,0
2025-02-02 12:15:00,1,80.55,25.95,70.34,2.22,3.81,1,0,111,Normal,0.0,0
2025-02-11 23:06:00,3,74.67,72.73,64.61,4.1,4.45,1,0,392,Normal,0.0,0
2025-02-06 15:03:00,34,68.48,51.36,78.35,5.0,3.67,1,0,238,Normal,0.0,0
2025-01-14 14:21:00,30,79.13,43.71,72.33,3.29,1.61,1,0,342,Normal,0.0,0
2025-01-27 04:18:00,50,65.77,49.8,74.42,1.13,3.29,1,0,412,Normal,0.0,0
2025-01-03 14:32:00,3,73.66,63.9,48.18,1.29,0.81,2,0,384,Vibration Issue,0.0,1
2025-01-22 03:56:00,42,79.78,50.94,75.66,4.39,3.31,1,0,464,Normal,0.0,0
2025-01-21 13:48:00,25,68.06,65.71,48.2,4.32,1.92,1,0,218,Normal,0.0,0
2025-01-20 02:43:00,12,83.94,64.58,31.99,4.7,1.37,2,0,309,Overheating,0.0,1
2025-01-29 02:57:00,35,78.62,35.44,48.04,4.8,1.76,1,0,237,Normal,0.0,0
2025-01-18 08:11:00,37,57.11,45.75,53.35,3.6,1.95,1,0,380,Normal,0.0,0
2025-01-18 10:51:00,39,48.34,56.39,59.49,3.37,2.66,1,0,305,Normal,0.0,0
2025-03-03 20:30:00,37,66.05,37.58,30.33,4.26,3.66,0,0,492,Normal,0.0,0
2025-02-26 03:55:00,21,58.14,64.04,64.74,4.6,4.92,0,0,86,Normal,0.0,0
2025-02-15 21:26:00,49,56.95,57.94,68.48,3.42,3.71,1,0,405,Normal,0.0,0
2025-02-05 02:08:00,39,79.54,36.81,39.38,3.7,0.76,1,0,375,Normal,0.0,0
2025-02-27 04:03:00,26,72.08,49.87,59.7,1.88,2.51,0,0,407,Normal,0.0,0
2025-01-09 20:18:00,10,99.08,43.37,73.22,2.17,3.13,2,1,35,Pressure Drop,1.0,1
2025-03-08 12:38:00,36,67.2,41.07,51.87,4.9,2.02,2,0,381,Normal,0.0,1
2025-02-23 19:31:00,8,83.82,47.88,76.17,4.16,2.7,1,0,447,Normal,0.0,0
2025-01-31 02:01:00,22,77.58,65.67,44.02,3.9,1.59,2,0,207,Pressure Drop,0.0,1
2025-01-25 03:29:00,13,84.47,30.99,73.93,1.04,1.79,0,0,188,Normal,0.0,0
2025-02-03 09:17:00,48,75.69,64.21,42.36,1.83,3.13,2,0,120,Pressure Drop,0.0,1
2025-03-04 06:36:00,45,75.22,59.81,32.93,1.39,2.41,1,0,151,Normal,0.0,0
2025-01-28 23:01:00,26,69.21,67.39,36.02,1.48,2.05,2,0,458,Overheating,0.0,1
2025-03-04 13:46:00,47,75.44,40.51,78.83,4.03,1.07,1,0,68,Normal,0.0,0
2025-01-22 19:16:00,23,66.29,44.07,49.21,2.89,4.14,1,0,113,Normal,0.0,0
2025-01-22 08:07:00,19,68.19,61.67,59.97,3.1,3.47,2,0,427,Pressure Drop,0.0,1
2025-03-03 11:32:00,40,60.33,30.31,53.48,2.31,2.87,2,0,427,Pressure Drop,0.0,1
2025-02-11 14:50:00,46,72.13,50.2,51.61,2.03,2.62,1,0,202,Normal,0.0,0
2025-01-13 03:32:00,23,87.82,45.09,42.61,2.87,4.28,1,0,365,Normal,0.0,0
2025-03-06 09:02:00,24,80.75,44.25,75.42,4.68,0.73,1,0,87,Normal,0.0,0
2025-01-12 18:40:00,19,80.58,56.25,67.38,3.26,2.6,1,0,382,Normal,0.0,0
2025-03-10 02:54:00,43,80.97,50.15,43.52,3.33,1.09,1,0,226,Normal,0.0,0
2025-01-09 19:29:00,40,63.52,65.23,69.0,3.88,4.92,1,0,264,Normal,0.0,0
2025-02-26 10:45:00,18,83.8,50.97,57.68,4.2,2.32,0,0,123,Normal,0.0,0
2025-01-03 23:07:00,7,85.72,57.16,65.38,2.5,2.17,1,0,95,Normal,0.0,0
2025-01-29 06:27:00,32,80.31,55.71,38.98,3.26,1.65,2,0,403,Pressure Drop,0.0,1
2025-03-05 05:27:00,41,84.63,52.75,36.4,3.98,3.05,1,0,154,Normal,0.0,0
2025-02-26 17:49:00,24,85.49,93.1,74.06,3.35,1.6,1,1,39,Normal,1.0,1
2025-03-02 08:38:00,27,87.99,34.81,33.86,2.62,2.41,1,0,222,Normal,0.0,0
2025-01-18 07:00:00,40,65.81,35.92,33.58,4.52,4.83,2,0,237,Normal,0.0,1
2025-01-05 06:26:00,27,68.9,46.84,54.91,2.39,2.02,1,0,73,Normal,0.0,0
2025-02-16 19:55:00,34,99.2,53.32,74.95,4.53,1.96,1,1,37,Normal,1.0,1
2025-03-07 21:01:00,16,82.55,56.12,42.8,4.31,0.57,1,0,129,Normal,0.0,0
2025-01-24 17:28:00,12,49.01,44.48,57.58,2.5,3.19,1,0,179,Normal,0.0,0
2025-03-06 14:48:00,15,84.65,56.95,79.42,3.79,1.01,1,0,157,Normal,0.0,0
2025-01-25 17:42:00,50,84.78,28.85,43.23,3.91,2.07,1,0,198,Normal,0.0,0
2025-03-05 05:07:00,41,72.61,58.78,49.77,3.94,0.87,1,0,464,Normal,0.0,0
2025-01-31 03:34:00,19,68.12,57.71,74.84,1.36,2.16,1,0,386,Normal,0.0,0
2025-01-29 15:36:00,45,89.06,54.85,37.42,1.23,1.69,1,0,350,Normal,0.0,0
2025-01-10 04:54:00,35,69.56,49.25,69.55,2.81,0.7,1,0,190,Normal,0.0,0
2025-01-17 03:25:00,7,72.7,43.95,79.69,4.95,3.95,1,0,135,Normal,0.0,0
2025-01-10 07:55:00,34,65.33,57.08,55.74,4.72,1.36,1,0,86,Normal,0.0,0
2025-01-12 03:25:00,3,60.37,59.17,46.53,4.19,4.35,1,0,182,Normal,0.0,0
2025-02-19 21:30:00,49,72.49,68.91,54.29,3.55,4.45,1,0,86,Normal,0.0,0
2025-03-01 07:38:00,13,65.49,42.1,57.9,1.06,4.42,1,0,185,Normal,0.0,0
2025-01-20 07:54:00,14,75.84,59.85,58.67,1.26,4.87,0,0,76,Normal,0.0,0
2025-02-26 07:37:00,22,82.12,58.59,62.35,1.99,4.45,0,0,292,Normal,0.0,0
2025-01-12 07:38:00,45,55.22,52.86,37.72,2.34,3.26,0,0,218,Normal,0.0,0
2025-02-10 15:26:00,49,85.41,60.28,66.92,2.54,2.25,1,0,115,Normal,0.0,0
2025-02-05 19:40:00,23,70.54,67.35,30.21,1.81,4.85,1,0,77,Normal,0.0,0
2025-02-12 07:34:00,27,77.18,77.98,41.58,1.71,4.1,1,0,472,Normal,0.0,0
2025-02-17 04:25:00,16,80.35,46.67,52.27,3.84,0.77,1,0,368,Normal,0.0,0
2025-01-28 02:42:00,37,73.73,51.17,37.33,4.38,4.45,2,0,356,Pressure Drop,0.0,1
2025-02-03 10:51:00,25,57.64,45.47,50.27,2.6,4.73,1,0,253,Normal,0.0,0
2025-02-24 23:58:00,22,77.3,59.23,64.67,3.1,3.5,1,0,218,Normal,0.0,0
2025-01-11 15:10:00,16,74.53,16.54,54.54,4.23,4.3,1,0,21,Normal,0.0,0
2025-01-24 23:28:00,13,83.16,77.97,78.56,3.48,1.77,1,0,202,Normal,0.0,0
2025-01-16 05:18:00,17,68.06,26.8,58.3,4.65,2.08,1,0,111,Normal,0.0,0
2025-02-27 07:37:00,43,103.07,42.83,74.59,4.89,1.95,2,1,3,Pressure Drop,1.0,1
2025-01-17 05:00:00,28,72.33,66.39,76.84,1.21,2.54,1,0,438,Normal,0.0,0
2025-01-28 10:03:00,16,75.7,32.84,58.28,2.26,3.52,1,0,421,Normal,0.0,0
2025-01-08 07:35:00,40,72.94,54.09,36.53,4.73,4.15,1,0,343,Normal,0.0,0
2025-02-17 15:38:00,45,73.93,75.49,67.81,2.25,3.22,1,0,92,Normal,0.0,0
2025-01-31 04:02:00,32,75.8,56.87,40.05,3.37,4.23,2,0,370,Overheating,0.0,1
2025-02-14 09:18:00,22,77.71,58.54,52.88,3.79,3.49,1,0,227,Normal,0.0,0
2025-03-06 00:45:00,40,69.01,42.43,32.19,3.68,1.15,0,0,199,Normal,0.0,0
2025-02-03 02:12:00,31,77.07,76.58,67.44,3.44,0.85,1,0,347,Normal,0.0,0
2025-01-10 10:40:00,3,85.02,8.75,64.31,1.57,4.94,1,0,418,Normal,0.0,0
2025-03-04 04:08:00,22,87.73,80.75,54.1,3.31,4.17,1,1,12,Normal,1.0,1
2025-03-11 01:51:00,27,72.55,54.24,48.35,4.17,1.13,1,0,466,Normal,0.0,0
2025-02-08 02:11:00,9,71.24,43.18,61.97,4.42,1.3,1,0,85,Normal,0.0,0
2025-03-10 13:47:00,42,67.3,28.46,71.04,4.99,1.84,1,0,465,Normal,0.0,0
2025-01-09 19:59:00,40,74.65,22.78,65.48,1.36,2.4,1,0,57,Normal,0.0,0
2025-01-18 08:48:00,40,75.23,73.43,46.24,3.95,3.97,1,0,336,Normal,0.0,0
2025-02-06 17:09:00,41,76.3,38.38,42.28,3.4,0.61,1,0,392,Normal,0.0,0
2025-03-09 10:59:00,23,71.26,64.19,78.07,3.94,2.31,1,0,13,Normal,0.0,1
2025-03-10 02:11:00,40,58.38,43.79,68.39,1.52,0.69,1,0,332,Normal,0.0,0
2025-02-25 10:20:00,3,76.23,27.57,57.1,3.19,2.57,1,0,56,Normal,0.0,0
2025-01-30 19:51:00,17,62.62,50.45,78.03,2.08,4.7,1,0,44,Normal,0.0,0
2025-02-09 19:40:00,40,59.09,25.15,71.02,4.35,1.89,1,0,292,Normal,0.0,0
2025-01-25 20:39:00,20,84.09,42.82,77.21,2.66,4.34,1,0,102,Normal,0.0,0
2025-02-21 14:44:00,42,88.53,46.62,52.74,1.6,3.68,1,0,472,Normal,0.0,0
2025-02-13 01:26:00,5,68.62,49.26,71.93,1.13,4.7,1,0,175,Normal,0.0,0
2025-01-06 03:05:00,21,83.84,66.51,50.46,4.83,1.74,2,0,421,Electrical Fault,0.0,1
2025-01-14 02:04:00,40,87.98,29.71,39.84,4.69,0.58,1,0,290,Normal,0.0,0
2025-03-11 10:06:00,49,80.57,48.03,56.66,2.67,2.89,2,0,349,Pressure Drop,0.0,1
2025-01-22 05:03:00,35,79.4,58.03,54.56,3.49,2.65,1,0,144,Normal,0.0,0
2025-01-19 12:08:00,20,62.38,46.01,76.01,4.78,2.87,1,0,177,Normal,0.0,0
2025-02-01 05:43:00,21,82.22,57.46,39.33,2.16,3.11,1,0,402,Normal,0.0,0
2025-02-28 23:25:00,41,75.85,58.26,52.68,2.62,1.12,1,0,446,Normal,0.0,0
2025-02-12 18:01:00,16,73.35,38.98,35.25,2.37,0.88,2,0,401,Pressure Drop,0.0,1
2025-02-22 19:23:00,3,79.27,54.38,50.17,2.38,3.23,1,0,307,Normal,0.0,0
2025-02-02 20:20:00,24,91.53,46.87,62.56,3.33,3.92,0,1,33,Normal,1.0,1
2025-01-15 09:39:00,48,74.77,70.41,31.02,3.53,4.31,1,0,126,Normal,0.0,0
2025-01-14 16:09:00,25,82.25,57.88,72.48,4.1,1.03,1,0,223,Normal,0.0,0
2025-01-14 00:53:00,27,83.56,27.8,77.27,2.43,1.33,1,0,375,Normal,0.0,0
2025-01-11 12:32:00,8,69.54,77.13,35.9,5.0,4.48,1,0,198,Normal,0.0,0
2025-02-18 06:41:00,25,82.73,80.69,61.73,3.81,2.87,1,1,7,Normal,1.0,1
2025-02-06 20:15:00,34,69.67,68.11,63.48,4.63,1.59,1,0,433,Normal,0.0,0
2025-02-28 10:18:00,7,67.37,39.62,34.27,3.19,3.89,1,0,496,Normal,0.0,0
2025-01-28 09:52:00,1,72.06,58.46,59.35,1.66,1.75,0,0,491,Normal,0.0,0
2025-03-02 15:31:00,32,79.18,48.1,48.82,3.53,4.22,1,0,491,Normal,0.0,0
2025-01-28 08:46:00,14,110.18,54.21,33.88,3.71,4.6,0,1,3,Normal,1.0,1
2025-02-16 03:24:00,12,56.31,60.77,41.95,4.5,2.28,1,0,442,Normal,0.0,0
2025-02-24 10:30:00,48,89.31,48.88,44.55,2.46,2.64,2,0,239,Vibration Issue,0.0,1
2025-02-03 01:42:00,4,78.46,57.84,54.21,3.5,4.95,1,0,89,Normal,0.0,0
2025-02-19 11:21:00,27,56.68,45.63,64.19,3.27,2.07,1,0,475,Normal,0.0,0
2025-02-01 19:47:00,28,91.72,39.54,46.74,3.34,5.0,1,1,7,Normal,1.0,1
2025-01-11 18:09:00,28,83.45,53.94,65.73,2.79,4.6,1,0,140,Normal,0.0,0
2025-03-06 05:11:00,37,80.05,63.93,73.05,3.14,1.66,1,0,64,Normal,0.0,0
2025-02-23 06:43:00,43,72.12,56.41,45.98,1.76,4.21,1,0,400,Normal,0.0,0
2025-01-12 05:28:00,26,75.81,54.28,60.56,2.7,4.91,1,0,330,Normal,0.0,0
2025-01-28 00:33:00,26,75.38,47.69,67.67,3.72,2.04,1,0,88,Normal,0.0,0
2025-03-04 08:09:00,3,88.38,46.24,59.36,3.09,0.91,1,0,261,Normal,0.0,0
2025-02-04 00:50:00,5,76.02,39.66,36.32,3.38,2.29,1,0,389,Normal,0.0,0
2025-02-25 08:04:00,23,84.21,65.9,35.7,4.73,1.27,1,0,100,Normal,0.0,0
2025-03-07 17:14:00,16,75.26,50.13,73.81,3.25,1.48,1,0,400,Normal,0.0,0
2025-02-23 01:20:00,14,57.11,67.36,30.57,2.51,4.46,1,0,354,Normal,0.0,0
2025-01-10 06:12:00,28,73.58,41.77,33.95,4.64,3.04,1,0,406,Normal,0.0,0
2025-02-10 21:58:00,7,76.81,49.05,34.19,3.15,4.56,1,0,54,Normal,0.0,0
2025-02-26 00:04:00,19,55.26,52.98,36.91,3.06,2.74,1,0,328,Normal,0.0,0
2025-01-20 00:13:00,49,79.96,51.2,65.5,3.21,1.7,1,0,216,Normal,0.0,0
2025-02-21 12:08:00,25,80.85,41.31,46.58,3.06,3.99,1,0,57,Normal,0.0,0
2025-01-07 22:28:00,38,65.49,59.53,72.3,1.36,3.14,1,0,176,Normal,0.0,0
2025-02-28 04:36:00,8,71.1,41.57,55.52,3.67,3.53,1,0,275,Normal,0.0,0
2025-02-24 22:49:00,18,68.9,25.22,35.72,2.92,4.93,1,0,204,Normal,0.0,0
2025-01-05 01:27:00,28,71.41,47.6,69.17,1.31,3.66,2,0,400,Overheating,0.0,1
2025-01-28 23:32:00,35,87.48,25.94,74.92,4.34,4.0,1,0,363,Normal,0.0,0
2025-02-06 06:13:00,49,67.42,81.44,43.42,1.64,2.62,1,1,30,Normal,1.0,1
2025-02-17 22:00:00,49,66.97,26.88,34.97,4.37,0.51,1,0,130,Normal,0.0,0
2025-01-19 03:55:00,50,79.37,57.31,75.11,4.26,2.45,2,0,200,Pressure Drop,0.0,1
2025-02-11 04:20:00,6,91.64,58.82,65.11,4.44,2.36,1,1,44,Normal,1.0,1
2025-01-08 09:55:00,30,74.34,49.47,76.19,2.37,0.78,1,0,492,Normal,0.0,0
2025-02-20 16:30:00,36,76.28,51.81,38.6,3.36,3.8,0,0,442,Normal,0.0,0
2025-01-15 23:32:00,23,85.03,32.02,49.09,4.22,3.9,1,0,133,Normal,0.0,0
2025-03-09 15:37:00,41,68.46,48.97,77.06,4.74,1.43,1,0,474,Normal,0.0,0
2025-01-13 11:57:00,6,78.95,68.99,65.72,1.77,1.33,1,0,318,Normal,0.0,0
2025-01-07 20:35:00,42,86.4,34.74,34.8,2.9,0.64,1,0,191,Normal,0.0,0
2025-01-26 01:43:00,22,74.36,43.47,79.66,2.05,3.99,1,0,222,Normal,0.0,0
2025-02-21 03:11:00,8,79.36,66.88,70.13,2.79,1.57,2,0,117,Vibration Issue,0.0,1
2025-02-12 08:31:00,2,85.68,49.34,31.64,2.18,2.84,1,0,380,Normal,0.0,0
2025-02-08 18:55:00,17,58.12,48.86,34.77,2.86,1.4,1,0,163,Normal,0.0,0
2025-03-06 00:48:00,33,68.87,48.4,52.52,1.11,0.75,1,0,264,Normal,0.0,0
2025-01-08 10:32:00,40,80.88,38.9,44.47,2.01,2.73,1,0,398,Normal,0.0,0
2025-01-28 00:59:00,22,79.51,63.27,43.3,1.19,2.03,1,0,50,Normal,0.0,0
2025-01-16 05:50:00,24,87.97,53.07,50.49,3.49,1.45,2,0,453,Overheating,0.0,1
2025-02-03 16:15:00,18,72.09,44.63,54.92,4.58,4.44,1,0,454,Normal,0.0,0
2025-02-13 19:19:00,50,75.53,48.7,60.17,2.41,4.85,2,0,308,Normal,0.0,1
2025-01-03 00:00:00,30,79.65,20.36,78.16,1.77,1.19,1,0,207,Normal,0.0,0
2025-02-13 11:00:00,8,68.86,45.68,77.1,4.17,2.08,1,0,294,Normal,0.0,0
2025-01-14 20:22:00,17,81.6,56.48,43.95,4.5,1.97,2,0,38,Pressure Drop,0.0,1
2025-01-16 00:22:00,40,57.39,42.98,63.45,1.46,1.25,1,0,382,Normal,0.0,0
2025-02-24 23:12:00,36,81.46,35.53,73.51,2.82,3.64,0,0,296,Normal,0.0,0
2025-02-27 08:00:00,12,74.57,52.34,64.64,4.07,3.28,2,0,321,Pressure Drop,0.0,1
2025-02-01 05:05:00,14,76.96,40.28,64.99,1.04,4.49,1,0,451,Normal,0.0,0
2025-02-22 20:06:00,25,78.74,46.21,76.31,3.93,4.31,1,0,418,Normal,0.0,0
2025-03-07 06:11:00,16,74.25,39.72,38.69,1.87,1.58,0,0,109,Normal,0.0,0
2025-03-08 19:57:00,43,79.65,43.88,47.31,3.84,0.61,1,0,238,Normal,0.0,0
2025-02-11 15:12:00,44,66.42,49.2,51.39,1.78,2.75,2,0,199,Pressure Drop,0.0,1
2025-03-10 19:30:00,50,84.49,65.47,78.4,1.88,4.98,1,0,409,Normal,0.0,0
2025-01-03 20:27:00,42,79.61,59.67,44.1,3.42,0.51,1,0,141,Normal,0.0,0
2025-01-29 09:57:00,22,74.92,49.97,49.57,3.41,3.31,1,0,300,Normal,0.0,0
2025-01-24 05:18:00,24,73.22,36.27,69.08,3.95,1.07,0,0,292,Normal,0.0,0
2025-01-12 19:00:00,24,76.16,34.36,60.27,1.95,4.22,1,0,394,Normal,0.0,0
2025-02-01 05:07:00,31,62.32,58.02,57.72,1.7,2.72,2,0,332,Overheating,0.0,1
2025-01-23 18:36:00,37,57.6,27.18,35.86,3.24,4.95,1,0,125,Normal,0.0,0
2025-02-03 16:56:00,23,97.33,43.41,64.38,4.9,4.19,1,1,25,Normal,1.0,1
2025-03-11 00:30:00,7,69.06,62.78,47.59,3.54,3.57,1,0,34,Normal,0.0,0
2025-02-12 21:51:00,9,75.77,45.63,43.43,4.17,2.02,2,0,198,Pressure Drop,0.0,1
2025-01-09 06:20:00,27,65.51,51.25,43.56,1.72,0.5,1,0,339,Normal,0.0,0
2025-01-11 15:59:00,6,75.55,48.24,58.39,1.44,4.98,1,0,332,Normal,0.0,0
2025-01-30 22:06:00,30,70.23,43.48,59.37,2.21,2.01,0,0,357,Normal,0.0,0
2025-02-17 13:00:00,5,73.52,87.71,36.17,2.61,2.09,2,1,40,Electrical Fault,1.0,1
2025-02-26 16:31:00,9,59.09,52.79,32.3,4.03,4.38,1,0,298,Normal,0.0,0
2025-02-28 21:46:00,2,82.97,62.18,59.94,1.42,2.34,1,0,59,Normal,0.0,0
2025-02-24 09:15:00,37,80.43,36.81,69.8,1.75,4.94,1,0,188,Normal,0.0,0
2025-01-31 06:37:00,18,60.0,70.42,79.14,2.89,2.06,1,0,52,Normal,0.0,0
2025-01-04 06:33:00,29,74.15,77.65,39.46,1.13,0.8,1,0,430,Normal,0.0,0
2025-01-07 04:02:00,50,81.73,31.42,69.68,3.61,2.81,1,0,438,Normal,0.0,0
2025-01-25 18:34:00,9,78.09,54.8,73.93,3.0,2.41,1,0,327,Normal,0.0,0
2025-02-12 04:54:00,28,84.87,60.7,42.91,1.42,0.83,1,0,221,Normal,0.0,0
2025-01-15 15:06:00,28,75.78,77.16,58.28,2.28,4.65,0,0,255,Normal,0.0,0
2025-02-16 05:09:00,13,73.97,56.99,59.89,4.28,0.82,1,0,436,Normal,0.0,0
2025-03-07 15:42:00,8,75.13,52.32,68.27,3.17,3.35,1,0,154,Normal,0.0,0
2025-01-11 18:44:00,50,67.56,42.92,66.38,3.3,1.75,1,0,223,Normal,0.0,0
2025-01-28 06:37:00,17,70.16,50.89,63.91,3.15,4.83,1,0,230,Normal,0.0,0
2025-01-24 12:26:00,25,80.35,51.96,49.17,3.6,2.63,1,0,334,Normal,0.0,0
2025-01-11 05:35:00,16,69.82,43.4,73.34,2.49,0.65,2,0,14,Overheating,0.0,1
2025-01-29 04:59:00,27,81.05,35.46,61.99,3.48,3.94,1,0,291,Normal,0.0,0
2025-01-05 15:07:00,48,64.42,78.05,43.78,3.4,1.69,1,0,361,Normal,0.0,0
2025-02-19 20:09:00,47,97.4,39.52,65.26,3.24,1.33,1,1,12,Normal,1.0,1
2025-02-07 07:10:00,32,76.71,41.28,55.78,2.84,5.0,1,0,227,Normal,0.0,0
2025-01-26 07:13:00,36,72.31,32.07,63.95,3.58,1.61,2,0,285,Normal,0.0,1
2025-02-28 02:59:00,19,75.01,35.11,61.92,2.8,0.53,1,0,118,Normal,0.0,0
2025-02-05 15:57:00,28,79.32,42.6,43.82,1.47,2.57,1,0,185,Normal,0.0,0
2025-02-27 07:28:00,24,92.03,55.33,71.82,4.92,2.55,1,1,32,Normal,1.0,1
2025-02-01 23:52:00,27,78.78,60.23,75.99,3.02,4.42,1,0,254,Normal,0.0,0
2025-01-13 23:37:00,4,66.47,43.56,63.04,1.31,3.08,1,0,270,Normal,0.0,0
2025-02-12 08:37:00,27,86.96,65.69,74.73,3.78,1.84,2,0,234,Overheating,0.0,1
2025-03-07 21:57:00,30,54.21,43.37,78.3,4.49,1.5,1,0,478,Normal,0.0,0
2025-01-25 14:32:00,19,78.1,71.24,69.82,1.7,4.39,1,0,280,Normal,0.0,0
2025-02-23 04:01:00,24,88.68,75.17,70.73,1.52,2.82,1,0,373,Normal,0.0,0
2025-02-15 21:45:00,12,69.6,70.31,57.38,3.76,2.65,1,0,90,Normal,0.0,0
2025-03-07 02:18:00,43,62.83,60.33,31.17,4.09,3.8,1,0,496,Normal,0.0,0
2025-01-29 14:19:00,6,95.38,62.19,49.44,1.42,3.24,1,1,45,Normal,1.0,1
2025-02-11 18:10:00,48,88.98,51.42,48.05,1.64,3.17,1,0,95,Normal,0.0,0
2025-01-10 17:58:00,26,70.71,66.38,59.6,4.8,3.01,1,0,249,Normal,0.0,0
2025-01-30 03:16:00,22,80.92,70.21,31.43,4.36,1.96,1,0,211,Normal,0.0,0
2025-02-21 15:31:00,32,73.48,56.19,54.35,3.35,4.61,1,0,227,Normal,0.0,0
2025-02-19 08:24:00,4,69.25,56.01,52.59,4.06,3.94,1,0,328,Normal,0.0,0
2025-03-03 10:21:00,30,57.82,50.97,62.57,1.86,3.79,2,0,376,Normal,0.0,1
2025-03-06 13:33:00,44,73.53,43.82,47.7,1.76,4.1,1,0,138,Normal,0.0,0
2025-01-06 04:23:00,45,68.48,40.29,31.98,1.61,3.42,1,0,249,Normal,0.0,0
2025-01-23 00:19:00,35,78.16,67.18,51.44,1.6,4.03,1,0,353,Normal,0.0,0
2025-02-02 00:30:00,34,67.42,27.07,64.31,2.42,2.82,1,0,132,Normal,0.0,0
2025-03-09 14:49:00,50,64.25,62.54,55.11,4.97,2.11,1,0,146,Normal,0.0,0
2025-02-21 07:27:00,13,59.08,70.07,60.0,1.98,4.31,1,0,158,Normal,0.0,0
2025-02-21 00:19:00,2,69.18,75.69,73.73,3.87,0.77,2,0,482,Normal,0.0,1
2025-02-15 08:46:00,20,58.34,38.11,74.87,1.74,2.93,1,0,426,Normal,0.0,0
2025-01-18 22:09:00,25,79.34,29.0,46.69,4.93,3.46,1,0,143,Normal,0.0,0
2025-02-18 14:32:00,42,76.87,56.16,69.85,2.76,1.23,1,0,214,Normal,0.0,0
2025-01-16 12:15:00,24,84.64,60.4,53.39,1.49,3.49,1,0,222,Normal,0.0,0
2025-01-27 14:48:00,5,51.56,43.26,34.13,1.03,1.84,1,0,84,Normal,0.0,0
2025-02-01 14:48:00,26,81.88,20.45,31.56,1.46,2.6,1,0,395,Normal,0.0,0
2025-01-06 08:20:00,49,90.47,55.38,69.58,3.22,0.78,1,1,27,Normal,1.0,1
2025-01-18 07:30:00,45,73.53,67.52,68.77,1.51,3.07,1,0,210,Normal,0.0,0
2025-02-11 19:28:00,50,92.35,37.45,42.53,3.5,0.75,1,1,19,Normal,1.0,1
2025-02-21 14:41:00,16,69.24,71.76,42.32,1.55,3.11,1,0,449,Normal,0.0,0
2025-01-05 18:10:00,33,75.74,74.78,70.56,4.11,0.78,1,0,292,Normal,0.0,0
2025-01-18 18:01:00,5,57.29,45.7,49.77,3.68,2.06,1,0,241,Normal,0.0,0
2025-01-14 20:30:00,27,74.06,66.99,72.8,4.24,2.5,1,0,318,Normal,0.0,0
2025-01-29 02:49:00,17,67.83,50.63,40.3,1.38,2.66,1,0,79,Normal,0.0,0
2025-01-06 08:34:00,36,78.61,43.76,37.51,1.49,3.34,1,0,82,Normal,0.0,0
2025-01-16 19:48:00,12,77.32,52.87,63.85,1.76,1.66,1,0,461,Normal,0.0,0
2025-03-01 02:20:00,37,105.55,56.58,42.93,3.4,4.44,1,1,16,Normal,1.0,1
2025-01-21 20:09:00,38,74.61,43.15,56.74,2.28,3.63,1,0,459,Normal,0.0,0
2025-01-28 09:49:00,32,68.73,44.98,46.51,4.71,3.75,1,0,258,Normal,0.0,0
2025-02-06 10:52:00,22,67.69,77.05,34.31,2.11,2.83,1,0,416,Normal,0.0,0
2025-01-11 22:01:00,33,80.84,63.19,71.28,3.43,1.64,1,0,330,Normal,0.0,0
2025-01-15 03:19:00,31,79.27,55.86,48.43,2.88,2.21,1,0,236,Normal,0.0,0
2025-03-10 15:49:00,20,59.26,69.74,73.0,2.56,3.09,1,0,194,Normal,0.0,0
2025-03-10 02:03:00,39,70.96,62.15,58.32,1.63,3.82,1,0,478,Normal,0.0,0
2025-01-17 01:15:00,9,87.46,56.59,55.37,1.73,1.69,1,0,426,Normal,0.0,0
2025-01-27 08:32:00,44,81.71,51.0,77.94,2.15,3.16,1,0,297,Normal,0.0,0
2025-01-17 12:29:00,34,61.97,40.81,40.06,4.81,2.92,1,0,217,Normal,0.0,0
2025-02-19 15:12:00,10,67.45,52.65,56.59,2.92,1.52,0,0,84,Normal,0.0,0
2025-01-07 04:48:00,17,73.98,89.49,77.9,1.9,0.6,1,1,16,Normal,1.0,1
2025-01-17 16:33:00,39,56.6,54.8,62.99,2.4,0.76,1,0,207,Normal,0.0,0
2025-02-18 22:52:00,14,74.29,42.85,55.62,3.12,1.03,1,0,111,Normal,0.0,0
2025-01-13 06:15:00,14,71.38,54.95,70.69,3.87,1.91,1,0,144,Normal,0.0,0
2025-02-23 21:07:00,5,69.3,67.04,41.23,4.12,3.98,0,0,234,Normal,0.0,0
2025-01-28 16:02:00,11,76.66,61.62,69.16,3.2,4.93,1,0,319,Normal,0.0,0
2025-01-21 17:28:00,43,78.47,70.88,40.8,1.68,2.79,1,0,301,Normal,0.0,0
2025-01-04 06:44:00,6,70.06,50.46,34.62,1.16,4.0,1,0,474,Normal,0.0,0
2025-01-20 11:37:00,16,96.4,42.43,33.15,4.83,1.61,1,1,12,Normal,1.0,1
2025-03-07 16:54:00,26,77.92,35.93,43.64,2.22,4.44,0,0,356,Normal,0.0,0
2025-02-08 19:16:00,13,60.0,70.89,76.49,1.76,3.83,1,0,265,Normal,0.0,0
2025-01-07 08:24:00,17,86.22,86.17,71.35,4.86,0.63,1,1,46,Normal,1.0,1
2025-01-20 01:10:00,21,81.67,39.46,75.24,3.68,2.63,1,0,131,Normal,0.0,0
2025-02-22 16:19:00,37,73.33,62.37,45.1,3.18,3.66,1,0,433,Normal,0.0,0
2025-01-21 13:01:00,36,70.03,35.87,44.54,2.01,0.9,1,0,11,Normal,0.0,1
2025-02-24 07:02:00,44,67.8,25.96,79.46,2.35,4.84,0,0,38,Normal,0.0,0
2025-02-19 22:19:00,36,80.34,48.49,62.41,2.33,3.66,1,0,273,Normal,0.0,0
2025-01-16 13:34:00,5,68.25,57.36,34.47,1.1,1.5,2,0,337,Electrical Fault,0.0,1
2025-02-06 14:22:00,46,68.51,44.15,32.49,1.44,2.58,1,0,42,Normal,0.0,0
2025-01-23 19:43:00,25,87.25,35.16,61.94,2.58,3.04,1,0,46,Normal,0.0,0
2025-02-03 17:18:00,48,79.43,50.23,69.53,4.95,0.78,1,0,213,Normal,0.0,0
2025-02-09 22:40:00,45,82.03,41.69,46.31,1.07,4.68,1,0,482,Normal,0.0,0
2025-01-15 23:19:00,46,75.66,51.38,35.54,1.46,4.71,1,0,169,Normal,0.0,0
2025-03-10 11:51:00,35,62.38,75.91,32.27,3.71,1.48,1,0,233,Normal,0.0,0
2025-02-09 05:42:00,45,81.09,50.68,30.37,1.79,1.98,1,0,114,Normal,0.0,0
2025-01-23 09:27:00,9,76.43,44.11,39.08,1.37,2.41,1,0,196,Normal,0.0,0
2025-02-27 15:12:00,2,52.33,27.34,46.51,4.07,2.24,2,0,345,Vibration Issue,0.0,1
2025-01-09 22:28:00,9,74.9,44.05,35.67,2.45,3.77,1,0,401,Normal,0.0,0
2025-02-02 02:50:00,48,56.65,54.44,67.35,1.76,4.62,1,0,138,Normal,0.0,0
2025-03-11 06:37:00,12,73.11,41.46,60.03,2.28,2.85,1,0,410,Normal,0.0,0
2025-02-19 18:29:00,43,81.61,40.72,33.1,1.86,3.57,1,0,29,Normal,0.0,0
2025-02-17 03:51:00,24,79.45,37.77,30.87,3.91,3.08,0,0,122,Normal,0.0,0
2025-01-25 01:22:00,13,84.17,62.84,54.95,2.45,3.58,0,0,151,Normal,0.0,0
2025-02-18 07:54:00,30,74.66,71.66,44.87,1.74,3.27,2,0,388,Pressure Drop,0.0,1
2025-01-20 10:58:00,18,73.57,45.77,47.55,2.54,1.97,2,0,227,Vibration Issue,0.0,1
2025-01-13 01:58:00,15,77.21,46.66,35.65,4.21,1.47,1,0,490,Normal,0.0,0
2025-03-07 01:36:00,21,72.39,50.32,44.34,4.31,4.77,0,0,10,Normal,0.0,1
2025-03-04 01:26:00,45,80.33,68.49,69.76,3.48,0.8,1,0,283,Normal,0.0,0
2025-03-02 12:34:00,31,86.69,80.62,32.4,1.77,1.72,1,1,33,Normal,1.0,1
2025-01-11 17:52:00,25,74.77,32.08,66.1,3.28,3.69,1,0,435,Normal,0.0,0
2025-01-18 00:25:00,22,76.93,44.71,78.46,2.74,2.35,1,0,367,Normal,0.0,0
2025-01-01 14:32:00,34,78.38,39.26,38.64,4.45,4.33,1,0,355,Normal,0.0,0
2025-03-08 01:33:00,14,77.1,50.39,37.07,1.3,1.87,1,0,468,Normal,0.0,0
2025-01-30 01:37:00,19,87.29,59.58,35.76,4.35,0.69,1,0,161,Normal,0.0,0
2025-03-01 15:12:00,18,83.37,72.73,36.92,1.85,3.11,1,0,86,Normal,0.0,0
2025-02-10 13:06:00,25,88.67,53.04,65.24,3.23,3.98,2,0,256,Normal,0.0,1
2025-02-18 12:59:00,14,95.06,47.73,48.7,3.77,3.83,1,1,48,Normal,1.0,1
2025-01-31 17:19:00,34,77.92,38.49,71.36,3.97,2.41,0,0,238,Normal,0.0,0
2025-01-29 16:52:00,18,78.34,50.69,46.51,4.93,4.73,1,0,336,Normal,0.0,0
2025-02-15 01:47:00,9,85.74,42.83,36.04,4.65,2.98,1,0,215,Normal,0.0,0
2025-02-10 10:44:00,1,67.14,23.88,57.44,1.21,2.02,1,0,348,Normal,0.0,0
2025-02-12 09:56:00,45,72.55,23.67,76.67,2.36,4.36,1,0,184,Normal,0.0,0
2025-02-02 19:56:00,35,88.96,42.97,40.16,4.49,3.28,1,0,403,Normal,0.0,0
2025-02-05 16:15:00,3,81.3,71.29,62.97,3.25,1.2,1,0,359,Normal,0.0,0
2025-01-13 06:40:00,11,80.6,65.31,34.45,2.84,1.93,2,0,481,Vibration Issue,0.0,1
2025-01-14 08:01:00,5,75.02,38.1,62.77,4.42,0.62,1,0,257,Normal,0.0,0
2025-03-02 02:15:00,7,60.95,86.25,51.97,1.34,2.49,1,1,38,Normal,1.0,1
2025-03-05 13:40:00,9,80.96,51.99,45.78,2.9,1.74,1,0,383,Normal,0.0,0
2025-01-31 22:52:00,2,85.87,64.1,46.79,3.09,0.62,1,0,88,Normal,0.0,0
2025-01-05 11:28:00,9,79.07,51.18,77.16,1.48,3.29,1,0,186,Normal,0.0,0
2025-02-02 04:20:00,47,78.29,14.3,56.11,4.89,3.45,1,0,247,Normal,0.0,0
2025-01-08 08:43:00,9,79.5,53.01,46.47,4.36,4.9,2,0,142,Vibration Issue,0.0,1
2025-01-03 09:15:00,28,78.97,53.14,35.19,1.12,4.03,1,0,10,Normal,0.0,1
2025-03-01 00:08:00,32,56.25,58.27,30.46,3.61,2.95,1,0,403,Normal,0.0,0
2025-02-25 03:32:00,31,72.21,39.54,43.9,1.05,0.83,1,0,384,Normal,0.0,0
2025-01-27 05:57:00,24,67.43,46.8,66.3,1.13,2.3,0,0,121,Normal,0.0,0
2025-02-27 18:37:00,43,87.38,60.66,39.71,1.75,4.63,1,0,276,Normal,0.0,0
2025-01-17 12:02:00,6,67.26,45.72,73.77,1.85,1.11,1,0,404,Normal,0.0,0
2025-01-06 06:25:00,37,66.23,17.05,52.67,1.22,0.66,1,0,452,Normal,0.0,0
2025-03-05 07:41:00,9,76.62,63.95,53.21,3.13,1.88,1,0,129,Normal,0.0,0
2025-01-14 16:54:00,6,77.98,46.5,52.32,3.4,3.21,1,0,54,Normal,0.0,0
2025-01-24 06:28:00,27,85.85,42.73,69.09,4.93,4.78,1,0,353,Normal,0.0,0
2025-02-19 09:53:00,40,67.82,38.9,67.22,4.63,3.15,2,0,14,Vibration Issue,0.0,1
2025-03-08 17:26:00,5,78.92,48.66,35.45,4.95,3.76,1,0,220,Normal,0.0,0
2025-02-09 04:35:00,27,65.64,31.05,54.77,3.06,4.69,0,0,194,Normal,0.0,0
2025-02-27 16:32:00,44,77.16,65.04,52.52,3.57,1.86,1,0,217,Normal,0.0,0
2025-01-27 11:17:00,11,66.15,53.29,44.65,1.52,1.73,1,0,105,Normal,0.0,0
2025-02-22 20:10:00,49,68.67,49.67,38.87,3.46,2.66,2,0,298,Normal,0.0,1
2025-01-04 05:53:00,18,67.76,65.67,41.64,2.48,1.99,2,0,60,Pressure Drop,0.0,1
2025-01-30 11:57:00,41,75.43,77.28,71.9,1.94,4.65,1,0,30,Normal,0.0,0
2025-01-03 03:52:00,28,87.17,53.55,48.39,3.3,2.5,1,0,205,Normal,0.0,0
2025-01-27 23:35:00,43,63.5,50.92,67.24,3.89,4.24,1,0,11,Normal,0.0,1
2025-02-13 06:10:00,46,73.28,39.48,40.44,1.38,4.72,2,0,47,Pressure Drop,0.0,1
2025-02-04 06:39:00,6,75.05,73.27,52.96,3.07,1.34,1,0,333,Normal,0.0,0
2025-02-09 06:05:00,35,78.78,49.71,37.14,4.85,2.86,1,0,412,Normal,0.0,0
2025-02-21 07:57:00,23,55.01,75.29,39.86,4.69,2.94,1,0,340,Normal,0.0,0
2025-03-06 22:15:00,6,78.88,61.19,46.71,2.14,3.9,0,0,193,Normal,0.0,0
2025-02-02 17:29:00,33,67.06,33.76,73.11,1.66,1.0,2,0,108,Vibration Issue,0.0,1
2025-01-22 03:28:00,16,68.54,38.8,47.72,1.35,1.08,1,0,284,Normal,0.0,0
2025-01-16 00:05:00,40,81.74,48.83,49.46,3.52,0.63,1,0,222,Normal,0.0,0
2025-01-28 05:11:00,29,86.45,42.41,37.94,4.47,2.97,1,0,280,Normal,0.0,0
2025-01-27 18:44:00,45,66.16,37.56,32.78,2.16,1.06,1,0,357,Normal,0.0,0
2025-01-24 06:00:00,48,81.89,60.09,49.65,1.47,2.86,1,0,246,Normal,0.0,0
2025-01-23 14:47:00,44,72.0,67.53,55.04,4.8,2.35,1,0,314,Normal,0.0,0
2025-01-02 05:32:00,31,75.67,68.51,51.77,3.71,2.74,1,0,79,Normal,0.0,0
2025-02-09 13:46:00,12,73.57,83.94,61.27,3.07,1.9,1,1,8,Normal,1.0,1
2025-01-07 17:05:00,37,56.54,83.11,48.39,3.27,4.88,1,1,34,Normal,1.0,1
2025-01-28 04:52:00,42,59.47,58.37,57.65,3.74,0.53,1,0,311,Normal,0.0,0
2025-03-05 07:14:00,41,78.73,63.29,32.64,3.88,3.72,0,0,181,Normal,0.0,0
2025-02-02 11:52:00,15,83.46,23.97,54.37,3.84,0.53,1,0,113,Normal,0.0,0
2025-01-02 01:06:00,35,56.67,51.22,78.96,3.77,4.33,1,0,235,Normal,0.0,0
2025-01-26 17:28:00,46,77.89,37.58,48.24,1.9,3.73,1,0,415,Normal,0.0,0
2025-01-07 12:34:00,19,60.49,78.58,42.6,4.44,2.86,1,0,293,Normal,0.0,0
2025-02-12 06:50:00,12,83.2,54.73,50.98,2.03,1.19,1,0,68,Normal,0.0,0
2025-02-23 14:23:00,25,86.94,104.01,47.99,1.87,4.57,1,1,32,Normal,1.0,1
2025-01-27 21:49:00,32,87.35,53.81,39.67,2.7,1.52,1,0,218,Normal,0.0,0
2025-02-26 11:24:00,2,68.99,38.33,70.09,2.01,3.76,2,0,297,Overheating,0.0,1
2025-02-14 11:50:00,45,76.66,24.81,74.12,3.86,4.54,1,0,423,Normal,0.0,0
2025-02-22 12:31:00,50,70.38,23.24,62.89,1.83,1.27,1,0,403,Normal,0.0,0
2025-02-24 20:04:00,28,85.67,51.07,54.82,2.43,3.43,1,0,449,Normal,0.0,0
2025-02-17 13:58:00,31,69.34,38.83,44.86,3.78,4.32,1,0,251,Normal,0.0,0
2025-03-06 10:48:00,5,91.11,62.87,38.23,4.2,2.03,1,1,5,Normal,1.0,1
2025-01-12 22:27:00,44,60.93,63.65,32.18,1.77,3.09,1,0,148,Normal,0.0,0
2025-03-09 06:00:00,46,80.02,80.15,75.4,2.88,2.01,1,1,26,Normal,1.0,1
2025-02-21 13:21:00,27,73.84,58.37,76.01,1.35,4.42,1,0,339,Normal,0.0,0
2025-03-01 13:41:00,30,78.24,50.76,31.49,4.16,2.76,1,0,441,Normal,0.0,0
2025-02-17 09:25:00,24,64.0,62.94,31.59,2.74,2.82,1,0,267,Normal,0.0,0
2025-01-15 23:08:00,32,74.05,25.72,40.42,3.9,2.25,1,0,107,Normal,0.0,0
2025-03-06 17:32:00,27,74.96,67.24,50.15,4.36,3.37,1,0,186,Normal,0.0,0
2025-02-18 08:12:00,18,81.29,53.03,67.6,2.43,4.64,1,0,367,Normal,0.0,0
2025-01-21 14:22:00,38,82.55,39.16,70.96,1.45,3.8,1,0,70,Normal,0.0,0
2025-01-04 14:20:00,26,78.22,35.07,64.72,1.3,1.12,1,0,465,Normal,0.0,0
2025-02-13 04:12:00,7,61.42,43.06,34.38,3.71,1.31,1,0,420,Normal,0.0,0
2025-01-05 22:39:00,42,78.23,50.76,49.68,2.01,1.83,0,0,496,Normal,0.0,0
2025-03-08 11:18:00,25,83.8,62.37,55.93,3.01,3.27,1,0,379,Normal,0.0,0
2025-02-28 16:00:00,8,80.89,35.68,52.12,4.4,4.27,1,0,26,Normal,0.0,0
2025-03-09 10:16:00,41,71.78,74.85,72.68,2.44,1.34,1,0,134,Normal,0.0,0
2025-01-20 10:07:00,24,59.35,68.95,76.3,3.51,4.17,1,0,159,Normal,0.0,0
2025-01-01 09:43:00,49,90.01,29.92,69.22,3.9,4.48,1,1,19,Normal,1.0,1
2025-02-05 07:45:00,12,80.77,35.53,52.92,1.91,2.96,1,0,348,Normal,0.0,0
2025-01-17 13:28:00,1,74.57,52.99,48.87,3.1,1.35,1,0,232,Normal,0.0,0
2025-02-16 13:32:00,32,74.29,76.75,75.47,2.71,2.11,1,0,414,Normal,0.0,0
2025-02-19 13:30:00,45,72.26,32.56,70.0,2.92,4.05,1,0,374,Normal,0.0,0
2025-01-22 16:39:00,13,79.23,36.08,38.03,3.82,4.35,1,0,467,Normal,0.0,0
2025-02-16 13:17:00,48,82.7,28.49,41.7,3.97,1.54,1,0,255,Normal,0.0,0
2025-01-17 04:37:00,12,59.62,43.18,34.91,1.33,1.31,1,0,176,Normal,0.0,0
2025-01-10 08:13:00,10,53.28,57.22,74.18,1.18,1.79,1,0,422,Normal,0.0,0
2025-03-04 14:42:00,45,90.01,72.09,52.19,3.45,3.07,1,1,8,Normal,1.0,1
2025-01-16 05:30:00,1,81.83,76.9,40.32,1.41,2.6,1,0,228,Normal,0.0,0
2025-02-16 05:38:00,14,79.84,53.14,60.05,2.03,2.73,1,0,109,Normal,0.0,0
2025-01-16 14:59:00,41,90.41,53.19,48.21,2.56,0.73,1,1,2,Normal,1.0,1
2025-02-25 09:48:00,16,62.49,39.29,33.28,3.63,1.26,0,0,331,Normal,0.0,0
2025-02-12 22:24:00,11,73.29,68.63,56.77,2.59,1.14,1,0,436,Normal,0.0,0
2025-02-16 10:48:00,1,76.37,59.79,55.36,1.19,4.31,1,0,179,Normal,0.0,0
2025-01-01 13:18:00,38,70.19,57.82,78.22,1.71,4.95,1,0,336,Normal,0.0,0
2025-01-28 04:41:00,30,77.08,46.87,30.96,4.11,4.34,1,0,195,Normal,0.0,0
2025-02-14 19:45:00,47,80.61,38.6,35.64,4.07,1.94,1,0,50,Normal,0.0,0
2025-03-10 20:40:00,50,93.51,60.79,70.62,1.48,2.24,1,1,35,Normal,1.0,1
2025-03-03 14:12:00,28,74.03,47.13,45.02,3.3,1.06,1,0,91,Normal,0.0,0
2025-01-13 15:48:00,43,61.97,45.69,39.25,4.34,2.72,2,0,311,Vibration Issue,0.0,1
2025-02-22 05:25:00,27,85.95,42.66,48.86,4.72,3.84,1,0,481,Normal,0.0,0
2025-01-23 09:55:00,1,72.38,42.12,32.71,1.18,4.93,1,0,282,Normal,0.0,0
2025-02-22 19:37:00,47,76.09,54.78,39.31,3.33,3.59,1,0,437,Normal,0.0,0
2025-01-03 10:12:00,34,63.9,64.5,65.78,2.64,1.97,1,0,29,Normal,0.0,0
2025-02-26 20:42:00,17,57.24,59.94,59.8,3.91,4.46,1,0,445,Normal,0.0,0
2025-02-14 06:06:00,50,70.33,65.83,47.0,3.4,0.61,1,0,497,Normal,0.0,0
2025-01-31 07:44:00,25,81.12,28.75,52.9,4.43,1.43,1,0,185,Normal,0.0,0
2025-01-17 21:09:00,42,96.75,51.62,40.3,3.82,4.91,1,1,28,Normal,1.0,1
2025-01-10 12:56:00,38,75.18,61.36,75.16,3.78,4.85,1,0,147,Normal,0.0,0
2025-02-16 07:57:00,43,73.82,36.08,68.7,3.86,1.44,1,0,90,Normal,0.0,0
2025-01-18 22:39:00,24,91.73,23.07,30.96,3.88,2.9,1,1,36,Normal,1.0,1
2025-03-10 11:42:00,46,61.36,33.38,48.59,4.51,1.15,2,0,332,Vibration Issue,0.0,1
2025-02-20 10:06:00,37,78.16,55.47,76.99,1.98,3.06,1,0,133,Normal,0.0,0
2025-02-25 13:28:00,30,72.58,29.9,34.09,1.93,1.15,1,0,133,Normal,0.0,0
2025-01-11 17:33:00,16,83.99,58.41,48.92,2.31,4.7,1,0,195,Normal,0.0,0
2025-01-07 01:37:00,16,51.5,54.87,44.59,2.04,1.95,1,0,89,Normal,0.0,0
2025-01-17 14:26:00,6,70.54,67.92,44.29,1.13,4.41,1,0,401,Normal,0.0,0
2025-01-01 17:11:00,2,71.74,60.89,67.03,3.47,3.24,1,0,175,Normal,0.0,0
2025-02-11 13:01:00,11,82.61,37.89,64.0,2.14,2.67,1,0,130,Normal,0.0,0
2025-03-10 02:14:00,48,88.0,49.56,79.98,2.47,2.6,0,0,87,Normal,0.0,0
2025-01-11 08:29:00,17,79.81,34.5,34.0,4.92,1.22,2,0,434,Pressure Drop,0.0,1
2025-02-01 03:22:00,47,86.05,41.63,78.21,4.47,4.76,2,0,335,Normal,0.0,1
2025-01-04 03:53:00,47,87.83,50.33,39.51,3.07,4.43,0,0,237,Normal,0.0,0
2025-03-02 11:14:00,37,85.63,51.81,63.38,1.89,2.89,1,0,382,Normal,0.0,0
2025-02-25 14:07:00,15,74.55,56.98,46.84,4.85,3.38,1,0,340,Normal,0.0,0
2025-02-17 09:54:00,18,90.16,63.14,44.14,1.4,4.3,1,1,22,Normal,1.0,1
2025-01-23 05:18:00,17,84.26,38.06,74.54,1.18,2.76,1,0,440,Normal,0.0,0
2025-02-23 11:40:00,30,70.7,32.71,32.64,1.27,4.06,1,0,109,Normal,0.0,0
2025-01-09 03:54:00,29,88.38,60.36,34.86,3.25,1.07,1,0,435,Normal,0.0,0
2025-02-17 11:50:00,9,86.91,66.5,78.41,3.28,1.73,1,0,17,Normal,0.0,1
2025-02-26 14:54:00,40,89.62,34.23,77.96,2.48,4.66,1,0,49,Normal,0.0,0
2025-02-12 22:39:00,2,94.06,42.45,47.75,2.14,4.95,1,1,14,Normal,1.0,1
2025-02-23 23:13:00,26,62.29,60.06,72.66,4.37,2.86,1,0,345,Normal,0.0,0
2025-01-25 11:02:00,39,68.13,51.54,67.89,2.73,4.16,2,0,435,Electrical Fault,0.0,1
2025-01-11 23:20:00,27,64.99,77.37,75.83,4.25,3.59,1,0,490,Normal,0.0,0
2025-02-16 22:35:00,48,73.97,32.58,45.77,3.7,1.74,1,0,201,Normal,0.0,0
2025-02-28 10:25:00,24,70.19,51.25,77.14,4.89,2.09,1,0,86,Normal,0.0,0
2025-01-19 22:45:00,23,78.0,68.39,75.03,3.21,3.18,1,0,276,Normal,0.0,0
2025-01-08 15:23:00,24,75.98,34.39,47.82,2.02,4.02,1,0,433,Normal,0.0,0
2025-01-26 21:31:00,25,69.02,65.92,66.77,3.64,2.19,1,0,387,Normal,0.0,0
2025-02-23 02:10:00,7,72.36,42.9,56.8,2.33,3.54,1,0,451,Normal,0.0,0
2025-02-23 21:19:00,4,78.05,56.36,33.56,1.56,2.38,1,0,64,Normal,0.0,0
2025-02-24 12:27:00,32,65.26,69.61,36.38,1.81,2.95,0,0,147,Normal,0.0,0
2025-02-24 00:27:00,21,78.16,25.02,78.38,2.93,1.47,1,0,425,Normal,0.0,0
2025-01-14 07:02:00,24,76.64,45.04,52.53,2.28,1.25,1,0,499,Normal,0.0,0
2025-01-17 18:55:00,45,61.95,56.98,52.66,1.25,3.01,2,0,247,Normal,0.0,1
2025-02-26 02:02:00,41,68.67,52.39,58.35,3.36,1.95,1,0,487,Normal,0.0,0
2025-01-28 11:34:00,27,69.65,43.58,53.48,3.92,3.52,1,0,408,Normal,0.0,0
2025-02-12 10:14:00,13,83.95,60.22,75.34,1.43,2.73,1,0,35,Normal,0.0,0
2025-02-07 09:34:00,32,106.57,53.17,53.76,4.01,4.6,1,1,26,Normal,1.0,1
2025-02-16 07:21:00,29,77.25,22.57,53.9,1.56,2.25,0,0,340,Normal,0.0,0
2025-02-18 23:26:00,15,65.05,52.81,59.53,2.55,2.32,1,0,166,Normal,0.0,0
2025-03-06 10:02:00,9,81.9,27.45,66.78,1.15,0.85,1,0,87,Normal,0.0,0
2025-01-27 04:49:00,3,91.34,63.22,53.67,3.83,3.94,1,1,26,Normal,1.0,1
2025-02-20 04:46:00,35,81.53,50.35,39.63,4.75,1.35,2,0,302,Overheating,0.0,1
2025-01-27 01:15:00,21,83.62,50.58,52.37,4.37,2.23,0,0,160,Normal,0.0,0
2025-01-14 21:47:00,27,74.76,59.92,53.05,1.39,0.6,1,0,341,Normal,0.0,0
2025-02-22 22:40:00,26,73.0,55.96,58.57,4.2,1.73,1,0,356,Normal,0.0,0
2025-03-07 09:17:00,3,79.88,53.27,42.25,2.77,1.0,2,0,27,Overheating,0.0,1
2025-03-09 12:06:00,26,76.17,91.37,43.23,2.28,2.42,1,1,31,Normal,1.0,1
2025-02-23 04:43:00,30,66.9,52.21,50.9,2.34,1.66,1,0,75,Normal,0.0,0
2025-02-07 17:03:00,3,78.71,34.7,48.91,1.95,1.18,1,0,442,Normal,0.0,0
2025-01-11 00:44:00,41,70.75,50.47,45.61,3.65,2.28,0,0,43,Normal,0.0,0
2025-01-07 06:03:00,3,65.23,43.55,64.61,1.63,3.37,1,0,195,Normal,0.0,0
2025-02-20 06:59:00,41,61.54,51.84,77.39,3.24,2.38,1,0,418,Normal,0.0,0
2025-01-02 16:23:00,50,52.24,34.94,39.71,3.65,2.56,1,0,400,Normal,0.0,0
2025-02-06 00:13:00,29,94.33,71.24,49.12,1.96,1.75,1,1,7,Normal,1.0,1
2025-02-28 15:10:00,26,55.75,38.78,58.61,4.7,2.42,2,0,475,Normal,0.0,1
2025-01-13 04:49:00,7,64.31,60.88,54.89,4.17,4.95,1,0,98,Normal,0.0,0
2025-01-06 23:39:00,39,79.96,46.22,72.89,4.92,4.45,1,0,178,Normal,0.0,0
2025-03-11 07:25:00,12,85.84,52.29,55.48,2.45,4.61,1,0,350,Normal,0.0,0
2025-03-10 20:00:00,29,68.16,48.02,34.0,1.64,3.42,2,0,453,Normal,0.0,1
2025-01-05 02:23:00,17,80.3,52.54,68.87,1.93,1.37,1,0,29,Normal,0.0,0
2025-03-10 06:48:00,24,79.39,68.77,67.78,2.16,1.37,1,0,441,Normal,0.0,0
2025-01-10 20:28:00,48,93.87,52.51,66.08,2.87,2.81,1,1,36,Normal,1.0,1
2025-01-27 18:26:00,26,68.19,56.06,45.33,3.7,2.44,1,0,213,Normal,0.0,0
2025-01-29 16:44:00,25,75.56,46.78,30.13,4.24,3.48,1,0,53,Normal,0.0,0
2025-03-04 00:58:00,2,53.97,34.99,64.72,1.22,1.99,1,0,389,Normal,0.0,0
2025-01-22 01:43:00,18,68.12,53.04,52.62,2.96,4.66,1,0,421,Normal,0.0,0
2025-02-28 23:17:00,33,60.54,48.17,71.55,3.75,1.83,2,0,79,Vibration Issue,0.0,1
2025-03-04 07:49:00,8,76.18,45.69,64.26,3.47,2.58,1,0,273,Normal,0.0,0
2025-02-17 02:12:00,5,73.25,49.72,55.19,3.24,2.82,1,0,287,Normal,0.0,0
2025-02-28 04:37:00,11,80.4,51.12,66.17,1.84,0.74,1,0,160,Normal,0.0,0
2025-02-28 17:57:00,26,86.85,42.19,69.94,2.08,2.79,1,0,130,Normal,0.0,0
2025-02-14 05:34:00,21,86.99,62.39,62.6,3.34,3.96,1,0,361,Normal,0.0,0
2025-01-25 02:28:00,7,68.35,41.59,34.55,4.38,2.71,0,0,475,Normal,0.0,0
2025-02-03 14:59:00,21,67.1,47.84,42.11,3.3,2.47,1,0,50,Normal,0.0,0
2025-03-03 07:52:00,7,59.18,67.03,60.71,1.9,1.29,1,0,474,Normal,0.0,0
2025-02-21 04:24:00,40,53.94,51.55,76.04,4.36,2.08,1,0,192,Normal,0.0,0
2025-01-26 10:41:00,49,82.86,58.3,36.98,2.07,2.38,0,0,414,Normal,0.0,0
2025-01-29 23:21:00,36,79.9,64.8,45.1,4.65,4.79,1,0,54,Normal,0.0,0
2025-01-28 13:16:00,32,73.42,38.17,41.09,4.47,2.42,2,0,368,Overheating,0.0,1
2025-01-14 15:54:00,38,60.95,30.83,65.4,4.35,4.13,2,0,215,Overheating,0.0,1
2025-01-17 11:34:00,26,71.38,57.57,76.46,1.51,2.91,0,0,152,Normal,0.0,0
2025-01-31 08:43:00,37,85.8,33.44,34.27,2.63,1.33,1,0,368,Normal,0.0,0
2025-01-21 05:01:00,14,74.38,47.54,43.64,3.75,3.57,0,0,137,Normal,0.0,0
2025-01-09 13:32:00,15,84.19,49.55,32.05,1.89,2.36,1,0,356,Normal,0.0,0
2025-01-16 23:09:00,21,55.92,68.43,73.71,1.72,3.27,1,0,102,Normal,0.0,0
2025-02-16 13:26:00,2,77.63,38.56,70.86,1.91,1.4,1,0,153,Normal,0.0,0
2025-02-21 08:53:00,20,76.87,49.39,79.57,3.25,0.69,1,0,198,Normal,0.0,0
2025-02-17 14:18:00,32,80.9,63.79,57.48,2.87,3.86,1,0,202,Normal,0.0,0
2025-03-05 01:48:00,10,74.53,45.19,30.33,1.34,4.26,1,0,189,Normal,0.0,0
2025-01-08 02:53:00,30,91.73,60.2,66.98,1.95,1.48,1,1,13,Normal,1.0,1
2025-03-05 02:30:00,38,72.91,73.83,70.52,2.31,1.43,1,0,246,Normal,0.0,0
2025-01-12 06:00:00,32,105.58,57.37,34.07,1.52,1.75,1,1,40,Normal,1.0,1
2025-02-11 01:56:00,38,72.23,35.8,45.3,1.82,2.15,2,0,324,Vibration Issue,0.0,1
2025-02-19 20:22:00,18,83.26,70.05,57.91,4.86,4.6,1,0,451,Normal,0.0,0
2025-01-08 15:21:00,14,66.5,78.84,42.23,1.82,4.13,1,0,211,Normal,0.0,0
2025-02-26 18:08:00,46,86.37,36.68,64.9,4.09,4.99,1,0,311,Normal,0.0,0
2025-01-25 07:48:00,25,67.84,38.13,40.04,1.78,0.55,1,0,453,Normal,0.0,0
2025-02-03 23:39:00,50,73.68,64.71,38.12,3.65,1.35,1,0,429,Normal,0.0,0
2025-01-04 22:45:00,9,61.46,39.98,68.9,1.79,4.78,1,0,435,Normal,0.0,0
2025-02-12 14:03:00,5,68.73,49.27,51.65,1.27,0.84,1,0,284,Normal,0.0,0
2025-02-17 01:59:00,19,85.94,66.74,77.41,4.33,1.37,1,0,227,Normal,0.0,0
2025-02-16 01:22:00,46,75.77,56.6,66.82,2.4,3.5,1,0,207,Normal,0.0,0
2025-02-08 23:38:00,42,75.48,54.64,76.82,1.39,1.53,1,0,107,Normal,0.0,0
2025-01-02 03:27:00,49,65.02,61.19,41.32,4.56,3.4,1,0,393,Normal,0.0,0
2025-02-17 15:46:00,29,72.63,63.55,48.41,3.09,4.07,1,0,169,Normal,0.0,0
2025-01-12 00:17:00,35,92.81,27.83,75.84,1.27,2.23,1,1,41,Normal,1.0,1
2025-03-07 14:55:00,40,84.31,67.98,53.71,2.6,0.78,2,0,261,Vibration Issue,0.0,1
2025-03-02 10:23:00,49,94.01,45.78,41.63,2.39,1.15,1,1,38,Normal,1.0,1
2025-02-22 12:23:00,34,73.2,60.03,53.7,3.35,2.75,1,0,57,Normal,0.0,0
2025-02-11 17:13:00,1,74.87,68.57,51.06,1.18,0.9,1,0,216,Normal,0.0,0
2025-01-09 15:36:00,21,76.81,51.47,61.98,3.85,2.13,1,0,315,Normal,0.0,0
2025-02-09 00:41:00,47,76.55,44.27,47.0,3.42,1.05,1,0,332,Normal,0.0,0
2025-01-03 17:55:00,31,89.96,58.85,70.15,4.17,3.47,1,0,275,Normal,0.0,0
2025-02-14 00:00:00,16,80.09,56.12,44.7,4.24,4.54,1,0,80,Normal,0.0,0
2025-01-07 11:54:00,50,78.43,58.2,50.63,1.1,3.35,1,0,433,Normal,0.0,0
2025-01-29 15:54:00,7,73.56,33.4,65.44,2.45,3.35,1,0,465,Normal,0.0,0
2025-02-09 05:55:00,47,81.13,47.16,55.92,4.87,3.12,1,0,179,Normal,0.0,0
2025-02-06 18:37:00,16,84.48,46.31,31.27,1.91,2.41,1,0,353,Normal,0.0,0
2025-01-13 05:21:00,13,78.96,45.38,76.98,2.98,3.23,1,0,135,Normal,0.0,0
2025-03-10 18:12:00,2,73.06,44.32,63.67,1.42,0.55,1,0,398,Normal,0.0,0
2025-02-05 04:45:00,17,61.66,77.22,53.79,3.27,2.26,0,0,385,Normal,0.0,0
2025-02-28 07:52:00,29,100.37,54.61,67.79,2.34,0.51,1,1,26,Normal,1.0,1
2025-01-26 18:27:00,13,56.18,45.09,69.9,2.12,3.55,1,0,470,Normal,0.0,0
2025-01-25 01:00:00,13,75.61,66.91,49.78,1.15,3.56,1,0,469,Normal,0.0,0
2025-02-27 15:14:00,4,75.68,65.59,71.46,1.33,2.36,1,0,115,Normal,0.0,0
2025-01-09 04:47:00,48,46.08,75.96,61.48,4.84,1.36,1,0,308,Normal,0.0,0
2025-01-30 21:07:00,4,68.69,44.17,47.34,3.6,1.28,1,0,451,Normal,0.0,0
2025-02-07 03:36:00,7,76.56,26.94,53.72,3.59,2.37,1,0,331,Normal,0.0,0
2025-02-28 00:07:00,13,66.38,37.54,46.46,3.26,1.56,1,0,354,Normal,0.0,0
2025-01-13 08:00:00,22,82.23,60.57,64.15,4.21,3.0,0,0,91,Normal,0.0,0
2025-01-06 11:08:00,33,72.15,59.36,33.61,1.46,2.89,1,0,277,Normal,0.0,0
2025-02-26 18:20:00,20,83.87,16.16,69.65,3.61,4.96,1,0,226,Normal,0.0,0
2025-02-19 08:30:00,8,68.84,39.1,77.62,4.91,3.91,1,0,353,Normal,0.0,0
2025-02-04 01:54:00,42,75.89,45.16,32.59,3.72,4.43,1,0,368,Normal,0.0,0
2025-01-04 20:54:00,14,78.0,30.5,38.75,3.5,3.8,1,0,233,Normal,0.0,0
2025-02-01 00:27:00,10,72.05,29.59,55.34,2.49,2.7,1,0,183,Normal,0.0,0
2025-01-22 18:06:00,5,78.54,70.45,76.26,2.96,1.24,2,0,283,Overheating,0.0,1
2025-03-09 20:18:00,41,71.95,26.3,42.73,1.94,2.49,1,0,243,Normal,0.0,0
2025-01-20 13:41:00,29,62.07,25.87,58.75,4.7,4.24,1,0,472,Normal,0.0,0
2025-03-04 21:37:00,4,69.3,62.3,33.29,3.11,1.97,1,0,241,Normal,0.0,0
2025-02-01 07:48:00,18,79.62,46.54,70.31,4.25,1.29,1,0,349,Normal,0.0,0
2025-02-06 14:33:00,49,68.72,66.37,35.7,2.31,4.22,1,0,44,Normal,0.0,0
2025-01-16 16:47:00,7,81.65,54.48,62.8,3.31,0.91,1,0,345,Normal,0.0,0
2025-01-26 22:20:00,31,61.92,21.55,65.57,3.58,4.29,1,0,320,Normal,0.0,0
2025-02-02 08:56:00,34,80.28,65.36,58.08,3.16,0.9,1,0,181,Normal,0.0,0
2025-02-19 22:27:00,18,69.34,40.97,67.04,2.72,2.03,2,0,495,Overheating,0.0,1
2025-02-06 18:26:00,16,72.81,56.4,45.15,2.0,2.93,1,0,469,Normal,0.0,0
2025-01-12 06:02:00,38,84.33,55.21,46.53,2.78,2.67,1,0,103,Normal,0.0,0
2025-01-24 01:22:00,39,67.76,28.61,73.96,4.76,3.44,0,0,470,Normal,0.0,0
2025-01-14 07:51:00,8,62.61,63.79,42.23,3.59,0.69,2,0,292,Electrical Fault,0.0,1
2025-03-08 08:47:00,34,64.15,50.01,36.88,3.31,4.94,1,0,117,Normal,0.0,0
2025-01-03 03:37:00,31,68.17,52.55,32.05,1.31,4.73,0,0,84,Normal,0.0,0
2025-03-03 07:37:00,26,65.48,65.11,75.57,2.62,2.58,1,0,252,Normal,0.0,0
2025-01-03 20:14:00,11,81.87,56.72,73.98,4.01,3.42,1,0,116,Normal,0.0,0
2025-03-01 14:22:00,17,87.57,52.75,79.67,1.75,2.95,0,0,440,Normal,0.0,0
2025-01-06 19:20:00,34,62.13,57.2,34.92,4.32,0.92,2,0,315,Normal,0.0,1
2025-01-28 19:53:00,37,82.97,42.93,46.0,3.28,3.08,1,0,497,Normal,0.0,0
2025-02-16 09:12:00,28,81.47,55.72,44.24,2.61,4.77,2,0,381,Vibration Issue,0.0,1
2025-02-25 06:13:00,29,85.14,49.67,74.92,3.15,2.21,1,0,99,Normal,0.0,0
2025-01-15 01:37:00,25,61.13,45.33,65.36,4.42,1.54,1,0,158,Normal,0.0,0
2025-01-24 01:31:00,2,85.47,25.91,79.91,4.94,3.83,1,0,337,Normal,0.0,0
2025-01-11 09:05:00,12,60.02,73.44,52.3,2.69,2.46,0,0,444,Normal,0.0,0
2025-01-06 23:27:00,5,73.07,61.13,41.22,3.72,1.74,1,0,284,Normal,0.0,0
2025-01-12 02:20:00,16,77.51,44.88,50.04,2.29,4.33,1,0,426,Normal,0.0,0
2025-01-14 02:55:00,30,57.13,52.81,58.24,2.32,1.79,1,0,414,Normal,0.0,0
2025-01-04 07:45:00,19,78.78,46.72,45.37,2.43,4.79,1,0,460,Normal,0.0,0
2025-01-05 06:55:00,7,76.09,60.01,40.97,3.27,1.41,2,0,344,Vibration Issue,0.0,1
2025-02-24 17:53:00,45,61.81,53.36,47.22,3.18,1.63,2,0,46,Overheating,0.0,1
2025-01-21 02:03:00,44,81.42,69.87,40.71,1.96,2.87,0,0,13,Normal,0.0,1
2025-01-12 03:41:00,21,74.2,68.49,65.23,2.77,4.54,1,0,216,Normal,0.0,0
2025-01-25 02:59:00,38,68.54,49.71,38.11,2.41,4.88,2,0,370,Pressure Drop,0.0,1
2025-01-11 21:10:00,27,87.31,45.37,64.73,3.79,2.03,1,0,134,Normal,0.0,0
2025-03-09 18:08:00,21,87.96,21.44,79.52,4.58,3.16,0,0,164,Normal,0.0,0
2025-02-04 18:56:00,20,87.6,42.68,61.1,4.66,1.65,0,0,492,Normal,0.0,0
2025-03-03 08:34:00,38,63.76,30.96,56.98,4.23,2.58,1,0,493,Normal,0.0,0
2025-01-28 22:38:00,5,75.1,47.46,53.96,3.5,4.83,1,0,63,Normal,0.0,0
2025-02-15 23:41:00,21,59.18,51.02,69.89,4.77,4.97,1,0,398,Normal,0.0,0
2025-02-15 05:44:00,31,67.74,36.6,61.28,1.53,0.66,1,0,373,Normal,0.0,0
2025-02-26 11:54:00,18,73.64,70.47,37.73,2.22,3.98,2,0,414,Vibration Issue,0.0,1
2025-02-20 13:56:00,7,71.54,27.36,60.79,4.97,4.9,2,0,129,Vibration Issue,0.0,1
2025-02-28 22:31:00,5,78.56,35.26,69.37,1.39,1.48,1,0,447,Normal,0.0,0
2025-02-27 21:25:00,44,55.11,61.11,73.38,2.16,1.16,1,0,141,Normal,0.0,0
2025-01-20 05:46:00,17,65.27,43.12,40.03,3.27,1.79,1,0,322,Normal,0.0,0
2025-03-04 18:24:00,2,72.43,54.37,45.42,3.23,4.58,1,0,347,Normal,0.0,0
2025-02-05 00:28:00,19,76.66,32.14,53.96,3.41,2.2,1,0,429,Normal,0.0,0
2025-02-23 05:43:00,10,74.07,41.75,61.64,3.69,2.2,1,0,225,Normal,0.0,0
2025-02-02 18:57:00,27,75.59,36.63,48.88,2.92,0.81,1,0,155,Normal,0.0,0
2025-01-02 22:16:00,8,60.97,47.32,51.67,3.07,3.4,2,0,198,Vibration Issue,0.0,1
2025-01-23 18:01:00,29,90.0,53.44,52.32,4.64,4.15,1,1,10,Normal,1.0,1
2025-01-07 02:33:00,1,88.34,38.9,66.47,1.01,0.99,1,0,189,Normal,0.0,0
2025-02-20 02:58:00,29,66.34,36.57,75.47,2.76,3.04,1,0,276,Normal,0.0,0
2025-02-15 19:16:00,8,94.88,56.89,73.32,2.22,4.62,1,1,14,Normal,1.0,1
2025-02-20 03:01:00,30,70.83,42.96,68.54,3.42,1.33,1,0,121,Normal,0.0,0
2025-02-12 20:35:00,20,85.47,47.08,66.13,1.02,1.15,1,0,152,Normal,0.0,0
2025-01-23 20:16:00,21,65.35,42.5,57.48,3.36,2.27,0,0,363,Normal,0.0,0
2025-01-27 00:55:00,3,65.94,39.24,50.6,4.13,4.59,1,0,206,Normal,0.0,0
2025-02-26 03:52:00,22,70.3,56.09,60.2,1.3,4.57,1,0,151,Normal,0.0,0
2025-01-30 15:42:00,43,81.61,24.63,53.11,4.94,1.62,1,0,210,Normal,0.0,0
2025-02-03 03:36:00,24,67.25,33.36,65.28,3.17,0.74,1,0,29,Normal,0.0,0
2025-01-29 11:44:00,11,81.37,28.14,76.4,4.08,1.0,1,0,368,Normal,0.0,0
2025-01-20 01:30:00,33,99.83,52.82,61.32,2.83,0.74,1,1,9,Normal,1.0,1
2025-02-20 18:56:00,6,85.79,60.29,41.69,4.07,3.15,1,0,58,Normal,0.0,0
2025-01-31 11:58:00,14,65.62,89.81,69.92,4.0,1.01,0,1,29,Normal,1.0,1
2025-02-11 08:30:00,49,87.42,45.45,61.72,3.17,2.88,0,0,121,Normal,0.0,0
2025-02-09 14:02:00,45,67.93,39.4,66.57,4.7,1.93,0,0,423,Normal,0.0,0
2025-01-04 02:46:00,29,64.21,70.12,42.05,2.79,3.19,1,0,435,Normal,0.0,0
2025-01-09 13:03:00,45,66.92,63.58,67.7,1.55,0.87,1,0,177,Normal,0.0,0
2025-02-28 17:32:00,8,79.44,67.05,74.37,3.24,2.62,1,0,410,Normal,0.0,0
2025-01-03 14:42:00,50,71.1,54.42,45.64,2.88,0.97,1,0,206,Normal,0.0,0
2025-02-18 21:14:00,42,81.45,43.04,50.57,3.85,3.83,1,0,51,Normal,0.0,0
2025-02-21 09:29:00,5,65.11,50.03,57.36,3.98,2.09,1,0,371,Normal,0.0,0
2025-02-03 23:38:00,20,72.57,36.46,57.64,4.5,4.01,1,0,326,Normal,0.0,0
2025-01-19 10:56:00,47,76.26,64.25,78.11,3.77,4.0,1,0,491,Normal,0.0,0
2025-01-25 15:56:00,32,63.32,44.33,33.85,2.81,4.41,1,0,325,Normal,0.0,0
2025-01-08 10:40:00,35,62.96,53.08,62.07,1.7,2.22,1,0,72,Normal,0.0,0
2025-02-20 04:27:00,28,88.97,85.71,31.49,2.77,1.1,1,1,24,Normal,1.0,1
2025-01-01 21:08:00,24,79.45,31.31,36.31,4.97,0.98,1,0,136,Normal,0.0,0
2025-01-25 04:12:00,13,70.28,25.03,58.59,3.17,2.2,1,0,188,Normal,0.0,0
2025-02-07 11:17:00,25,87.97,35.71,62.25,1.24,3.76,1,0,47,Normal,0.0,0
2025-03-08 05:00:00,44,60.7,38.64,31.84,1.21,4.42,2,0,465,Vibration Issue,0.0,1
2025-01-07 04:46:00,35,68.07,31.09,47.33,2.93,3.69,1,0,478,Normal,0.0,0
2025-01-16 23:34:00,17,71.71,36.7,31.16,2.96,1.69,1,0,246,Normal,0.0,0
2025-01-19 04:44:00,17,85.48,51.41,65.41,3.79,4.73,1,0,360,Normal,0.0,0
2025-01-21 23:27:00,30,70.0,40.65,58.32,2.42,1.26,2,0,191,Vibration Issue,0.0,1
2025-01-23 17:42:00,4,85.53,46.24,78.33,3.02,4.35,2,0,268,Vibration Issue,0.0,1
2025-01-26 10:29:00,5,74.46,62.66,37.22,4.8,3.29,1,0,22,Normal,0.0,0
2025-02-27 06:02:00,31,45.9,58.94,68.81,4.3,1.67,1,0,368,Normal,0.0,0
2025-02-01 22:58:00,33,73.98,52.13,67.72,3.03,1.35,1,0,173,Normal,0.0,0
2025-01-01 00:09:00,11,55.33,49.29,33.85,2.14,3.74,0,0,190,Normal,0.0,0
2025-01-14 14:28:00,49,66.87,21.76,42.05,3.78,1.13,1,0,310,Normal,0.0,0
2025-01-11 06:45:00,48,73.12,53.21,61.19,1.99,4.4,1,0,124,Normal,0.0,0
2025-02-07 12:12:00,37,80.47,11.53,60.49,2.91,2.96,1,0,39,Normal,0.0,0
2025-01-20 21:24:00,35,66.21,41.12,72.93,4.3,0.87,1,0,290,Normal,0.0,0
2025-02-10 02:18:00,12,78.66,42.45,72.44,3.4,3.25,1,0,365,Normal,0.0,0
2025-02-08 09:51:00,36,61.41,24.73,71.05,4.93,4.13,1,0,372,Normal,0.0,0
2025-02-04 08:55:00,49,80.45,55.24,40.15,4.71,2.35,1,0,447,Normal,0.0,0
2025-02-16 19:02:00,10,68.55,7.35,76.2,4.04,4.36,1,0,456,Normal,0.0,0
2025-01-26 10:13:00,50,85.57,60.21,51.72,3.58,4.03,1,0,370,Normal,0.0,0
2025-03-08 10:49:00,23,66.13,70.99,61.48,1.98,0.7,1,0,292,Normal,0.0,0
2025-02-08 06:55:00,6,66.62,64.4,34.62,2.41,3.11,1,0,256,Normal,0.0,0
2025-01-19 14:22:00,7,63.1,49.5,46.66,1.27,1.22,1,0,137,Normal,0.0,0
2025-01-10 03:36:00,13,68.9,8.27,41.65,1.05,0.88,1,0,167,Normal,0.0,0
2025-01-11 18:37:00,28,65.16,61.93,47.39,1.93,1.19,1,0,305,Normal,0.0,0
2025-01-10 08:33:00,26,60.34,41.94,69.0,2.41,4.42,1,0,474,Normal,0.0,0
2025-01-03 18:30:00,29,68.31,73.36,51.97,2.09,2.33,1,0,387,Normal,0.0,0
2025-01-19 22:16:00,11,64.98,66.23,54.84,1.11,3.16,0,0,113,Normal,0.0,0
2025-01-03 08:23:00,23,60.67,40.95,45.11,1.69,3.42,1,0,409,Normal,0.0,0
2025-02-14 18:00:00,8,79.53,16.44,43.82,2.63,0.54,1,0,105,Normal,0.0,0
2025-02-10 07:20:00,44,70.12,83.97,67.82,2.79,1.2,1,1,35,Normal,1.0,1
2025-01-31 09:53:00,25,73.17,25.87,75.4,1.39,2.42,2,0,365,Vibration Issue,0.0,1
2025-03-07 21:25:00,50,67.14,58.17,48.66,4.57,1.15,1,0,204,Normal,0.0,0
2025-02-17 13:25:00,7,75.09,79.86,69.4,2.9,4.61,1,0,424,Normal,0.0,0
2025-02-25 14:30:00,18,85.52,52.96,67.88,4.76,3.1,1,0,21,Normal,0.0,0
2025-02-12 00:42:00,44,72.03,59.25,68.72,2.1,1.96,1,0,318,Normal,0.0,0
2025-01-10 20:17:00,30,54.38,51.43,61.52,2.24,2.55,1,0,369,Normal,0.0,0
2025-02-07 01:49:00,36,69.33,56.05,35.5,1.51,3.25,1,0,404,Normal,0.0,0
2025-02-25 18:02:00,37,53.04,60.49,40.58,4.31,3.63,1,0,270,Normal,0.0,0
2025-01-19 20:33:00,3,78.45,65.04,44.89,4.98,2.37,1,0,397,Normal,0.0,0
2025-03-09 12:46:00,22,64.82,31.4,78.4,4.75,2.66,1,0,426,Normal,0.0,0
2025-03-02 07:00:00,50,77.84,23.0,54.41,1.67,2.49,1,0,327,Normal,0.0,0
2025-02-11 19:45:00,43,80.59,26.96,70.7,1.58,2.97,1,0,379,Normal,0.0,0
2025-01-17 22:34:00,31,82.04,59.48,77.81,3.14,2.64,0,0,476,Normal,0.0,0
2025-02-09 16:57:00,29,80.83,47.93,59.56,2.35,0.79,1,0,353,Normal,0.0,0
2025-01-29 01:08:00,46,73.63,57.78,31.4,2.07,4.7,2,0,234,Normal,0.0,1
2025-02-25 14:16:00,3,84.5,30.66,30.66,4.18,2.93,1,0,496,Normal,0.0,0
2025-01-10 11:52:00,20,84.73,48.46,62.17,4.25,2.33,1,0,422,Normal,0.0,0
2025-02-12 17:02:00,2,52.88,45.06,40.51,2.08,1.6,2,0,357,Normal,0.0,1
2025-03-01 15:44:00,7,68.74,40.94,53.72,3.99,1.18,1,0,140,Normal,0.0,0
2025-03-09 16:26:00,34,70.97,30.4,48.54,3.02,1.93,1,0,212,Normal,0.0,0
2025-03-01 16:17:00,40,85.91,67.06,53.13,3.0,4.05,1,0,14,Normal,0.0,1
2025-02-24 12:36:00,48,96.28,32.02,64.39,1.29,3.71,1,1,41,Normal,1.0,1
2025-01-07 22:02:00,38,77.14,68.3,30.77,3.37,0.69,1,0,237,Normal,0.0,0
2025-02-23 21:49:00,16,73.62,28.55,33.15,4.22,3.48,1,0,148,Normal,0.0,0
2025-01-29 17:21:00,17,77.23,47.44,46.37,1.9,4.48,1,0,338,Normal,0.0,0
2025-03-02 06:34:00,44,69.77,63.23,74.01,4.44,4.15,2,0,402,Vibration Issue,0.0,1
2025-01-18 21:04:00,46,75.72,42.24,33.09,2.82,3.07,1,0,44,Normal,0.0,0
2025-03-09 12:04:00,33,83.04,58.54,33.83,3.51,1.83,1,0,251,Normal,0.0,0
2025-01-29 08:07:00,17,95.03,42.54,48.19,1.3,2.32,0,1,46,Normal,1.0,1
2025-02-07 13:47:00,32,64.62,52.51,46.1,1.87,4.63,1,0,325,Normal,0.0,0
2025-01-04 01:38:00,1,71.43,50.41,74.04,1.0,2.38,1,0,455,Normal,0.0,0
2025-02-21 03:42:00,50,71.75,58.37,58.88,2.19,3.31,1,0,295,Normal,0.0,0
2025-02-01 14:00:00,20,82.26,71.98,33.93,2.22,2.74,0,0,142,Normal,0.0,0
2025-01-13 00:06:00,14,86.72,65.97,41.9,4.42,3.57,1,0,499,Normal,0.0,0
2025-02-05 22:37:00,3,85.86,28.46,72.6,2.87,4.39,1,0,348,Normal,0.0,0
2025-01-31 21:32:00,28,93.83,43.59,42.7,4.27,1.22,2,1,24,Vibration Issue,1.0,1
2025-02-06 01:42:00,4,64.15,44.33,43.18,3.3,3.9,0,0,407,Normal,0.0,0
2025-01-04 18:33:00,35,55.45,42.11,35.0,2.51,4.71,0,0,298,Normal,0.0,0
2025-02-06 08:46:00,11,72.81,40.8,34.53,2.2,1.57,1,0,139,Normal,0.0,0
2025-03-01 16:56:00,40,80.45,41.03,32.0,3.37,0.74,1,0,147,Normal,0.0,0
2025-01-16 04:52:00,42,78.38,29.51,79.8,1.5,2.95,1,0,456,Normal,0.0,0
2025-02-14 20:23:00,22,79.4,31.77,50.46,4.65,0.85,2,0,348,Pressure Drop,0.0,1
2025-03-08 10:32:00,3,74.3,71.0,77.49,3.72,3.05,1,0,308,Normal,0.0,0
2025-01-03 16:49:00,33,80.76,35.01,51.19,2.63,3.85,1,0,408,Normal,0.0,0
2025-01-03 18:48:00,10,70.46,53.24,65.5,4.28,2.37,1,0,443,Normal,0.0,0
2025-02-11 01:14:00,47,73.83,65.9,39.3,3.82,4.85,1,0,385,Normal,0.0,0
2025-02-11 20:12:00,10,67.71,73.07,45.87,3.7,0.69,1,0,216,Normal,0.0,0
2025-02-24 21:41:00,47,85.61,62.47,56.82,2.66,1.72,1,0,345,Normal,0.0,0
2025-03-07 21:19:00,46,75.21,48.53,52.56,3.51,1.76,1,0,207,Normal,0.0,0
2025-01-14 15:45:00,36,83.49,45.11,35.68,4.98,0.68,1,0,174,Normal,0.0,0
2025-03-08 14:11:00,29,82.47,37.18,74.0,1.74,2.44,1,0,424,Normal,0.0,0
2025-02-03 10:12:00,32,78.18,36.75,34.74,2.14,0.99,1,0,420,Normal,0.0,0
2025-01-23 16:36:00,25,96.94,55.0,47.93,3.24,4.85,1,1,35,Normal,1.0,1
2025-01-30 11:16:00,17,69.55,46.58,56.28,1.1,1.6,0,0,32,Normal,0.0,0
2025-01-29 04:05:00,8,77.09,50.04,74.21,1.19,2.85,2,0,460,Electrical Fault,0.0,1
2025-01-20 05:14:00,26,81.0,48.3,60.24,3.01,2.46,1,0,35,Normal,0.0,0
2025-02-02 23:58:00,15,86.48,58.92,45.34,4.8,4.89,1,0,101,Normal,0.0,0
2025-02-21 03:44:00,36,87.09,30.52,39.84,4.72,2.04,1,0,52,Normal,0.0,0
2025-01-05 15:38:00,37,62.92,57.59,53.25,3.79,2.73,2,0,184,Overheating,0.0,1
2025-02-05 05:41:00,29,79.43,52.85,61.88,2.17,1.0,1,0,197,Normal,0.0,0
2025-02-11 21:06:00,15,73.95,32.74,46.2,2.11,4.0,1,0,218,Normal,0.0,0
2025-01-05 17:43:00,46,81.34,37.67,74.7,1.74,4.95,1,0,459,Normal,0.0,0
2025-02-14 20:01:00,1,55.96,66.95,62.64,2.35,0.8,1,0,374,Normal,0.0,0
2025-02-26 07:43:00,25,44.41,55.76,57.86,2.21,0.57,1,0,159,Normal,0.0,0
2025-02-13 22:51:00,21,72.59,59.8,58.72,2.6,4.25,2,0,125,Overheating,0.0,1
2025-03-08 19:03:00,21,72.62,51.46,40.37,1.07,1.25,1,0,446,Normal,0.0,0
2025-01-25 22:28:00,34,78.73,55.32,39.15,1.31,1.68,2,0,274,Overheating,0.0,1
2025-03-04 00:25:00,36,90.65,44.26,75.21,3.88,0.9,1,1,28,Normal,1.0,1
2025-02-13 02:51:00,8,82.56,53.08,62.33,2.12,4.07,1,0,434,Normal,0.0,0
2025-01-13 00:33:00,48,84.7,45.53,43.05,4.4,0.69,0,0,123,Normal,0.0,0
2025-01-02 07:43:00,8,61.56,59.75,70.54,2.18,3.52,1,0,432,Normal,0.0,0
2025-02-09 21:30:00,38,69.75,38.78,74.22,3.79,4.99,1,0,389,Normal,0.0,0
2025-02-09 13:06:00,15,61.23,51.11,63.98,2.24,4.6,1,0,293,Normal,0.0,0
2025-02-12 13:56:00,7,70.84,36.56,35.39,4.41,1.38,1,0,245,Normal,0.0,0
2025-03-07 14:19:00,37,84.02,46.6,41.51,4.83,1.66,1,0,147,Normal,0.0,0
2025-01-26 03:12:00,12,82.08,45.97,59.59,3.92,2.22,2,0,249,Pressure Drop,0.0,1
2025-01-01 05:52:00,4,80.73,73.55,38.67,3.13,2.73,2,0,386,Pressure Drop,0.0,1
2025-02-28 08:01:00,34,83.74,64.79,71.85,2.01,3.54,1,0,150,Normal,0.0,0
2025-03-04 00:01:00,7,76.95,37.9,47.37,2.56,0.75,1,0,473,Normal,0.0,0
2025-01-21 10:40:00,45,79.46,67.28,58.68,1.93,2.91,2,0,220,Normal,0.0,1
2025-03-07 13:15:00,31,75.21,54.59,51.27,2.7,2.37,1,0,107,Normal,0.0,0
2025-01-08 22:30:00,16,94.06,57.88,58.05,3.51,3.1,1,1,40,Normal,1.0,1
2025-01-05 17:40:00,25,84.76,42.49,51.88,4.11,4.63,0,0,76,Normal,0.0,0
2025-01-08 12:02:00,19,62.66,26.51,36.79,1.78,3.12,0,0,404,Normal,0.0,0
2025-01-02 06:36:00,47,68.66,78.13,73.12,2.64,4.98,1,0,88,Normal,0.0,0
2025-03-05 05:17:00,22,69.36,46.78,51.46,2.25,4.52,1,0,371,Normal,0.0,0
2025-02-13 16:18:00,12,71.89,58.68,67.53,2.72,3.62,1,0,456,Normal,0.0,0
2025-03-02 12:44:00,13,75.57,65.67,63.96,4.92,4.84,1,0,397,Normal,0.0,0
2025-02-18 00:09:00,21,75.69,61.02,77.61,4.63,3.62,1,0,118,Normal,0.0,0
2025-03-10 21:50:00,41,80.27,56.05,63.21,1.12,1.35,0,0,497,Normal,0.0,0
2025-02-25 05:47:00,19,71.15,58.57,78.84,1.4,0.86,1,0,448,Normal,0.0,0
2025-03-09 09:26:00,38,69.66,55.84,39.64,4.06,3.1,1,0,431,Normal,0.0,0
2025-02-23 10:18:00,6,57.98,48.0,36.4,1.72,1.8,1,0,191,Normal,0.0,0
2025-02-20 21:52:00,47,69.37,74.83,42.43,4.91,3.93,1,0,386,Normal,0.0,0
2025-01-17 09:35:00,11,58.76,48.44,66.82,4.62,1.85,1,0,301,Normal,0.0,0
2025-02-27 04:36:00,20,59.62,37.98,67.26,1.68,1.04,1,0,187,Normal,0.0,0
2025-03-06 04:53:00,9,71.16,39.87,58.59,4.23,1.53,1,0,485,Normal,0.0,0
2025-01-27 02:07:00,7,69.95,50.37,54.22,4.69,0.89,1,0,412,Normal,0.0,0
2025-01-31 22:54:00,3,83.92,50.58,50.63,2.82,1.45,1,0,170,Normal,0.0,0
2025-01-28 15:39:00,17,68.69,41.69,34.15,3.39,4.8,1,0,474,Normal,0.0,0
2025-01-15 12:44:00,46,88.89,95.11,55.24,3.98,2.27,1,1,28,Normal,1.0,1
2025-01-15 10:58:00,48,88.95,70.76,39.84,1.95,2.0,1,0,214,Normal,0.0,0
2025-02-10 03:21:00,35,63.73,22.99,79.25,4.32,1.57,1,0,454,Normal,0.0,0
2025-02-09 13:03:00,16,77.74,30.11,43.49,4.5,4.4,1,0,103,Normal,0.0,0
2025-01-18 01:47:00,11,75.3,54.22,54.16,3.19,4.22,1,0,151,Normal,0.0,0
2025-02-08 07:06:00,41,77.91,36.33,72.92,1.07,4.47,1,0,281,Normal,0.0,0
2025-02-02 18:12:00,27,65.52,30.25,61.21,1.05,2.76,1,0,25,Normal,0.0,0
2025-01-18 14:28:00,15,82.36,50.3,63.58,2.3,0.96,1,0,340,Normal,0.0,0
2025-02-04 22:28:00,48,75.37,72.83,36.33,4.73,3.67,1,0,423,Normal,0.0,0
2025-02-19 02:44:00,15,79.24,52.66,61.9,2.68,2.42,2,0,21,Vibration Issue,0.0,1
2025-03-08 01:25:00,16,73.45,48.84,39.6,3.78,4.5,1,0,170,Normal,0.0,0
2025-01-15 06:37:00,26,88.5,56.29,33.81,4.07,3.61,1,0,31,Normal,0.0,0
2025-02-09 13:24:00,42,74.98,37.84,42.12,4.24,2.39,1,0,90,Normal,0.0,0
2025-02-06 23:23:00,4,92.87,37.98,52.01,4.03,3.74,1,1,42,Normal,1.0,1
2025-02-26 18:07:00,17,71.8,70.77,38.92,3.59,3.12,1,0,76,Normal,0.0,0
2025-01-05 02:49:00,13,93.26,52.05,62.29,4.1,1.85,1,1,25,Normal,1.0,1
2025-02-25 22:09:00,25,87.48,57.15,34.1,3.86,3.78,1,0,367,Normal,0.0,0
2025-01-30 19:57:00,3,76.94,44.05,52.72,1.19,4.62,1,0,17,Normal,0.0,1
2025-02-05 08:48:00,48,70.75,48.73,43.23,1.16,2.59,1,0,138,Normal,0.0,0
2025-01-22 13:37:00,18,63.52,46.38,75.62,3.74,4.35,1,0,282,Normal,0.0,0
2025-02-05 11:08:00,9,71.86,60.92,63.3,4.52,2.2,1,0,213,Normal,0.0,0
2025-01-03 20:32:00,28,102.32,53.74,54.11,2.12,4.51,1,1,22,Normal,1.0,1
2025-01-15 03:18:00,36,71.99,41.86,69.74,3.0,1.48,1,0,149,Normal,0.0,0
2025-02-16 10:27:00,3,80.09,74.19,65.03,4.12,0.79,1,0,156,Normal,0.0,0
2025-02-13 08:20:00,17,77.1,79.4,30.47,2.2,3.77,1,0,246,Normal,0.0,0
2025-01-16 07:21:00,14,85.67,65.36,79.42,3.93,2.78,1,0,293,Normal,0.0,0
2025-02-11 07:38:00,25,72.13,50.02,33.3,4.45,2.84,2,0,429,Electrical Fault,0.0,1
2025-02-16 03:54:00,32,70.67,47.16,61.24,2.19,4.18,1,0,178,Normal,0.0,0
2025-01-06 07:06:00,13,69.21,23.82,42.05,2.91,0.85,1,0,497,Normal,0.0,0
2025-01-22 18:44:00,23,69.03,51.98,79.78,2.09,3.41,1,0,101,Normal,0.0,0
2025-02-25 05:17:00,13,79.16,25.17,54.2,1.67,0.54,1,0,133,Normal,0.0,0
2025-02-19 07:10:00,19,89.87,43.71,75.19,1.99,1.41,0,0,45,Normal,0.0,0
2025-01-31 02:35:00,14,80.1,27.16,73.63,3.5,1.93,1,0,250,Normal,0.0,0
2025-01-16 04:26:00,28,75.01,39.77,33.4,4.81,2.65,1,0,148,Normal,0.0,0
2025-03-02 11:44:00,23,90.79,63.29,61.64,4.8,1.53,2,1,39,Normal,1.0,1
2025-02-15 07:55:00,42,82.31,25.4,55.06,2.99,3.34,1,0,101,Normal,0.0,0
2025-01-17 18:45:00,13,55.99,44.14,35.67,3.44,3.08,1,0,320,Normal,0.0,0
2025-02-27 07:40:00,13,77.32,43.64,56.39,2.83,1.09,1,0,471,Normal,0.0,0
2025-01-23 16:22:00,29,80.49,58.82,56.35,3.55,3.99,1,0,270,Normal,0.0,0
2025-03-10 09:25:00,11,71.56,26.61,44.14,4.31,1.18,1,0,60,Normal,0.0,0
2025-02-03 05:09:00,9,74.46,78.94,43.68,1.55,0.98,1,0,31,Normal,0.0,0
2025-03-08 11:32:00,40,65.83,64.64,77.27,3.69,4.61,1,0,200,Normal,0.0,0
2025-02-07 14:49:00,18,79.29,25.48,32.24,4.34,4.13,1,0,106,Normal,0.0,0
2025-03-10 05:05:00,12,76.39,58.22,32.22,3.73,2.47,0,0,67,Normal,0.0,0
2025-03-01 09:43:00,24,81.17,20.29,40.34,3.91,4.01,2,0,211,Normal,0.0,1
2025-03-06 04:11:00,43,91.56,43.17,74.41,1.81,1.22,1,1,33,Normal,1.0,1
2025-01-02 01:49:00,16,72.44,38.09,52.75,3.08,3.07,1,0,304,Normal,0.0,0
2025-02-16 09:34:00,24,78.24,72.88,53.52,4.05,3.1,1,0,259,Normal,0.0,0
2025-01-17 23:01:00,8,81.11,60.76,63.46,1.72,4.35,2,0,252,Vibration Issue,0.0,1
2025-01-25 19:09:00,23,67.31,34.1,46.15,1.35,1.16,0,0,476,Normal,0.0,0
2025-01-21 00:13:00,19,67.15,67.59,35.24,2.24,0.55,1,0,440,Normal,0.0,0
2025-03-01 00:55:00,21,74.56,42.59,60.33,3.99,1.05,1,0,83,Normal,0.0,0
2025-02-13 14:22:00,48,82.7,37.03,47.8,2.86,1.68,1,0,195,Normal,0.0,0
2025-03-01 17:02:00,28,74.36,23.65,43.7,4.2,1.03,1,0,367,Normal,0.0,0
2025-02-05 23:50:00,32,69.62,58.17,74.64,3.83,3.78,2,0,14,Overheating,0.0,1
2025-01-11 04:21:00,34,62.24,37.84,44.84,2.67,2.59,1,0,98,Normal,0.0,0
2025-01-01 03:41:00,32,76.43,70.55,67.8,4.83,3.66,0,0,88,Normal,0.0,0
2025-02-05 22:47:00,14,78.38,104.74,46.86,3.13,4.17,1,1,46,Normal,1.0,1
2025-02-13 06:16:00,12,62.77,65.75,68.78,4.83,3.85,0,0,120,Normal,0.0,0
2025-01-27 05:45:00,28,70.34,47.62,56.88,3.61,3.39,0,0,103,Normal,0.0,0
2025-01-07 17:19:00,44,69.49,59.79,50.93,1.83,0.7,0,0,44,Normal,0.0,0
2025-03-01 11:28:00,2,70.08,72.44,35.97,1.1,0.67,2,0,445,Vibration Issue,0.0,1
2025-02-04 13:17:00,4,66.37,78.95,53.43,4.5,3.65,1,0,70,Normal,0.0,0
2025-01-17 01:47:00,43,72.56,39.54,45.51,1.98,2.15,1,0,78,Normal,0.0,0
2025-01-01 02:07:00,35,64.79,69.16,76.26,2.8,4.2,0,0,21,Normal,0.0,0
2025-01-12 23:51:00,45,75.86,62.35,74.24,3.85,4.4,0,0,478,Normal,0.0,0
2025-02-23 01:59:00,10,91.82,48.99,58.21,3.36,1.12,1,1,11,Normal,1.0,1
2025-03-02 11:24:00,24,78.61,43.41,70.8,2.98,2.13,1,0,163,Normal,0.0,0
2025-03-09 18:33:00,45,73.07,75.02,59.21,1.74,4.09,1,0,446,Normal,0.0,0
2025-01-17 20:12:00,9,80.03,56.89,50.09,4.1,3.7,1,0,49,Normal,0.0,0
2025-01-26 06:54:00,42,69.42,26.46,66.51,2.43,3.61,2,0,165,Vibration Issue,0.0,1
2025-02-05 07:47:00,27,63.58,27.44,47.01,1.2,0.92,1,0,385,Normal,0.0,0
2025-02-28 01:20:00,36,70.72,56.23,41.76,3.05,1.05,1,0,104,Normal,0.0,0
2025-02-08 14:44:00,40,73.23,61.8,73.31,4.22,4.5,1,0,359,Normal,0.0,0
2025-02-23 17:57:00,38,75.87,49.88,75.99,3.09,4.05,1,0,216,Normal,0.0,0
2025-03-09 06:45:00,29,71.22,45.03,36.63,3.19,4.49,1,0,124,Normal,0.0,0
2025-02-20 05:25:00,2,76.32,47.41,79.16,4.43,2.83,1,0,319,Normal,0.0,0
2025-01-14 13:29:00,41,79.75,-3.56,45.46,2.63,1.2,1,0,455,Normal,0.0,0
2025-01-14 01:38:00,2,86.74,54.82,79.43,1.71,2.7,1,0,322,Normal,0.0,0
2025-01-07 15:24:00,44,80.19,52.89,67.39,2.81,2.52,1,0,90,Normal,0.0,0
2025-02-06 04:42:00,29,67.35,64.98,64.19,2.39,0.95,0,0,349,Normal,0.0,0
2025-02-03 03:59:00,18,59.27,49.33,30.02,1.11,1.23,1,0,40,Normal,0.0,0
2025-01-22 22:03:00,19,76.47,51.16,76.31,1.2,1.53,1,0,166,Normal,0.0,0
2025-02-16 01:06:00,33,74.09,46.62,38.68,1.67,3.47,2,0,397,Vibration Issue,0.0,1
2025-01-30 10:54:00,26,68.08,49.44,64.84,3.39,2.88,2,0,332,Vibration Issue,0.0,1
2025-01-03 03:28:00,50,80.09,45.84,72.86,4.9,2.58,1,0,467,Normal,0.0,0
2025-01-31 02:40:00,46,72.26,33.94,31.0,1.94,3.12,0,0,476,Normal,0.0,0
2025-03-10 17:19:00,41,62.71,15.71,31.08,1.84,4.18,0,0,61,Normal,0.0,0
2025-02-08 09:09:00,35,66.45,30.08,32.27,1.22,2.5,1,0,432,Normal,0.0,0
2025-01-25 06:59:00,33,80.97,43.79,56.82,4.03,2.69,0,0,176,Normal,0.0,0
2025-02-10 06:18:00,4,71.8,52.81,41.26,3.95,2.47,2,0,256,Pressure Drop,0.0,1
2025-02-14 10:18:00,45,67.86,48.64,75.6,4.35,3.46,1,0,471,Normal,0.0,0
2025-02-15 21:14:00,5,60.13,54.11,71.89,2.39,0.81,1,0,143,Normal,0.0,0
2025-01-10 07:24:00,25,91.1,55.74,41.13,3.15,3.67,1,1,4,Normal,1.0,1
2025-03-01 06:57:00,41,88.23,39.62,74.05,3.46,0.69,1,0,189,Normal,0.0,0
2025-01-14 15:36:00,21,58.04,44.5,51.78,2.63,2.5,0,0,452,Normal,0.0,0
2025-01-09 01:20:00,23,86.95,55.74,69.33,4.37,4.44,1,0,396,Normal,0.0,0
2025-01-30 05:59:00,30,74.2,49.32,30.25,3.35,1.9,1,0,244,Normal,0.0,0
2025-02-19 18:28:00,8,86.54,56.75,74.03,4.63,1.01,1,0,433,Normal,0.0,0
2025-02-17 10:13:00,40,74.03,79.23,49.59,1.94,2.08,1,0,369,Normal,0.0,0
2025-01-12 11:06:00,36,63.03,48.49,71.3,1.46,3.38,0,0,306,Normal,0.0,0
2025-02-21 06:21:00,27,72.22,59.24,79.22,3.81,4.13,1,0,419,Normal,0.0,0
2025-02-14 21:13:00,27,81.93,78.03,56.27,4.01,2.67,1,0,456,Normal,0.0,0
2025-01-23 21:32:00,36,49.71,42.07,66.26,4.83,4.41,1,0,37,Normal,0.0,0
2025-01-28 00:10:00,41,75.72,33.49,67.59,4.99,2.85,1,0,324,Normal,0.0,0
2025-02-06 02:28:00,24,78.04,57.7,56.19,4.45,0.89,1,0,226,Normal,0.0,0
2025-03-08 17:22:00,4,78.82,23.2,61.78,4.36,3.42,1,0,213,Normal,0.0,0
2025-01-17 13:31:00,36,69.96,63.44,46.44,3.44,4.19,1,0,173,Normal,0.0,0
2025-01-19 14:00:00,15,71.72,45.01,37.01,1.43,4.63,1,0,214,Normal,0.0,0
2025-01-28 06:12:00,25,76.81,59.71,59.61,2.94,4.42,1,0,263,Normal,0.0,0
2025-03-04 15:16:00,33,72.99,26.62,47.82,3.6,4.76,1,0,85,Normal,0.0,0
2025-01-08 11:14:00,3,68.7,53.79,66.95,4.4,1.03,1,0,85,Normal,0.0,0
2025-02-13 16:25:00,28,66.51,58.16,43.85,2.78,1.5,1,0,310,Normal,0.0,0
2025-02-09 19:47:00,13,78.17,26.96,55.51,2.64,4.56,0,0,259,Normal,0.0,0
2025-02-14 20:12:00,23,91.51,44.58,60.83,3.98,3.84,1,1,12,Normal,1.0,1
2025-02-13 22:12:00,27,72.82,53.34,30.53,1.55,2.03,1,0,359,Normal,0.0,0
2025-02-01 15:28:00,13,64.07,32.79,74.06,3.46,0.82,0,0,122,Normal,0.0,0
2025-01-16 23:51:00,9,79.58,65.04,47.1,4.12,1.93,1,0,67,Normal,0.0,0
2025-02-15 04:46:00,20,62.35,35.91,67.84,1.28,1.02,2,0,209,Pressure Drop,0.0,1
2025-01-13 14:47:00,41,71.78,82.07,66.62,1.89,1.22,1,1,23,Normal,1.0,1
2025-01-23 23:19:00,34,81.0,16.05,60.91,2.61,4.92,1,0,61,Normal,0.0,0
2025-01-10 02:00:00,8,73.29,59.37,61.88,3.27,0.52,1,0,81,Normal,0.0,0
2025-03-01 10:03:00,9,85.66,29.92,56.83,1.72,0.71,1,0,76,Normal,0.0,0
2025-03-06 07:26:00,23,82.13,71.27,30.84,3.42,2.75,2,0,352,Vibration Issue,0.0,1
2025-02-18 08:24:00,14,79.06,46.33,50.88,4.08,3.51,1,0,442,Normal,0.0,0
2025-02-10 13:00:00,37,76.57,52.78,50.91,4.59,2.22,1,0,410,Normal,0.0,0
2025-03-08 16:28:00,38,71.46,57.66,52.79,2.29,3.73,0,0,299,Normal,0.0,0
2025-02-15 08:14:00,38,64.34,61.18,32.6,1.62,0.89,0,0,174,Normal,0.0,0
2025-01-27 10:57:00,16,73.17,41.04,53.82,2.02,2.15,1,0,195,Normal,0.0,0
2025-02-18 05:39:00,38,82.34,53.12,43.26,2.31,1.83,1,0,168,Normal,0.0,0
2025-02-12 16:58:00,9,80.36,44.22,76.69,3.35,3.83,1,0,281,Normal,0.0,0
2025-02-01 10:17:00,11,74.99,31.67,34.93,3.68,2.52,1,0,275,Normal,0.0,0
2025-01-07 01:08:00,7,60.6,69.22,66.1,1.19,4.77,1,0,334,Normal,0.0,0
2025-01-03 07:27:00,6,74.21,48.65,69.29,4.68,3.36,1,0,326,Normal,0.0,0
2025-02-15 20:10:00,40,94.99,72.92,51.59,3.23,2.02,1,1,48,Normal,1.0,1
2025-01-17 11:11:00,31,86.86,57.18,35.6,4.88,3.72,1,0,277,Normal,0.0,0
2025-01-16 09:45:00,34,76.43,30.53,79.83,2.74,2.25,1,0,158,Normal,0.0,0
2025-02-04 08:30:00,1,72.38,43.52,72.35,3.66,0.81,1,0,94,Normal,0.0,0
2025-03-08 23:15:00,34,76.59,36.02,44.88,4.42,2.4,1,0,309,Normal,0.0,0
2025-02-14 04:48:00,9,71.97,30.52,76.04,2.72,0.55,1,0,472,Normal,0.0,0
2025-02-04 13:01:00,2,82.55,20.1,37.16,4.95,4.18,1,0,264,Normal,0.0,0
2025-02-05 10:10:00,22,77.98,56.69,42.92,2.86,2.13,1,0,343,Normal,0.0,0
2025-02-01 04:17:00,15,59.13,49.76,35.29,4.18,3.46,1,0,460,Normal,0.0,0
2025-03-10 18:18:00,4,73.63,36.98,44.97,4.33,1.23,1,0,264,Normal,0.0,0
2025-01-28 07:03:00,35,80.83,68.7,65.07,1.37,2.29,1,0,225,Normal,0.0,0
2025-02-27 03:31:00,37,71.47,38.69,69.73,4.03,4.89,1,0,316,Normal,0.0,0
2025-02-15 12:02:00,23,72.86,64.15,69.98,1.86,2.33,1,0,365,Normal,0.0,0
2025-01-16 00:11:00,43,53.84,50.58,64.15,4.62,3.51,2,0,194,Vibration Issue,0.0,1
2025-01-26 05:20:00,42,83.99,56.12,38.82,1.7,4.56,2,0,275,Overheating,0.0,1
2025-01-30 19:23:00,24,68.99,44.16,55.74,1.32,4.38,2,0,249,Vibration Issue,0.0,1
2025-01-25 03:25:00,49,68.89,64.33,63.7,1.59,4.03,1,0,43,Normal,0.0,0
2025-02-17 12:53:00,48,85.82,59.64,41.79,4.51,2.14,0,0,426,Normal,0.0,0
2025-01-03 07:18:00,34,84.95,55.64,53.84,3.89,1.05,0,0,490,Normal,0.0,0
2025-02-17 21:07:00,26,73.58,42.1,66.28,4.55,3.75,1,0,242,Normal,0.0,0
2025-02-27 13:43:00,10,61.79,62.16,46.21,1.15,4.56,1,0,100,Normal,0.0,0
2025-01-13 00:46:00,16,76.34,48.4,68.95,3.4,2.71,2,0,439,Vibration Issue,0.0,1
2025-03-05 05:57:00,44,75.02,37.21,53.65,4.18,1.77,1,0,254,Normal,0.0,0
2025-01-06 17:01:00,36,70.76,60.0,73.11,4.48,2.13,1,0,267,Normal,0.0,0
2025-01-22 22:39:00,10,72.68,49.23,43.07,2.36,2.54,1,0,166,Normal,0.0,0
2025-01-05 14:36:00,26,75.34,36.89,50.71,3.22,0.55,1,0,349,Normal,0.0,0
2025-01-05 12:16:00,45,85.23,68.69,46.33,3.57,4.2,1,0,449,Normal,0.0,0
2025-03-09 17:28:00,10,69.48,45.74,51.59,2.34,3.63,1,0,236,Normal,0.0,0
2025-02-16 10:33:00,34,82.08,69.91,34.09,1.27,1.37,1,0,242,Normal,0.0,0
2025-01-01 18:51:00,33,71.09,25.41,39.77,2.77,3.26,1,0,223,Normal,0.0,0
2025-02-26 23:23:00,45,88.45,51.48,55.14,3.99,3.06,2,0,192,Vibration Issue,0.0,1
2025-02-19 04:15:00,18,88.49,42.03,47.71,3.67,3.77,1,0,57,Normal,0.0,0
2025-01-13 12:46:00,7,75.94,42.0,37.3,3.3,3.97,1,0,96,Normal,0.0,0
2025-01-09 08:31:00,26,75.43,41.91,54.78,1.7,1.31,1,0,494,Normal,0.0,0
2025-03-03 01:32:00,21,76.53,57.27,71.94,3.85,1.93,1,0,364,Normal,0.0,0
2025-01-19 10:39:00,6,82.88,45.16,73.5,4.96,2.37,0,0,410,Normal,0.0,0
2025-01-13 23:23:00,28,57.82,62.07,65.02,2.43,3.47,1,0,491,Normal,0.0,0
2025-01-18 12:35:00,45,90.95,44.39,75.91,4.53,3.97,1,1,26,Normal,1.0,1
2025-01-23 20:48:00,48,62.35,40.44,75.38,3.78,4.03,1,0,247,Normal,0.0,0
2025-01-03 18:34:00,17,89.83,49.85,46.57,1.35,1.62,1,0,265,Normal,0.0,0
2025-01-31 20:39:00,1,56.1,41.61,38.43,4.8,1.68,1,0,491,Normal,0.0,0
2025-02-15 04:56:00,41,83.35,61.36,59.25,4.5,0.97,1,0,81,Normal,0.0,0
2025-01-25 23:33:00,41,71.69,45.75,52.58,3.54,1.18,1,0,171,Normal,0.0,0
2025-03-04 09:05:00,7,74.08,50.56,34.25,4.48,2.75,1,0,25,Normal,0.0,0
2025-01-03 07:17:00,20,68.69,42.21,70.92,1.88,2.26,1,0,360,Normal,0.0,0
2025-02-25 00:38:00,32,71.58,61.69,34.95,4.36,4.89,1,0,338,Normal,0.0,0
2025-01-27 08:37:00,28,74.53,46.69,42.1,4.47,0.9,0,0,82,Normal,0.0,0
2025-01-12 18:30:00,45,83.76,54.1,61.65,2.41,3.07,0,0,88,Normal,0.0,0
2025-01-09 18:02:00,6,62.76,54.92,54.07,1.58,2.91,1,0,164,Normal,0.0,0
2025-02-23 23:12:00,40,86.66,67.76,58.91,4.68,3.81,1,0,442,Normal,0.0,0
2025-01-18 01:18:00,10,81.47,43.8,73.02,3.16,4.66,1,0,231,Normal,0.0,0
2025-02-20 07:06:00,25,74.84,44.85,72.11,4.8,3.48,1,0,280,Normal,0.0,0
2025-02-01 06:30:00,24,68.51,42.46,57.3,3.66,3.77,2,0,323,Pressure Drop,0.0,1
2025-01-04 07:49:00,15,48.81,26.6,30.18,3.77,4.04,1,0,334,Normal,0.0,0
2025-02-16 12:05:00,5,70.38,9.75,55.92,4.9,1.59,1,0,107,Normal,0.0,0
2025-02-14 21:49:00,12,70.1,22.79,78.22,4.56,4.42,1,0,232,Normal,0.0,0
2025-02-13 05:59:00,40,76.93,40.26,32.8,2.44,4.91,0,0,126,Normal,0.0,0
2025-02-26 01:45:00,31,65.3,45.19,63.06,1.3,2.9,0,0,450,Normal,0.0,0
2025-02-09 19:27:00,20,81.12,51.69,69.31,4.53,3.92,1,0,101,Normal,0.0,0
2025-02-13 16:57:00,47,79.48,54.03,74.46,1.29,2.9,1,0,156,Normal,0.0,0
2025-02-24 19:03:00,44,71.75,51.71,37.55,3.19,2.09,1,0,293,Normal,0.0,0
2025-02-19 19:53:00,45,61.47,45.71,43.19,3.54,1.05,1,0,345,Normal,0.0,0
2025-03-09 11:19:00,37,65.36,33.0,49.23,2.0,3.28,1,0,435,Normal,0.0,0
2025-01-19 13:15:00,16,74.33,56.99,76.99,1.5,3.77,1,0,423,Normal,0.0,0
2025-02-06 09:28:00,5,78.32,32.49,75.39,2.38,3.3,1,0,295,Normal,0.0,0
2025-03-09 19:44:00,11,93.58,30.05,64.49,3.18,0.82,0,1,46,Normal,1.0,1
2025-01-02 05:07:00,27,74.52,53.85,69.3,4.92,4.02,2,0,330,Vibration Issue,0.0,1
2025-01-08 20:25:00,26,75.57,67.26,76.05,1.43,4.38,1,0,56,Normal,0.0,0
2025-03-03 16:57:00,27,85.48,39.1,53.72,1.23,4.81,1,0,137,Normal,0.0,0
2025-02-23 19:14:00,1,92.66,47.51,34.06,2.38,1.33,1,1,14,Normal,1.0,1
2025-02-24 15:33:00,49,71.01,22.74,73.87,4.12,4.03,1,0,454,Normal,0.0,0
2025-01-30 16:09:00,9,75.98,42.09,73.09,1.77,1.05,1,0,454,Normal,0.0,0
2025-02-16 20:12:00,42,76.1,23.41,37.97,1.59,4.28,1,0,23,Normal,0.0,0
2025-01-22 04:02:00,30,65.62,62.86,59.39,4.76,3.76,0,0,450,Normal,0.0,0
2025-03-03 22:42:00,46,62.18,42.72,68.0,2.93,2.82,2,0,319,Normal,0.0,1
2025-01-25 07:02:00,1,81.92,40.43,61.01,1.81,1.4,1,0,294,Normal,0.0,0
2025-01-11 01:51:00,7,69.88,52.48,60.84,2.57,4.44,1,0,135,Normal,0.0,0
2025-02-18 12:39:00,48,82.99,28.64,49.47,2.89,3.16,1,0,349,Normal,0.0,0
2025-02-10 01:43:00,14,73.54,71.63,55.17,2.81,3.2,1,0,42,Normal,0.0,0
2025-02-22 07:02:00,38,63.42,70.45,42.15,3.3,4.27,1,0,373,Normal,0.0,0
2025-01-14 11:33:00,2,70.84,63.81,41.39,2.94,1.57,1,0,341,Normal,0.0,0
2025-01-12 18:48:00,30,84.27,54.49,58.83,3.06,3.64,1,0,456,Normal,0.0,0
2025-01-08 00:55:00,2,83.01,42.55,51.2,3.84,0.52,1,0,76,Normal,0.0,0
2025-01-08 10:50:00,35,78.4,48.53,51.18,1.04,2.18,1,0,176,Normal,0.0,0
2025-02-27 06:15:00,19,86.57,48.13,76.32,2.62,3.83,1,0,254,Normal,0.0,0
2025-01-23 02:01:00,3,77.53,39.95,75.63,4.46,4.18,0,0,144,Normal,0.0,0
2025-01-16 05:01:00,20,86.6,44.15,38.29,3.54,4.3,1,0,83,Normal,0.0,0
2025-02-25 08:27:00,19,79.95,57.56,38.43,4.15,4.98,1,0,77,Normal,0.0,0
2025-03-09 18:40:00,25,77.74,41.08,53.11,1.47,2.11,0,0,413,Normal,0.0,0
2025-03-06 17:46:00,13,91.29,48.84,74.2,1.79,2.46,1,1,32,Normal,1.0,1
2025-02-25 14:19:00,33,82.94,38.64,54.26,1.59,4.72,1,0,396,Normal,0.0,0
2025-01-03 06:27:00,6,77.42,43.34,79.49,1.71,3.11,1,0,142,Normal,0.0,0
2025-01-14 03:30:00,45,77.73,72.48,46.55,1.63,1.31,1,0,453,Normal,0.0,0
2025-01-05 23:46:00,48,81.9,82.83,55.48,4.17,3.11,1,1,15,Normal,1.0,1
2025-03-06 23:37:00,2,77.8,52.9,65.57,1.23,0.74,1,0,447,Normal,0.0,0
2025-02-19 14:45:00,5,83.05,36.25,69.33,1.61,3.89,1,0,417,Normal,0.0,0
2025-02-26 22:12:00,22,66.03,64.76,72.73,4.37,4.91,2,0,445,Overheating,0.0,1
2025-01-31 12:04:00,38,61.04,81.26,73.74,1.88,4.62,1,1,20,Normal,1.0,1
2025-02-04 05:30:00,36,56.79,65.03,73.31,3.61,1.54,1,0,206,Normal,0.0,0
2025-02-20 07:35:00,47,69.1,47.53,62.17,3.27,1.96,0,0,26,Normal,0.0,0
2025-02-17 19:27:00,6,81.94,36.2,72.37,1.64,2.89,1,0,422,Normal,0.0,0
2025-02-28 07:03:00,27,68.79,50.88,59.36,3.78,3.93,1,0,333,Normal,0.0,0
2025-01-03 22:12:00,32,65.93,46.79,68.82,1.52,2.77,1,0,419,Normal,0.0,0
2025-01-06 16:12:00,20,69.24,79.43,73.87,1.96,4.15,1,0,480,Normal,0.0,0
2025-03-04 16:22:00,24,59.19,47.2,52.74,3.78,1.27,1,0,80,Normal,0.0,0
2025-01-09 08:25:00,48,79.48,34.66,39.07,1.01,1.03,1,0,306,Normal,0.0,0
2025-01-09 16:54:00,17,77.9,76.08,33.32,3.1,1.71,1,0,476,Normal,0.0,0
2025-03-05 19:18:00,11,68.75,59.65,48.67,2.15,3.34,2,0,168,Vibration Issue,0.0,1
2025-02-19 00:02:00,24,83.54,43.72,52.37,1.88,3.71,1,0,350,Normal,0.0,0
2025-01-06 20:02:00,42,78.58,24.75,49.54,2.25,3.53,1,0,234,Normal,0.0,0
2025-01-20 08:47:00,29,68.63,50.89,37.55,1.32,2.19,1,0,67,Normal,0.0,0
2025-01-18 16:38:00,21,57.25,47.9,78.71,3.75,4.53,1,0,169,Normal,0.0,0
2025-02-12 19:53:00,41,76.83,42.09,51.23,4.55,3.31,1,0,377,Normal,0.0,0
2025-01-06 19:45:00,31,58.54,62.02,73.32,3.56,0.73,1,0,426,Normal,0.0,0
2025-02-01 13:41:00,41,84.25,75.63,51.88,1.68,3.0,1,0,66,Normal,0.0,0
2025-03-02 14:50:00,21,64.76,60.36,36.3,4.09,2.46,1,0,17,Normal,0.0,1
2025-02-23 11:33:00,22,95.04,34.94,60.27,3.16,4.37,1,1,19,Normal,1.0,1
2025-02-07 10:57:00,34,86.78,45.94,45.28,3.53,1.62,1,0,115,Normal,0.0,0
2025-02-05 23:08:00,24,64.03,48.13,52.17,4.48,4.27,1,0,305,Normal,0.0,0
2025-02-25 12:29:00,20,68.14,33.19,38.29,3.75,3.59,1,0,487,Normal,0.0,0
2025-01-24 04:13:00,3,86.95,51.77,44.59,2.09,2.67,1,0,351,Normal,0.0,0
2025-03-04 15:27:00,43,79.37,68.42,35.88,2.83,2.13,0,0,280,Normal,0.0,0
2025-02-04 09:04:00,18,87.15,41.03,56.65,4.51,1.72,1,0,111,Normal,0.0,0
2025-01-01 02:43:00,29,87.34,31.85,70.59,1.44,2.79,1,0,377,Normal,0.0,0
2025-01-05 01:00:00,21,74.53,50.55,77.99,2.08,1.44,1,0,422,Normal,0.0,0
2025-01-31 22:33:00,44,78.0,39.88,57.54,3.64,1.06,1,0,382,Normal,0.0,0
2025-02-10 08:35:00,12,66.34,51.29,77.33,4.23,4.96,1,0,320,Normal,0.0,0
2025-03-10 05:31:00,20,85.86,35.16,72.03,2.04,3.58,1,0,448,Normal,0.0,0
2025-01-30 14:53:00,21,63.12,50.41,50.19,3.07,3.86,1,0,321,Normal,0.0,0
2025-01-23 06:13:00,38,92.41,55.64,31.08,4.84,4.09,1,1,20,Normal,1.0,1
2025-02-24 09:26:00,47,75.78,41.31,52.58,2.89,1.05,1,0,201,Normal,0.0,0
2025-02-21 14:05:00,1,78.9,46.56,68.83,2.81,2.84,1,0,195,Normal,0.0,0
2025-01-20 16:49:00,6,90.79,70.47,56.93,3.82,4.94,1,1,34,Normal,1.0,1
2025-01-16 08:34:00,40,71.61,57.02,50.87,4.49,2.02,1,0,292,Normal,0.0,0
2025-03-05 03:11:00,49,78.0,46.44,75.0,4.26,3.56,1,0,470,Normal,0.0,0
2025-02-03 13:13:00,39,79.33,50.33,48.02,4.16,0.87,1,0,154,Normal,0.0,0
2025-01-19 05:46:00,44,63.99,46.35,70.72,2.17,2.22,1,0,157,Normal,0.0,0
2025-02-27 05:09:00,21,67.6,28.24,48.28,2.63,4.49,1,0,439,Normal,0.0,0
2025-01-20 03:39:00,49,56.03,54.44,46.75,3.86,0.99,1,0,466,Normal,0.0,0
2025-01-09 20:08:00,25,84.63,28.75,60.72,2.51,1.18,1,0,284,Normal,0.0,0
2025-02-18 22:34:00,19,71.86,57.69,37.04,2.43,0.77,1,0,482,Normal,0.0,0
2025-03-11 00:36:00,20,84.78,84.98,34.85,4.06,0.57,2,1,19,Overheating,1.0,1
2025-01-24 20:26:00,40,77.98,73.52,40.7,3.93,4.12,1,0,266,Normal,0.0,0
2025-01-23 08:18:00,9,90.08,80.12,32.69,2.15,1.48,1,1,34,Normal,1.0,1
2025-01-22 13:49:00,25,68.15,63.18,60.87,4.36,0.86,1,0,489,Normal,0.0,0
2025-02-11 15:08:00,32,61.62,40.58,56.29,2.86,2.75,1,0,74,Normal,0.0,0
2025-01-11 20:25:00,26,86.05,59.78,66.13,4.88,2.98,1,0,453,Normal,0.0,0
2025-02-03 02:56:00,27,72.79,61.26,67.0,3.65,3.3,1,0,424,Normal,0.0,0
2025-02-16 17:57:00,26,63.75,57.59,65.24,4.87,4.57,1,0,167,Normal,0.0,0
2025-02-18 03:38:00,49,68.64,75.55,71.67,3.77,1.74,1,0,333,Normal,0.0,0
2025-01-01 06:42:00,29,86.81,47.24,46.47,3.68,3.06,1,0,338,Normal,0.0,0
2025-02-14 20:00:00,46,72.43,25.43,49.79,4.44,2.73,0,0,145,Normal,0.0,0
2025-01-15 02:20:00,7,74.69,42.96,32.75,3.66,1.95,1,0,91,Normal,0.0,0
2025-02-06 09:41:00,42,72.89,38.5,72.85,2.32,2.76,0,0,457,Normal,0.0,0
2025-02-22 17:27:00,19,65.35,46.4,40.65,1.74,2.26,1,0,81,Normal,0.0,0
2025-02-05 23:05:00,34,76.38,41.73,32.79,3.03,4.61,1,0,183,Normal,0.0,0
2025-01-16 01:43:00,50,89.59,56.0,66.5,4.37,0.54,0,0,432,Normal,0.0,0
2025-01-04 09:22:00,8,83.82,68.09,30.6,2.73,3.75,1,0,355,Normal,0.0,0
2025-02-03 22:43:00,25,89.09,25.42,67.09,1.95,4.74,1,0,121,Normal,0.0,0
2025-01-28 18:44:00,40,69.73,59.72,49.09,4.07,4.47,1,0,84,Normal,0.0,0
2025-03-07 02:44:00,20,61.46,74.5,63.36,2.35,2.6,1,0,493,Normal,0.0,0
2025-01-06 04:58:00,26,64.25,51.11,73.36,4.76,1.26,1,0,324,Normal,0.0,0
2025-01-17 06:02:00,49,62.94,58.21,46.42,1.12,0.92,1,0,94,Normal,0.0,0
2025-01-27 16:33:00,27,74.13,47.01,77.7,3.3,2.38,1,0,332,Normal,0.0,0
2025-01-11 03:31:00,37,76.22,27.97,48.75,3.35,1.41,1,0,132,Normal,0.0,0
2025-02-09 08:12:00,15,54.21,46.53,75.47,4.39,4.71,1,0,494,Normal,0.0,0
2025-01-26 16:03:00,38,78.83,47.33,39.54,3.84,2.83,1,0,403,Normal,0.0,0
2025-01-24 11:20:00,14,62.44,51.95,44.36,1.8,3.8,1,0,359,Normal,0.0,0
2025-02-12 09:32:00,6,59.93,30.23,32.16,4.57,3.54,1,0,51,Normal,0.0,0
2025-01-02 17:47:00,3,77.06,30.24,43.6,3.66,3.94,1,0,283,Normal,0.0,0
2025-03-09 12:03:00,30,73.86,41.54,50.89,4.36,0.79,1,0,76,Normal,0.0,0
2025-02-23 04:18:00,2,65.28,48.75,50.25,4.41,0.66,1,0,205,Normal,0.0,0
2025-01-09 00:44:00,15,72.08,49.15,51.97,2.13,1.29,1,0,93,Normal,0.0,0
2025-01-17 08:08:00,20,60.8,59.33,59.45,1.57,3.71,1,0,106,Normal,0.0,0
2025-01-17 10:31:00,16,69.74,38.8,64.45,1.54,3.84,1,0,110,Normal,0.0,0
2025-02-02 17:21:00,8,75.56,33.43,60.41,4.39,2.03,1,0,64,Normal,0.0,0
2025-03-09 14:58:00,38,81.04,59.43,40.33,1.34,3.47,1,0,442,Normal,0.0,0
2025-01-26 15:04:00,13,77.94,44.5,60.66,1.24,4.61,1,0,344,Normal,0.0,0
2025-01-12 17:46:00,5,77.84,68.1,76.9,4.76,1.36,0,0,370,Normal,0.0,0
2025-02-15 02:22:00,33,53.71,51.27,42.87,4.03,4.84,1,0,71,Normal,0.0,0
2025-01-16 01:58:00,39,67.81,66.95,31.21,4.62,3.5,1,0,54,Normal,0.0,0
2025-03-09 08:41:00,38,89.82,86.75,66.88,3.49,2.78,2,1,31,Pressure Drop,1.0,1
2025-03-03 09:57:00,17,71.59,72.28,33.19,2.62,3.22,1,0,144,Normal,0.0,0
2025-03-03 15:59:00,21,83.55,54.16,79.45,2.23,3.05,1,0,321,Normal,0.0,0
2025-02-23 23:11:00,22,85.55,63.17,34.05,2.12,4.75,1,0,252,Normal,0.0,0
2025-01-20 10:05:00,32,90.33,40.54,64.72,2.27,4.15,1,1,46,Normal,1.0,1
2025-01-23 14:35:00,35,86.91,45.96,52.7,1.22,4.3,1,0,323,Normal,0.0,0
2025-02-28 00:09:00,29,72.25,23.31,42.76,4.56,1.06,1,0,249,Normal,0.0,0
2025-01-26 19:32:00,49,65.12,52.17,53.45,2.0,3.18,1,0,400,Normal,0.0,0
2025-02-15 12:43:00,32,62.4,62.8,37.09,3.13,2.72,1,0,497,Normal,0.0,0
2025-01-31 00:00:00,23,81.83,63.15,41.47,1.29,4.25,1,0,58,Normal,0.0,0
2025-01-08 08:58:00,10,83.14,50.59,62.29,1.73,2.56,1,0,463,Normal,0.0,0
2025-01-13 06:08:00,41,87.35,56.16,70.9,3.71,1.54,1,0,350,Normal,0.0,0
2025-02-18 17:10:00,20,65.17,84.7,67.16,1.11,4.75,1,1,9,Normal,1.0,1
2025-01-01 04:17:00,7,88.74,46.29,38.84,3.79,0.86,1,0,89,Normal,0.0,0
2025-01-13 22:35:00,43,67.35,50.71,43.07,1.31,3.56,2,0,435,Normal,0.0,1
2025-02-09 12:30:00,23,51.2,36.9,39.07,1.63,1.77,1,0,67,Normal,0.0,0
2025-02-13 13:13:00,14,54.46,27.07,70.03,4.3,3.26,1,0,231,Normal,0.0,0
2025-02-14 23:02:00,43,86.68,34.15,67.86,4.93,1.52,1,0,87,Normal,0.0,0
2025-01-19 11:05:00,41,88.52,46.41,46.74,1.58,1.97,1,0,381,Normal,0.0,0
2025-01-15 19:16:00,26,82.11,82.03,78.6,2.28,2.12,1,1,44,Normal,1.0,1
2025-02-19 10:03:00,47,62.47,83.68,64.6,4.31,4.74,0,1,22,Normal,1.0,1
2025-01-24 10:20:00,23,82.61,51.76,32.75,3.74,1.17,1,0,395,Normal,0.0,0
2025-01-30 18:46:00,47,70.25,66.11,58.82,2.98,2.87,1,0,195,Normal,0.0,0
2025-02-13 09:46:00,50,77.79,65.39,45.78,1.86,4.1,1,0,49,Normal,0.0,0
2025-02-15 00:20:00,34,72.63,47.42,63.87,4.53,3.18,2,0,20,Electrical Fault,0.0,1
2025-02-07 14:12:00,18,84.14,43.43,68.62,4.0,1.56,2,0,119,Normal,0.0,1
2025-03-07 20:23:00,18,81.01,51.72,51.12,1.35,2.27,1,0,401,Normal,0.0,0
2025-01-05 14:44:00,8,99.05,40.66,41.11,1.85,1.1,0,1,48,Normal,1.0,1
2025-01-08 02:29:00,3,87.07,50.2,63.08,3.68,4.57,1,0,298,Normal,0.0,0
2025-02-02 06:18:00,48,80.77,39.39,50.4,3.27,2.32,1,0,496,Normal,0.0,0
2025-01-30 11:51:00,14,76.38,67.61,41.79,1.03,4.04,1,0,160,Normal,0.0,0
2025-03-10 15:28:00,43,80.03,34.97,44.49,3.42,1.24,0,0,10,Normal,0.0,1
2025-02-06 04:32:00,9,78.22,61.11,67.06,2.16,3.92,0,0,179,Normal,0.0,0
2025-01-22 12:51:00,42,77.3,46.63,58.78,2.01,3.54,1,0,116,Normal,0.0,0
2025-02-14 09:54:00,6,71.49,40.15,62.3,4.99,4.24,1,0,365,Normal,0.0,0
2025-01-05 00:45:00,23,73.25,52.79,38.79,1.79,2.58,1,0,309,Normal,0.0,0
2025-02-21 07:24:00,44,66.64,36.64,34.3,3.71,2.58,0,0,37,Normal,0.0,0
2025-01-12 09:05:00,15,83.12,41.34,32.2,1.75,4.79,1,0,422,Normal,0.0,0
2025-01-25 14:00:00,27,78.21,39.7,43.99,1.55,1.38,1,0,412,Normal,0.0,0
2025-01-03 21:00:00,23,72.67,48.76,52.37,2.36,1.69,1,0,346,Normal,0.0,0
2025-01-07 20:17:00,35,89.79,51.98,58.87,2.91,3.95,2,0,18,Pressure Drop,0.0,1
2025-02-13 19:17:00,20,72.7,31.24,75.95,4.55,1.66,1,0,31,Normal,0.0,0
2025-02-25 18:59:00,40,76.08,63.17,33.82,1.18,4.62,1,0,287,Normal,0.0,0
2025-01-01 06:56:00,46,66.02,37.04,34.57,4.45,1.27,2,0,156,Normal,0.0,1
2025-01-07 23:31:00,10,69.83,35.03,47.72,3.02,2.73,2,0,46,Vibration Issue,0.0,1
2025-02-04 01:20:00,40,88.75,58.22,52.89,1.03,1.16,1,0,21,Normal,0.0,0
2025-01-17 21:54:00,31,70.12,44.58,39.09,1.22,2.72,1,0,26,Normal,0.0,0
2025-02-11 17:25:00,26,73.58,65.17,61.19,3.63,4.24,0,0,433,Normal,0.0,0
2025-02-01 10:27:00,35,60.76,34.28,31.61,2.02,1.63,1,0,274,Normal,0.0,0
2025-01-13 04:59:00,46,75.44,72.88,36.27,3.04,4.96,0,0,498,Normal,0.0,0
2025-01-06 05:05:00,2,62.38,48.66,32.82,3.85,0.64,1,0,223,Normal,0.0,0
2025-01-02 22:58:00,8,84.74,33.23,75.9,1.09,4.46,1,0,229,Normal,0.0,0
2025-01-03 18:05:00,34,70.92,79.91,48.45,2.61,1.85,1,0,192,Normal,0.0,0
2025-02-23 19:12:00,7,80.49,45.7,69.84,2.18,4.21,2,0,98,Pressure Drop,0.0,1
2025-01-11 01:18:00,26,80.11,66.35,50.99,4.77,4.87,1,0,195,Normal,0.0,0
2025-03-03 16:38:00,9,71.19,46.8,32.06,3.25,0.68,0,0,395,Normal,0.0,0
2025-02-03 01:36:00,6,84.78,60.03,45.94,1.87,4.41,1,0,260,Normal,0.0,0
2025-01-26 17:53:00,7,64.79,66.34,54.51,1.57,4.71,1,0,279,Normal,0.0,0
2025-02-04 18:10:00,47,82.7,46.1,30.7,1.72,2.48,1,0,365,Normal,0.0,0
2025-03-01 10:40:00,22,72.26,38.05,66.84,1.5,4.88,1,0,38,Normal,0.0,0
2025-02-02 21:34:00,49,57.94,56.22,46.09,4.82,4.59,1,0,133,Normal,0.0,0
2025-02-09 05:45:00,37,91.72,40.55,43.75,2.56,3.33,1,1,28,Normal,1.0,1
2025-03-03 21:12:00,22,79.95,56.26,52.05,4.27,1.88,1,0,457,Normal,0.0,0
2025-02-18 13:28:00,7,83.89,65.2,76.39,3.78,3.56,1,0,48,Normal,0.0,0
2025-02-11 13:04:00,13,62.9,42.43,69.46,1.97,2.06,1,0,462,Normal,0.0,0
2025-01-07 23:38:00,36,83.97,61.66,50.34,1.96,4.1,1,0,345,Normal,0.0,0
2025-02-26 14:52:00,1,63.46,63.93,68.67,2.55,0.99,1,0,311,Normal,0.0,0
2025-01-01 05:34:00,46,75.99,52.04,39.33,2.0,4.95,1,0,494,Normal,0.0,0
2025-02-04 05:27:00,28,72.41,55.69,75.52,1.34,3.83,1,0,326,Normal,0.0,0
2025-01-11 19:29:00,50,75.53,63.79,60.99,1.05,3.94,2,0,451,Pressure Drop,0.0,1
2025-03-03 19:17:00,18,70.62,35.25,34.18,3.01,0.93,1,0,357,Normal,0.0,0
2025-01-27 18:40:00,41,59.92,35.08,45.37,4.72,2.76,2,0,178,Normal,0.0,1
2025-01-19 13:56:00,27,68.0,27.07,44.7,2.95,2.3,1,0,445,Normal,0.0,0
2025-01-11 21:52:00,17,55.14,49.45,39.94,3.61,1.47,0,0,450,Normal,0.0,0
2025-02-24 14:44:00,22,81.37,35.98,62.56,1.47,4.65,1,0,304,Normal,0.0,0
2025-01-31 02:48:00,45,82.17,48.96,31.0,4.24,3.81,1,0,193,Normal,0.0,0
2025-03-02 13:41:00,21,72.85,42.45,48.37,1.07,0.71,1,0,234,Normal,0.0,0
2025-02-02 22:25:00,4,87.89,29.63,55.42,2.85,0.86,1,0,438,Normal,0.0,0
2025-02-13 09:09:00,20,80.33,41.44,49.39,4.4,4.47,1,0,307,Normal,0.0,0
2025-03-07 23:07:00,3,70.73,41.24,69.08,1.12,3.56,1,0,341,Normal,0.0,0
2025-02-09 03:57:00,32,62.61,77.96,49.99,4.07,0.56,1,0,314,Normal,0.0,0
2025-03-05 01:15:00,14,72.96,33.56,60.8,4.16,3.04,1,0,172,Normal,0.0,0
2025-02-17 01:36:00,2,63.91,46.95,76.24,1.78,4.18,1,0,304,Normal,0.0,0
2025-01-02 00:17:00,26,55.25,32.07,57.41,3.35,1.23,1,0,184,Normal,0.0,0
2025-02-01 13:18:00,10,84.59,50.27,32.1,4.25,1.79,2,0,491,Overheating,0.0,1
2025-03-10 15:14:00,39,56.54,35.63,58.99,4.92,1.25,1,0,265,Normal,0.0,0
2025-02-01 04:19:00,46,59.68,43.56,65.32,1.81,4.62,1,0,80,Normal,0.0,0
2025-01-24 19:25:00,47,57.84,55.04,73.91,2.09,2.33,1,0,362,Normal,0.0,0
2025-01-04 22:41:00,35,83.12,48.51,48.29,1.79,4.71,2,0,62,Normal,0.0,1
2025-01-29 19:00:00,30,82.84,56.64,71.29,2.93,4.92,1,0,40,Normal,0.0,0
2025-01-25 22:12:00,4,81.57,29.78,54.88,2.48,4.28,1,0,379,Normal,0.0,0
2025-01-02 06:10:00,32,80.19,59.42,73.51,2.73,1.09,1,0,388,Normal,0.0,0
2025-01-20 16:57:00,33,75.47,16.98,44.63,4.54,4.05,1,0,265,Normal,0.0,0
2025-01-06 20:12:00,17,74.55,68.27,61.97,4.53,1.39,1,0,70,Normal,0.0,0
2025-03-01 13:26:00,8,70.25,66.69,57.2,3.64,0.89,1,0,332,Normal,0.0,0
2025-02-22 08:42:00,28,77.77,26.0,69.79,2.1,4.88,1,0,355,Normal,0.0,0
2025-01-17 23:47:00,19,75.11,52.31,66.74,2.62,1.17,1,0,468,Normal,0.0,0
2025-01-19 06:02:00,17,67.76,44.34,37.49,4.54,1.68,2,0,104,Electrical Fault,0.0,1
2025-03-07 11:53:00,29,62.75,27.77,35.76,2.28,3.08,1,0,497,Normal,0.0,0
2025-02-23 20:00:00,20,75.03,36.06,53.23,3.67,2.81,1,0,354,Normal,0.0,0
2025-01-03 22:13:00,32,87.03,39.78,42.84,3.13,3.61,1,0,20,Normal,0.0,0
2025-02-08 18:03:00,7,79.14,36.86,47.89,3.13,1.98,1,0,129,Normal,0.0,0
2025-01-04 06:35:00,18,103.47,58.3,46.71,3.2,3.43,1,1,3,Normal,1.0,1
2025-03-10 08:10:00,29,82.98,55.93,32.68,2.5,1.22,1,0,118,Normal,0.0,0
2025-02-04 00:16:00,17,87.42,44.85,39.13,2.62,1.19,1,0,357,Normal,0.0,0
2025-03-02 00:40:00,2,77.09,54.93,37.59,4.44,1.7,1,0,334,Normal,0.0,0
2025-01-22 19:20:00,38,94.98,62.4,69.4,3.62,4.15,1,1,14,Normal,1.0,1
2025-02-23 10:43:00,32,80.32,24.6,35.39,1.49,0.82,1,0,314,Normal,0.0,0
2025-01-15 21:51:00,3,78.86,57.84,42.79,3.68,4.1,1,0,250,Normal,0.0,0
2025-01-31 02:52:00,31,81.58,18.3,57.59,4.4,3.47,1,0,436,Normal,0.0,0
2025-02-08 20:58:00,26,79.66,77.08,51.93,1.83,4.3,1,0,449,Normal,0.0,0
2025-02-09 15:03:00,17,64.17,44.21,33.04,2.76,4.75,1,0,354,Normal,0.0,0
2025-01-20 05:13:00,3,64.76,67.14,39.37,1.87,3.2,0,0,11,Normal,0.0,1
2025-03-08 20:49:00,4,78.01,46.9,62.04,1.73,2.86,1,0,244,Normal,0.0,0
2025-02-23 05:38:00,21,60.19,36.29,75.11,4.31,0.92,1,0,208,Normal,0.0,0
2025-02-10 16:56:00,35,100.77,36.13,36.9,2.51,1.66,1,1,26,Normal,1.0,1
2025-01-24 16:28:00,7,90.69,54.89,63.22,4.12,4.3,1,1,29,Normal,1.0,1
2025-03-07 02:53:00,45,50.91,40.77,53.16,1.43,3.61,1,0,210,Normal,0.0,0
2025-02-14 04:24:00,48,79.47,24.97,34.88,1.81,2.76,1,0,384,Normal,0.0,0
2025-03-09 00:27:00,29,85.2,45.72,76.14,3.28,2.09,1,0,13,Normal,0.0,1
2025-01-04 22:04:00,49,78.54,71.38,59.34,1.22,1.09,1,0,431,Normal,0.0,0
2025-03-06 20:39:00,17,73.02,45.31,36.61,1.58,4.98,1,0,158,Normal,0.0,0
2025-01-25 09:11:00,21,79.88,27.11,62.47,1.76,1.33,1,0,294,Normal,0.0,0
2025-03-04 18:28:00,3,78.66,46.43,32.6,1.1,0.98,1,0,53,Normal,0.0,0
2025-02-19 06:23:00,4,74.24,65.42,49.42,1.19,3.32,1,0,333,Normal,0.0,0
2025-02-27 19:17:00,36,92.28,37.86,42.08,2.26,4.76,1,1,29,Normal,1.0,1
2025-01-01 08:01:00,3,63.86,42.91,63.51,4.23,2.15,1,0,472,Normal,0.0,0
2025-01-14 09:13:00,20,72.63,59.61,38.34,1.23,4.29,1,0,163,Normal,0.0,0
2025-02-01 08:45:00,47,69.49,51.5,45.1,3.3,1.54,1,0,126,Normal,0.0,0
2025-02-16 17:53:00,14,71.88,29.02,57.67,2.84,4.29,2,0,395,Overheating,0.0,1
2025-01-30 02:55:00,14,79.28,64.42,48.7,1.47,4.89,0,0,369,Normal,0.0,0
2025-02-22 01:47:00,26,77.98,56.86,38.99,4.75,1.66,1,0,383,Normal,0.0,0
2025-03-09 02:11:00,4,75.05,37.13,75.39,2.62,1.22,1,0,167,Normal,0.0,0
2025-01-19 02:26:00,44,86.87,48.98,35.41,3.57,1.98,1,0,391,Normal,0.0,0
2025-02-04 13:42:00,13,83.08,59.5,61.21,1.18,0.57,1,0,421,Normal,0.0,0
2025-03-10 00:25:00,50,84.9,57.55,53.5,4.36,2.08,1,0,271,Normal,0.0,0
2025-02-25 21:11:00,41,77.1,31.77,57.01,1.32,2.2,1,0,457,Normal,0.0,0
2025-02-24 12:13:00,16,75.03,53.57,58.24,3.89,2.07,1,0,326,Normal,0.0,0
2025-01-29 13:55:00,43,62.76,63.58,35.01,2.07,4.56,1,0,100,Normal,0.0,0
2025-02-13 10:35:00,49,89.1,63.76,33.69,4.14,1.41,2,0,213,Electrical Fault,0.0,1
2025-01-28 02:34:00,17,67.29,38.67,42.15,3.22,3.24,1,0,186,Normal,0.0,0
2025-02-16 12:00:00,7,62.1,51.44,68.11,3.48,2.75,1,0,224,Normal,0.0,0
2025-02-26 13:06:00,36,93.05,74.21,69.59,3.99,4.14,1,1,11,Normal,1.0,1
2025-01-11 17:27:00,21,82.49,74.84,62.76,4.08,4.17,1,0,123,Normal,0.0,0
2025-02-04 10:07:00,38,75.91,61.09,61.38,3.07,0.95,2,0,190,Normal,0.0,1
2025-01-20 05:51:00,9,71.03,23.45,56.6,3.55,0.65,1,0,120,Normal,0.0,0
2025-02-14 11:37:00,46,73.21,55.47,70.17,1.48,2.56,1,0,174,Normal,0.0,0
2025-03-06 21:50:00,39,86.31,60.84,60.52,1.01,2.66,2,0,432,Pressure Drop,0.0,1
2025-02-21 14:57:00,25,87.04,52.61,49.89,1.31,1.72,1,0,84,Normal,0.0,0
2025-02-05 00:38:00,11,74.11,16.16,50.38,2.36,1.51,1,0,104,Normal,0.0,0
2025-02-25 21:19:00,6,75.57,50.44,36.91,2.78,4.68,1,0,71,Normal,0.0,0
2025-01-04 14:06:00,44,76.72,39.64,71.67,1.27,1.03,1,0,326,Normal,0.0,0
2025-02-21 07:43:00,30,67.58,26.82,35.21,1.14,2.66,1,0,70,Normal,0.0,0
2025-02-13 16:11:00,22,75.79,49.88,54.73,2.65,4.15,1,0,367,Normal,0.0,0
2025-02-24 23:24:00,38,72.42,42.52,33.77,1.26,2.8,1,0,434,Normal,0.0,0
2025-02-19 08:38:00,39,72.53,33.98,52.7,3.73,4.91,1,0,432,Normal,0.0,0
2025-02-02 16:15:00,36,75.44,75.29,49.87,1.57,0.92,1,0,284,Normal,0.0,0
2025-02-02 12:37:00,48,64.9,56.93,43.77,3.03,4.88,0,0,171,Normal,0.0,0
2025-03-11 02:49:00,27,79.05,56.16,76.29,4.18,4.26,1,0,14,Normal,0.0,1
2025-02-06 16:16:00,16,68.35,54.87,41.4,1.86,3.78,1,0,132,Normal,0.0,0
2025-01-06 20:55:00,9,79.41,22.63,59.06,4.59,1.99,1,0,115,Normal,0.0,0
2025-02-17 01:40:00,40,68.16,40.59,78.64,4.02,4.39,1,0,163,Normal,0.0,0
2025-02-20 20:19:00,46,61.24,38.83,79.95,2.64,0.72,1,0,430,Normal,0.0,0
2025-01-08 21:21:00,25,65.52,46.54,75.8,4.36,3.89,1,0,64,Normal,0.0,0
2025-02-16 07:11:00,40,79.0,42.27,59.53,1.13,2.08,1,0,215,Normal,0.0,0
2025-01-05 12:24:00,45,71.26,54.57,50.57,2.69,0.95,0,0,214,Normal,0.0,0
2025-02-07 14:48:00,34,61.52,49.05,76.15,4.73,1.36,1,0,417,Normal,0.0,0
2025-02-17 03:25:00,27,79.89,43.98,41.02,4.3,0.89,1,0,79,Normal,0.0,0
2025-02-14 02:09:00,36,56.92,73.52,50.5,1.8,2.92,1,0,352,Normal,0.0,0
2025-02-28 04:50:00,12,64.14,44.78,42.33,4.08,2.15,1,0,372,Normal,0.0,0
2025-01-30 06:44:00,29,75.79,53.83,49.65,2.36,2.38,1,0,195,Normal,0.0,0
2025-02-06 12:19:00,13,69.29,30.15,77.01,4.39,0.93,1,0,274,Normal,0.0,0
2025-03-02 14:40:00,14,86.96,65.78,32.78,1.02,1.92,1,0,64,Normal,0.0,0
2025-02-02 15:33:00,41,57.33,39.78,46.38,4.93,2.43,1,0,220,Normal,0.0,0
2025-02-03 15:35:00,41,61.76,48.02,60.25,2.59,4.23,1,0,238,Normal,0.0,0
2025-01-29 18:20:00,50,83.45,57.34,37.98,1.01,1.3,1,0,333,Normal,0.0,0
2025-01-31 19:30:00,21,63.58,30.75,46.32,4.0,2.27,1,0,453,Normal,0.0,0
2025-01-27 04:57:00,43,63.32,43.51,40.95,4.9,2.09,1,0,462,Normal,0.0,0
2025-02-15 11:29:00,32,63.36,45.82,53.04,4.49,4.67,2,0,455,Normal,0.0,1
2025-03-05 21:37:00,24,64.34,67.85,30.65,1.16,2.85,1,0,228,Normal,0.0,0
2025-01-20 12:26:00,33,70.23,65.4,31.7,3.51,2.14,1,0,494,Normal,0.0,0
2025-03-04 12:46:00,34,73.78,52.92,53.02,2.6,3.66,2,0,328,Electrical Fault,0.0,1
2025-02-03 01:37:00,29,59.82,20.93,71.53,3.16,2.01,1,0,101,Normal,0.0,0
2025-01-26 04:01:00,40,45.9,43.28,41.17,1.76,0.92,1,0,166,Normal,0.0,0
2025-02-25 13:18:00,15,70.73,48.38,60.7,3.01,1.61,1,0,285,Normal,0.0,0
2025-01-28 14:25:00,10,95.69,70.85,36.98,4.66,3.45,1,1,19,Normal,1.0,1
2025-01-19 07:23:00,28,82.42,49.23,31.89,3.41,4.95,1,0,59,Normal,0.0,0
2025-01-01 14:13:00,27,93.94,68.78,55.78,2.73,4.09,1,1,35,Normal,1.0,1
2025-01-16 03:14:00,14,75.45,60.46,67.78,1.37,1.96,1,0,270,Normal,0.0,0
2025-01-02 22:14:00,8,84.85,38.85,54.6,2.41,2.56,1,0,487,Normal,0.0,0
2025-01-08 16:22:00,14,82.82,79.13,47.38,4.26,3.92,2,0,450,Overheating,0.0,1
2025-01-24 10:16:00,28,83.38,72.28,52.39,3.24,1.25,0,0,85,Normal,0.0,0
2025-01-23 09:04:00,22,51.98,33.31,77.7,1.98,3.47,1,0,243,Normal,0.0,0
2025-02-02 19:51:00,41,74.34,55.66,33.49,3.34,2.34,1,0,130,Normal,0.0,0
2025-02-12 18:16:00,42,79.25,58.85,30.86,4.64,4.88,2,0,271,Electrical Fault,0.0,1
2025-02-06 20:27:00,9,67.83,63.11,37.95,1.22,3.41,1,0,20,Normal,0.0,0
2025-02-04 19:24:00,12,87.17,58.53,69.11,1.03,4.77,1,0,27,Normal,0.0,0
2025-03-05 08:37:00,5,60.97,56.25,31.12,1.3,0.91,1,0,154,Normal,0.0,0
2025-01-05 20:00:00,48,75.7,40.33,35.66,4.66,1.08,2,0,123,Vibration Issue,0.0,1
2025-02-15 22:19:00,5,76.4,60.59,71.52,1.31,1.33,1,0,296,Normal,0.0,0
2025-02-11 21:35:00,16,83.05,55.57,49.03,4.64,0.65,1,0,391,Normal,0.0,0
2025-01-27 03:41:00,5,84.96,46.85,34.4,3.92,3.94,1,0,167,Normal,0.0,0
2025-02-19 11:28:00,13,68.42,59.97,74.79,1.42,3.4,2,0,154,Normal,0.0,1
2025-01-06 22:44:00,22,66.87,61.07,60.43,1.04,4.19,1,0,34,Normal,0.0,0
2025-02-05 14:25:00,11,80.39,35.54,70.8,1.26,4.08,2,0,176,Normal,0.0,1
2025-01-28 10:10:00,42,81.69,40.94,61.46,4.7,2.92,1,0,97,Normal,0.0,0
2025-02-16 12:50:00,18,84.07,83.1,66.42,2.72,3.28,1,1,27,Normal,1.0,1
2025-02-21 13:46:00,5,71.59,40.17,49.11,1.86,1.33,1,0,430,Normal,0.0,0
2025-01-27 20:44:00,8,84.82,35.74,53.96,1.31,4.77,1,0,158,Normal,0.0,0
2025-02-17 13:54:00,47,68.75,55.37,53.57,1.12,2.52,1,0,85,Normal,0.0,0
2025-03-05 18:54:00,13,78.91,57.19,41.65,4.76,0.97,1,0,165,Normal,0.0,0
2025-01-03 08:21:00,1,59.84,55.72,66.47,3.22,0.98,1,0,143,Normal,0.0,0
2025-02-28 16:04:00,15,57.73,54.15,38.97,4.25,4.72,1,0,207,Normal,0.0,0
2025-01-20 08:30:00,14,71.73,47.34,72.11,1.46,4.06,2,0,260,Overheating,0.0,1
2025-01-10 01:08:00,45,70.95,36.86,78.17,4.37,2.48,1,0,341,Normal,0.0,0
2025-02-24 11:57:00,10,72.44,34.79,72.69,1.11,4.95,0,0,266,Normal,0.0,0
2025-02-09 18:27:00,50,70.64,47.55,77.37,3.64,2.27,1,0,355,Normal,0.0,0
2025-03-10 01:15:00,15,78.43,39.39,47.25,4.2,2.81,1,0,393,Normal,0.0,0
2025-01-05 17:23:00,34,78.41,60.17,57.08,3.89,4.89,1,0,342,Normal,0.0,0
2025-01-06 18:43:00,15,70.7,54.06,73.42,2.14,3.64,1,0,74,Normal,0.0,0
2025-01-26 16:19:00,41,65.3,71.03,34.0,1.27,4.04,0,0,180,Normal,0.0,0
2025-01-29 03:00:00,48,78.15,61.97,60.01,1.91,4.53,1,0,91,Normal,0.0,0
2025-01-03 16:19:00,32,68.15,37.59,31.19,3.9,0.98,1,0,432,Normal,0.0,0
2025-01-20 03:52:00,3,79.33,76.84,45.48,1.29,2.35,1,0,391,Normal,0.0,0
2025-01-27 08:11:00,15,72.98,58.53,39.39,4.91,4.73,1,0,106,Normal,0.0,0
2025-02-10 14:31:00,41,71.12,54.83,42.12,2.59,2.68,1,0,385,Normal,0.0,0
2025-02-21 18:28:00,26,85.04,72.63,70.12,4.2,0.97,1,0,377,Normal,0.0,0
2025-01-08 06:21:00,17,71.52,62.77,73.16,2.26,3.66,1,0,438,Normal,0.0,0
2025-02-25 09:47:00,32,83.96,48.6,44.11,2.39,3.63,1,0,287,Normal,0.0,0
2025-02-26 22:27:00,5,106.93,34.58,73.85,3.46,1.46,1,1,32,Normal,1.0,1
2025-01-17 20:34:00,13,66.49,66.08,76.79,1.67,4.2,1,0,472,Normal,0.0,0
2025-02-25 02:26:00,50,64.49,58.18,51.98,1.87,4.2,1,0,63,Normal,0.0,0
2025-01-27 14:27:00,24,56.14,48.44,37.5,2.66,4.98,1,0,366,Normal,0.0,0
2025-02-10 17:30:00,16,77.3,42.6,77.14,1.15,4.93,1,0,430,Normal,0.0,0
2025-03-08 20:46:00,45,78.74,46.69,39.47,2.9,2.78,1,0,187,Normal,0.0,0
2025-01-24 11:53:00,44,89.35,57.45,41.59,2.65,4.66,1,0,21,Normal,0.0,0
2025-02-27 10:08:00,12,67.88,55.36,60.51,1.89,1.12,1,0,292,Normal,0.0,0
2025-01-02 16:43:00,21,77.01,63.7,61.98,2.33,4.05,1,0,146,Normal,0.0,0
2025-02-18 19:37:00,13,67.02,38.07,33.07,2.22,4.71,1,0,422,Normal,0.0,0
2025-03-04 13:26:00,41,61.41,75.44,39.53,4.96,0.8,1,0,58,Normal,0.0,0
2025-02-20 23:14:00,30,79.76,28.2,50.84,3.47,2.59,0,0,175,Normal,0.0,0
2025-03-02 03:01:00,41,74.14,49.87,50.89,1.88,4.23,1,0,265,Normal,0.0,0
2025-01-26 19:46:00,26,89.53,48.94,34.58,1.84,1.18,1,0,299,Normal,0.0,0
2025-03-01 23:02:00,28,74.42,59.47,75.37,4.29,2.3,1,0,188,Normal,0.0,0
2025-01-09 19:10:00,5,81.26,45.77,45.14,1.14,1.89,1,0,482,Normal,0.0,0
2025-02-08 20:27:00,31,87.05,26.8,58.23,4.61,3.94,1,0,362,Normal,0.0,0
2025-01-14 21:11:00,28,84.63,69.42,41.11,1.79,1.46,1,0,429,Normal,0.0,0
2025-01-03 16:48:00,49,73.5,51.47,57.1,2.12,1.82,1,0,355,Normal,0.0,0
2025-01-22 13:05:00,11,66.49,29.76,36.43,4.67,1.38,1,0,122,Normal,0.0,0
2025-02-28 03:08:00,5,86.49,35.9,66.89,1.13,1.74,1,0,374,Normal,0.0,0
2025-02-02 03:46:00,38,93.49,56.48,75.88,4.08,3.19,1,1,3,Normal,1.0,1
2025-01-17 13:04:00,17,71.14,26.25,58.58,2.33,4.23,2,0,249,Vibration Issue,0.0,1
2025-02-15 10:59:00,22,73.25,55.92,69.32,1.9,0.52,1,0,92,Normal,0.0,0
2025-01-19 07:15:00,20,76.98,66.49,61.41,3.83,4.89,1,0,339,Normal,0.0,0
2025-01-04 09:05:00,16,76.26,48.44,68.48,1.8,1.86,1,0,455,Normal,0.0,0
2025-01-03 20:22:00,20,71.59,36.18,32.61,4.61,2.68,1,0,333,Normal,0.0,0
2025-02-19 02:29:00,1,61.32,65.1,76.6,2.56,4.23,1,0,499,Normal,0.0,0
2025-03-11 08:24:00,41,56.84,61.05,37.61,1.03,1.25,1,0,393,Normal,0.0,0
2025-02-19 01:27:00,36,67.93,49.85,78.86,2.1,0.52,1,0,488,Normal,0.0,0
2025-01-07 04:08:00,21,73.23,52.44,43.08,4.45,4.79,1,0,134,Normal,0.0,0
2025-01-11 15:32:00,42,87.66,53.2,41.92,4.08,1.62,1,0,55,Normal,0.0,0
2025-01-22 08:58:00,28,65.96,59.26,57.43,1.29,4.53,1,0,436,Normal,0.0,0
2025-01-02 14:10:00,1,68.76,55.33,75.0,1.31,2.07,1,0,391,Normal,0.0,0
2025-01-18 14:48:00,7,86.84,52.95,69.76,3.41,3.39,1,0,431,Normal,0.0,0
2025-02-14 20:07:00,27,79.23,46.27,39.74,2.97,4.64,1,0,58,Normal,0.0,0
2025-03-04 20:25:00,5,59.98,32.85,57.13,3.1,1.25,0,0,456,Normal,0.0,0
2025-03-09 03:47:00,5,65.92,30.21,53.4,2.85,3.02,1,0,462,Normal,0.0,0
2025-03-02 03:12:00,48,79.28,55.95,64.4,3.95,2.08,1,0,280,Normal,0.0,0
2025-03-06 17:12:00,9,68.38,44.89,40.16,1.27,1.87,1,0,39,Normal,0.0,0
2025-03-01 05:27:00,21,82.73,58.98,60.8,3.39,4.63,1,0,237,Normal,0.0,0
2025-02-10 18:36:00,8,69.02,66.61,75.44,4.08,2.16,1,0,107,Normal,0.0,0
2025-01-25 16:59:00,27,85.7,53.1,78.33,1.24,4.26,1,0,227,Normal,0.0,0
2025-02-10 01:07:00,28,82.31,0.16,60.37,1.26,2.9,1,0,437,Normal,0.0,0
2025-01-21 20:13:00,6,56.4,57.61,67.45,4.02,1.08,0,0,440,Normal,0.0,0
2025-01-15 18:46:00,23,79.4,22.89,31.64,3.33,3.56,2,0,261,Vibration Issue,0.0,1
2025-01-08 11:24:00,12,53.22,41.38,55.91,2.72,0.64,1,0,459,Normal,0.0,0
2025-01-26 18:29:00,31,63.65,31.82,40.43,2.95,3.15,0,0,228,Normal,0.0,0
2025-01-07 18:05:00,28,65.34,45.18,59.32,1.45,3.27,1,0,427,Normal,0.0,0
2025-01-22 15:45:00,44,67.79,44.04,48.25,1.73,3.14,1,0,248,Normal,0.0,0
2025-02-23 06:01:00,24,76.8,54.49,45.62,2.51,2.96,1,0,50,Normal,0.0,0
2025-02-26 06:53:00,12,62.01,37.54,74.05,1.19,0.99,1,0,349,Normal,0.0,0
2025-02-21 19:15:00,44,78.52,61.61,47.83,3.01,0.75,1,0,437,Normal,0.0,0
2025-01-25 10:39:00,5,81.01,69.39,55.19,3.8,3.2,1,0,170,Normal,0.0,0
2025-01-11 15:38:00,28,82.04,50.87,76.55,3.76,4.06,1,0,344,Normal,0.0,0
2025-01-24 14:44:00,12,77.13,34.89,48.56,3.17,4.24,1,0,236,Normal,0.0,0
2025-01-23 07:47:00,27,67.38,35.39,65.54,4.7,4.51,1,0,251,Normal,0.0,0
2025-02-20 08:22:00,44,83.46,37.35,50.48,4.56,1.55,1,0,380,Normal,0.0,0
2025-01-27 14:39:00,21,76.36,50.37,56.18,1.77,1.85,1,0,456,Normal,0.0,0
2025-02-11 16:25:00,42,73.25,54.66,65.29,1.88,3.29,1,0,395,Normal,0.0,0
2025-02-18 13:57:00,11,74.78,45.29,35.56,1.05,4.8,0,0,432,Normal,0.0,0
2025-02-05 07:54:00,20,77.47,47.92,31.43,3.9,0.79,1,0,16,Normal,0.0,1
2025-01-13 10:02:00,28,59.15,54.03,73.4,2.87,3.92,2,0,239,Vibration Issue,0.0,1
2025-02-11 13:36:00,5,68.45,34.21,63.71,3.93,2.85,1,0,434,Normal,0.0,0
2025-02-11 11:27:00,40,55.81,57.29,69.7,3.05,2.48,1,0,218,Normal,0.0,0
2025-01-03 20:36:00,48,85.27,75.56,54.37,2.78,3.12,2,0,223,Pressure Drop,0.0,1
2025-02-04 23:40:00,27,74.65,49.67,49.22,2.36,1.35,1,0,390,Normal,0.0,0
2025-01-23 18:22:00,32,59.31,62.3,67.01,1.67,1.67,1,0,259,Normal,0.0,0
2025-01-22 13:33:00,50,64.97,48.03,30.61,1.31,2.14,1,0,385,Normal,0.0,0
2025-01-05 09:02:00,12,68.18,37.83,52.33,4.57,4.12,1,0,419,Normal,0.0,0
2025-02-13 20:39:00,37,67.63,70.58,50.08,2.07,0.92,2,0,464,Pressure Drop,0.0,1
2025-02-03 18:11:00,23,75.4,45.91,55.59,2.58,2.05,1,0,398,Normal,0.0,0
2025-01-03 07:12:00,25,78.92,52.69,75.62,4.45,0.9,1,0,452,Normal,0.0,0
2025-02-25 21:51:00,31,82.49,44.48,67.93,2.69,2.3,1,0,295,Normal,0.0,0
2025-03-02 13:14:00,48,83.41,46.08,74.14,4.26,2.44,1,0,215,Normal,0.0,0
2025-01-17 14:10:00,33,67.96,51.72,60.89,1.19,0.99,0,0,435,Normal,0.0,0
2025-03-10 14:47:00,10,66.5,47.01,33.52,2.42,1.93,0,0,203,Normal,0.0,0
2025-01-07 18:20:00,48,73.35,60.0,67.67,3.97,3.9,1,0,132,Normal,0.0,0
2025-02-26 08:49:00,32,76.89,61.1,55.12,4.11,4.19,1,0,206,Normal,0.0,0
2025-02-03 06:07:00,13,53.92,55.69,46.41,1.55,1.55,0,0,192,Normal,0.0,0
2025-02-24 21:10:00,5,88.07,63.16,60.31,2.62,3.83,1,0,54,Normal,0.0,0
2025-01-04 03:42:00,5,64.29,44.63,60.34,1.98,0.91,1,0,278,Normal,0.0,0
2025-02-15 18:29:00,30,71.43,74.63,32.68,1.7,1.9,1,0,194,Normal,0.0,0
2025-01-26 16:34:00,33,81.49,42.52,72.59,1.74,0.96,1,0,392,Normal,0.0,0
2025-02-26 23:08:00,15,63.39,80.58,55.99,1.41,3.92,1,1,45,Normal,1.0,1
2025-03-01 23:15:00,44,68.82,30.18,51.85,4.73,3.55,1,0,103,Normal,0.0,0
2025-01-14 06:54:00,9,104.55,31.77,44.47,1.74,3.79,1,1,9,Normal,1.0,1
2025-01-09 03:34:00,11,79.34,46.5,41.94,3.66,0.62,1,0,465,Normal,0.0,0
2025-03-03 08:23:00,16,55.91,35.47,37.03,3.52,1.09,1,0,161,Normal,0.0,0
2025-02-28 15:22:00,30,57.14,54.71,48.49,3.21,2.89,1,0,128,Normal,0.0,0
2025-01-20 06:52:00,3,71.97,46.75,30.25,4.54,1.88,1,0,39,Normal,0.0,0
2025-01-16 23:45:00,45,82.87,66.08,67.2,2.2,1.34,1,0,195,Normal,0.0,0
2025-01-03 02:28:00,48,87.9,52.34,47.82,4.32,1.48,1,0,292,Normal,0.0,0
2025-02-07 22:50:00,38,76.43,24.78,64.34,2.96,4.25,1,0,326,Normal,0.0,0
2025-02-28 06:12:00,2,91.45,77.66,77.59,3.49,1.77,1,1,25,Normal,1.0,1
2025-01-27 16:15:00,40,71.36,46.81,37.65,2.44,1.84,1,0,371,Normal,0.0,0
2025-02-26 15:10:00,31,84.42,57.53,45.43,4.37,2.54,1,0,217,Normal,0.0,0
2025-02-06 22:28:00,43,81.21,48.85,78.58,4.33,4.91,1,0,143,Normal,0.0,0
2025-02-06 15:40:00,30,91.11,47.12,31.98,1.29,1.35,1,1,33,Normal,1.0,1
2025-01-31 22:08:00,28,63.42,58.94,65.48,4.95,4.58,1,0,10,Normal,0.0,1
2025-02-06 11:05:00,11,91.27,32.77,58.25,4.31,1.92,1,1,46,Normal,1.0,1
2025-02-01 15:07:00,20,78.42,76.81,70.79,1.09,1.49,1,0,123,Normal,0.0,0
2025-01-20 17:44:00,17,63.92,46.16,70.41,3.16,2.03,2,0,434,Overheating,0.0,1
2025-01-02 08:20:00,8,61.48,58.96,30.76,1.71,4.85,1,0,467,Normal,0.0,0
2025-02-05 02:29:00,47,88.9,51.79,52.88,2.84,0.91,2,0,426,Normal,0.0,1
2025-01-04 19:42:00,31,64.97,60.5,52.25,2.6,2.57,1,0,289,Normal,0.0,0
2025-02-08 05:15:00,22,65.87,48.8,58.57,3.51,1.12,1,0,365,Normal,0.0,0
2025-01-04 16:08:00,31,60.67,44.78,72.65,1.35,0.58,0,0,371,Normal,0.0,0
2025-01-27 07:17:00,33,64.14,15.38,77.29,3.71,2.86,0,0,87,Normal,0.0,0
2025-01-13 05:22:00,41,90.86,44.59,78.26,4.49,1.9,1,1,45,Normal,1.0,1
2025-02-13 13:00:00,44,90.48,46.36,69.4,4.0,3.45,1,1,25,Normal,1.0,1
2025-02-02 05:15:00,33,78.17,21.96,33.25,3.33,2.06,0,0,427,Normal,0.0,0
2025-01-18 06:10:00,37,69.93,36.89,31.51,2.74,2.67,1,0,331,Normal,0.0,0
2025-01-31 23:39:00,46,73.31,60.04,73.28,4.79,4.86,0,0,413,Normal,0.0,0
2025-01-20 22:07:00,44,77.69,38.5,41.43,2.29,2.0,1,0,429,Normal,0.0,0
2025-01-20 07:12:00,45,73.69,46.45,38.2,3.63,2.33,1,0,167,Normal,0.0,0
2025-02-02 17:24:00,4,62.14,49.19,71.95,1.89,2.65,1,0,497,Normal,0.0,0
2025-01-23 09:41:00,25,80.64,57.68,32.19,3.06,0.52,2,0,96,Pressure Drop,0.0,1
2025-02-02 12:42:00,16,81.69,55.74,73.34,4.46,1.47,0,0,130,Normal,0.0,0
2025-03-02 16:49:00,36,72.3,28.73,68.19,4.18,4.42,1,0,180,Normal,0.0,0
2025-02-14 23:04:00,5,79.62,74.25,55.22,3.58,4.75,1,0,302,Normal,0.0,0
2025-01-07 03:30:00,15,55.96,63.91,50.03,1.03,2.23,1,0,58,Normal,0.0,0
2025-01-08 22:40:00,17,72.51,48.68,67.98,3.93,1.09,1,0,180,Normal,0.0,0
2025-02-09 06:54:00,24,81.81,68.53,78.61,2.78,4.1,1,0,211,Normal,0.0,0
2025-02-16 19:17:00,17,62.3,22.21,70.62,3.33,4.11,1,0,379,Normal,0.0,0
2025-01-25 21:20:00,48,83.36,59.62,50.47,3.41,3.24,1,0,303,Normal,0.0,0
2025-03-07 03:10:00,14,84.85,74.02,67.49,1.01,2.12,1,0,256,Normal,0.0,0
2025-01-12 08:46:00,16,92.53,67.91,33.56,3.78,1.86,1,1,1,Normal,1.0,1
2025-01-16 11:24:00,14,79.05,57.86,79.63,3.42,2.47,2,0,350,Vibration Issue,0.0,1
2025-01-27 02:16:00,17,75.73,61.41,61.25,4.36,3.75,1,0,202,Normal,0.0,0
2025-02-03 09:37:00,50,65.26,45.8,78.03,1.61,3.56,1,0,291,Normal,0.0,0
2025-03-09 22:22:00,3,90.67,31.63,49.08,1.24,2.24,1,1,8,Normal,1.0,1
2025-02-17 16:34:00,1,77.52,50.3,41.88,4.87,1.07,1,0,447,Normal,0.0,0
2025-03-03 20:46:00,22,83.03,68.8,78.56,4.6,2.73,1,0,165,Normal,0.0,0
2025-01-31 00:57:00,29,65.17,25.04,58.99,2.19,3.93,1,0,67,Normal,0.0,0
2025-02-05 01:02:00,19,76.17,56.09,60.69,1.07,3.23,1,0,393,Normal,0.0,0
2025-01-16 17:25:00,41,78.66,59.83,55.05,2.54,4.01,1,0,177,Normal,0.0,0
2025-01-05 22:35:00,25,84.2,41.45,70.17,1.32,3.09,1,0,278,Normal,0.0,0
2025-02-27 04:48:00,33,63.28,32.76,46.63,2.0,1.08,2,0,406,Pressure Drop,0.0,1
2025-01-07 05:27:00,45,56.39,61.52,62.16,3.31,1.83,2,0,168,Overheating,0.0,1
2025-02-11 11:06:00,25,72.17,68.61,70.66,3.68,1.23,0,0,326,Normal,0.0,0
2025-02-27 09:22:00,39,75.06,43.77,34.69,4.16,1.27,1,0,372,Normal,0.0,0
2025-03-09 19:38:00,10,81.58,67.66,30.58,3.04,1.06,2,0,219,Vibration Issue,0.0,1
2025-01-01 02:46:00,32,95.34,61.4,55.55,2.3,4.6,1,1,11,Normal,1.0,1
2025-03-07 23:56:00,26,59.28,39.89,52.45,1.86,4.2,1,0,208,Normal,0.0,0
2025-02-19 23:14:00,35,80.35,37.55,78.33,3.34,1.11,1,0,473,Normal,0.0,0
2025-02-14 11:32:00,35,71.24,44.67,56.26,4.73,3.16,1,0,54,Normal,0.0,0
2025-01-22 06:11:00,46,82.28,69.63,41.56,2.66,4.09,1,0,41,Normal,0.0,0
2025-02-19 15:34:00,8,84.59,61.19,75.54,2.33,3.96,1,0,159,Normal,0.0,0
2025-03-08 12:51:00,21,65.84,75.34,36.52,3.46,1.11,1,0,38,Normal,0.0,0
2025-01-01 17:12:00,15,79.15,50.72,37.82,1.15,4.43,2,0,330,Overheating,0.0,1
2025-02-11 22:31:00,3,71.1,85.13,78.46,3.17,3.13,1,1,46,Normal,1.0,1
2025-02-27 18:52:00,35,101.84,34.58,49.83,3.3,2.54,1,1,13,Normal,1.0,1
2025-03-02 20:48:00,26,91.58,54.37,62.37,2.3,3.74,1,1,4,Normal,1.0,1
2025-01-04 13:07:00,40,72.7,21.0,73.41,3.13,1.71,1,0,401,Normal,0.0,0
2025-02-02 17:01:00,43,62.39,59.27,43.54,4.21,3.4,2,0,222,Vibration Issue,0.0,1
2025-01-01 07:42:00,26,94.69,40.3,79.41,2.38,4.14,1,1,38,Normal,1.0,1
2025-02-09 14:37:00,35,94.91,56.27,78.16,4.36,1.63,0,1,5,Normal,1.0,1
2025-02-19 18:43:00,14,68.57,51.66,58.38,3.62,1.41,1,0,190,Normal,0.0,0
2025-01-11 16:17:00,22,62.86,46.61,53.31,3.63,2.17,1,0,247,Normal,0.0,0
2025-01-27 19:36:00,23,72.15,51.31,38.79,2.43,0.88,1,0,392,Normal,0.0,0
2025-02-05 15:29:00,5,78.95,38.03,33.74,3.66,3.41,1,0,234,Normal,0.0,0
2025-01-03 10:40:00,4,76.54,52.75,38.67,3.5,1.43,1,0,464,Normal,0.0,0
2025-03-02 06:03:00,2,70.72,40.05,75.85,4.4,4.43,1,0,310,Normal,0.0,0
2025-01-09 18:54:00,41,75.52,54.53,63.83,4.52,2.28,0,0,414,Normal,0.0,0
2025-02-16 23:53:00,40,82.23,11.81,68.94,2.03,3.1,1,0,187,Normal,0.0,0
2025-02-27 01:53:00,45,66.35,47.9,51.67,4.33,1.71,1,0,40,Normal,0.0,0
2025-03-10 10:42:00,7,69.71,54.96,33.0,4.93,4.24,1,0,296,Normal,0.0,0
2025-01-14 11:46:00,46,84.21,48.8,30.5,4.31,3.05,1,0,203,Normal,0.0,0
2025-02-19 19:29:00,49,85.27,49.73,46.15,4.84,2.44,1,0,127,Normal,0.0,0
2025-01-28 22:06:00,14,91.23,47.76,38.99,4.59,4.73,1,1,31,Normal,1.0,1
2025-01-25 13:09:00,40,79.26,34.59,49.92,4.64,2.63,1,0,45,Normal,0.0,0
2025-01-26 03:44:00,2,80.66,47.46,57.44,2.24,1.28,1,0,143,Normal,0.0,0
2025-03-05 04:44:00,26,81.96,67.57,70.67,4.8,2.34,0,0,155,Normal,0.0,0
2025-02-12 09:08:00,33,80.91,37.54,69.63,1.72,4.21,1,0,168,Normal,0.0,0
2025-01-26 19:05:00,11,73.82,39.73,74.3,2.07,3.34,1,0,397,Normal,0.0,0
2025-02-20 23:33:00,36,74.68,61.96,71.55,1.18,4.55,1,0,87,Normal,0.0,0
2025-02-08 09:19:00,26,76.06,48.08,74.1,1.09,2.61,1,0,463,Normal,0.0,0
2025-02-14 00:14:00,44,71.49,28.5,37.06,1.67,4.72,1,0,466,Normal,0.0,0
2025-02-10 06:31:00,28,85.02,35.47,68.38,2.21,3.19,1,0,322,Normal,0.0,0
2025-03-02 02:54:00,40,64.46,51.92,30.45,2.14,4.73,1,0,304,Normal,0.0,0
2025-02-24 07:53:00,32,48.79,18.16,51.37,4.14,2.95,2,0,441,Pressure Drop,0.0,1
2025-01-01 06:04:00,37,83.58,42.03,75.8,4.03,3.75,1,0,498,Normal,0.0,0
2025-03-07 08:36:00,19,79.31,64.12,76.02,4.93,0.79,1,0,496,Normal,0.0,0
2025-02-24 22:04:00,21,84.33,60.23,68.62,2.81,1.58,1,0,387,Normal,0.0,0
2025-02-01 11:04:00,36,80.82,35.85,45.41,3.19,1.18,1,0,373,Normal,0.0,0
2025-01-08 05:11:00,46,76.95,55.79,50.59,2.4,2.98,1,0,96,Normal,0.0,0
2025-02-28 08:40:00,49,73.85,36.23,79.43,4.82,2.14,2,0,446,Vibration Issue,0.0,1
2025-02-14 13:19:00,31,78.74,32.08,56.4,2.1,3.24,1,0,167,Normal,0.0,0
2025-01-11 09:45:00,22,73.31,48.1,37.22,3.51,2.15,1,0,462,Normal,0.0,0
2025-02-01 13:03:00,14,93.05,82.84,34.85,2.0,4.03,1,1,1,Normal,1.0,1
2025-01-08 14:50:00,35,61.1,60.6,66.47,4.68,2.76,1,0,151,Normal,0.0,0
2025-01-04 19:59:00,31,59.82,53.16,55.75,1.71,2.94,1,0,34,Normal,0.0,0
2025-02-25 23:30:00,21,84.38,39.45,71.67,4.85,2.31,1,0,435,Normal,0.0,0
2025-01-22 07:45:00,23,43.4,58.14,71.31,2.02,4.83,1,0,487,Normal,0.0,0
2025-02-01 20:09:00,28,55.02,48.12,55.14,2.36,3.04,1,0,294,Normal,0.0,0
2025-01-30 07:46:00,45,78.3,57.71,34.1,3.18,3.29,1,0,343,Normal,0.0,0
2025-01-12 23:41:00,7,100.14,32.28,45.63,4.13,3.39,0,1,24,Normal,1.0,1
2025-01-11 00:59:00,16,71.52,43.86,69.45,3.31,0.51,1,0,32,Normal,0.0,0
2025-01-03 11:25:00,8,60.8,11.21,33.52,4.62,1.99,1,0,273,Normal,0.0,0
2025-02-23 11:47:00,43,64.53,38.37,61.1,4.58,4.31,1,0,115,Normal,0.0,0
2025-01-13 08:27:00,4,81.05,48.18,73.17,3.41,4.41,1,0,72,Normal,0.0,0
2025-02-13 07:51:00,10,54.18,65.82,47.77,3.32,3.61,1,0,220,Normal,0.0,0
2025-01-01 14:07:00,38,75.45,56.71,67.3,3.65,2.56,1,0,70,Normal,0.0,0
2025-01-15 20:21:00,8,68.12,52.66,33.31,3.02,1.86,1,0,193,Normal,0.0,0
2025-02-23 13:53:00,19,84.6,44.9,44.84,4.56,1.16,1,0,315,Normal,0.0,0
2025-01-21 01:40:00,17,67.94,34.43,50.43,4.5,0.66,1,0,291,Normal,0.0,0
2025-01-27 19:08:00,17,92.44,54.84,47.61,1.56,2.44,1,1,32,Normal,1.0,1
2025-01-03 11:42:00,24,71.5,53.02,70.42,4.7,3.99,0,0,291,Normal,0.0,0
2025-01-31 14:08:00,15,65.58,55.77,63.6,2.09,2.1,1,0,77,Normal,0.0,0
2025-02-12 09:43:00,30,72.86,35.35,70.98,3.82,4.05,1,0,334,Normal,0.0,0
2025-01-14 19:21:00,29,62.86,72.72,78.69,3.14,3.24,1,0,463,Normal,0.0,0
2025-02-10 20:56:00,4,95.47,47.24,76.99,1.53,4.48,1,1,45,Normal,1.0,1
2025-01-01 09:24:00,4,81.14,68.33,51.59,1.23,3.62,1,0,88,Normal,0.0,0
2025-02-09 08:37:00,44,78.53,51.65,63.32,2.94,2.9,1,0,331,Normal,0.0,0
2025-01-28 01:52:00,12,72.71,61.39,40.58,2.84,4.06,1,0,32,Normal,0.0,0
2025-01-19 22:26:00,1,78.35,64.04,32.89,1.52,1.84,1,0,125,Normal,0.0,0
2025-03-09 02:08:00,26,98.28,36.27,32.68,4.22,4.56,2,1,34,Normal,1.0,1
2025-02-14 12:54:00,16,63.11,39.9,62.92,3.55,3.07,1,0,487,Normal,0.0,0
2025-01-20 05:08:00,45,76.88,44.02,51.12,1.34,3.64,1,0,328,Normal,0.0,0
2025-01-26 10:30:00,38,65.14,38.55,34.5,2.75,2.73,1,0,397,Normal,0.0,0
2025-02-03 10:13:00,7,76.93,43.0,34.79,2.98,3.15,1,0,206,Normal,0.0,0
2025-01-17 15:34:00,46,87.9,17.83,65.29,2.88,2.02,2,0,80,Pressure Drop,0.0,1
2025-01-10 00:10:00,48,76.08,46.77,73.0,1.64,1.12,1,0,278,Normal,0.0,0
2025-01-03 02:46:00,47,98.98,56.88,42.47,1.23,4.59,2,1,31,Normal,1.0,1
2025-03-04 05:36:00,10,96.64,59.28,38.08,2.51,4.49,0,1,12,Normal,1.0,1
2025-03-03 07:03:00,28,85.43,63.59,51.05,4.0,3.29,1,0,477,Normal,0.0,0
2025-01-24 16:54:00,27,56.35,74.81,34.49,4.19,1.86,2,0,176,Vibration Issue,0.0,1
2025-01-19 21:44:00,20,68.97,61.12,68.8,2.5,0.76,1,0,39,Normal,0.0,0
2025-01-07 18:14:00,22,67.67,57.32,65.13,3.0,4.04,1,0,220,Normal,0.0,0
2025-01-25 00:43:00,40,75.68,41.92,63.49,2.17,4.23,1,0,56,Normal,0.0,0
2025-01-25 11:12:00,44,93.53,54.92,75.51,4.04,1.14,1,1,8,Normal,1.0,1
2025-01-06 17:53:00,19,73.72,30.68,52.01,3.32,4.47,2,0,233,Vibration Issue,0.0,1
2025-02-11 11:50:00,22,74.71,30.97,34.22,2.7,4.26,1,0,441,Normal,0.0,0
2025-02-05 17:56:00,34,70.59,47.19,61.74,2.29,0.91,0,0,32,Normal,0.0,0
2025-01-02 10:54:00,15,69.15,58.19,62.69,1.76,1.81,1,0,31,Normal,0.0,0
2025-02-21 22:16:00,37,80.63,45.81,49.26,1.45,1.79,1,0,102,Normal,0.0,0
2025-01-03 17:23:00,8,62.75,52.3,78.56,2.75,4.53,1,0,66,Normal,0.0,0
2025-03-09 02:52:00,28,58.62,34.09,50.16,3.82,1.0,1,0,155,Normal,0.0,0
2025-03-10 04:42:00,24,81.35,55.39,66.29,4.1,3.64,1,0,488,Normal,0.0,0
2025-02-02 22:02:00,11,71.46,44.18,79.52,2.06,2.57,1,0,490,Normal,0.0,0
2025-01-06 14:17:00,4,78.8,55.3,39.94,2.75,0.67,2,0,325,Overheating,0.0,1
2025-01-27 23:46:00,29,55.09,56.84,77.15,3.4,1.63,2,0,455,Pressure Drop,0.0,1
2025-02-02 12:51:00,30,82.63,46.95,31.47,3.08,4.5,1,0,295,Normal,0.0,0
2025-02-15 22:13:00,39,50.56,62.08,53.04,1.02,2.35,1,0,188,Normal,0.0,0
2025-03-09 09:51:00,47,64.15,46.99,31.18,4.24,1.79,2,0,64,Pressure Drop,0.0,1
2025-02-12 01:29:00,47,69.84,64.87,39.58,1.84,0.67,1,0,172,Normal,0.0,0
2025-03-01 10:26:00,35,91.62,48.84,72.05,2.87,0.6,2,1,12,Pressure Drop,1.0,1
2025-01-18 12:16:00,43,86.52,67.0,59.54,2.02,2.13,1,0,58,Normal,0.0,0
2025-01-07 18:15:00,3,84.15,49.63,51.42,4.41,2.06,1,0,375,Normal,0.0,0
2025-02-18 03:35:00,11,73.02,64.94,56.47,2.86,1.12,1,0,239,Normal,0.0,0
2025-03-03 13:50:00,33,73.11,69.85,69.32,2.68,3.23,1,0,207,Normal,0.0,0
2025-01-19 14:12:00,30,70.46,45.0,78.53,2.08,1.8,1,0,250,Normal,0.0,0
2025-01-05 02:30:00,47,76.91,38.46,72.72,4.99,1.39,0,0,91,Normal,0.0,0
2025-01-08 11:25:00,37,86.49,67.78,62.89,3.14,4.42,1,0,104,Normal,0.0,0
2025-01-02 03:55:00,3,78.03,48.78,58.69,4.54,1.98,1,0,471,Normal,0.0,0
2025-01-11 12:44:00,44,74.47,57.95,77.48,4.61,1.64,2,0,328,Normal,0.0,1
2025-02-04 16:01:00,32,73.21,36.74,33.86,2.17,4.61,2,0,120,Vibration Issue,0.0,1
2025-01-03 04:26:00,21,80.11,55.69,31.54,4.71,4.82,2,0,278,Normal,0.0,1
2025-02-26 05:26:00,22,61.92,55.03,73.49,4.85,1.22,1,0,495,Normal,0.0,0
2025-02-27 18:17:00,4,66.12,41.17,59.11,3.48,3.33,0,0,367,Normal,0.0,0
2025-02-20 02:40:00,21,59.82,73.27,45.79,2.73,3.6,1,0,395,Normal,0.0,0
2025-02-08 13:59:00,29,75.02,29.37,65.39,1.0,2.55,0,0,405,Normal,0.0,0
2025-01-31 13:32:00,38,86.32,45.79,35.48,2.58,2.92,0,0,461,Normal,0.0,0
2025-02-20 19:06:00,47,62.52,58.36,37.2,2.43,3.88,1,0,492,Normal,0.0,0
2025-01-03 09:19:00,14,73.99,62.43,52.27,2.33,2.54,1,0,18,Normal,0.0,1
2025-01-08 13:03:00,31,74.94,25.62,43.52,3.03,3.08,1,0,239,Normal,0.0,0
2025-03-06 07:15:00,39,51.35,52.54,46.04,3.16,1.57,1,0,184,Normal,0.0,0
2025-02-01 14:42:00,30,76.61,36.98,45.5,4.79,4.77,0,0,355,Normal,0.0,0
2025-02-19 21:10:00,22,70.34,41.28,79.46,1.17,1.99,1,0,49,Normal,0.0,0
2025-02-05 18:07:00,15,75.62,21.53,76.42,2.0,4.94,2,0,214,Pressure Drop,0.0,1
2025-03-09 19:13:00,7,68.5,53.99,63.59,3.91,2.44,2,0,493,Overheating,0.0,1
2025-01-20 08:14:00,12,65.24,61.73,77.71,3.13,4.3,1,0,346,Normal,0.0,0
2025-01-28 18:45:00,27,62.64,54.37,76.27,1.83,3.31,1,0,428,Normal,0.0,0
2025-01-27 21:07:00,20,68.35,54.87,46.7,1.67,1.93,1,0,301,Normal,0.0,0
2025-01-18 17:27:00,30,92.71,48.75,38.44,2.05,2.81,1,1,7,Normal,1.0,1
2025-03-06 06:27:00,44,86.07,50.61,75.65,4.84,1.48,1,0,353,Normal,0.0,0
2025-02-20 12:59:00,26,100.32,53.22,47.42,4.56,4.71,0,1,7,Normal,1.0,1
2025-03-09 08:17:00,35,80.86,40.89,60.97,2.42,1.58,1,0,237,Normal,0.0,0
2025-02-06 07:51:00,44,77.81,51.0,60.61,2.18,4.07,1,0,327,Normal,0.0,0
2025-02-19 21:14:00,23,87.24,27.25,64.89,4.63,3.22,1,0,481,Normal,0.0,0
2025-02-27 20:11:00,7,82.46,54.04,69.85,3.08,2.28,1,0,489,Normal,0.0,0
2025-01-16 10:45:00,7,47.38,70.14,36.33,2.66,3.83,1,0,122,Normal,0.0,0
2025-01-05 17:05:00,47,76.02,30.84,63.13,3.1,3.53,1,0,357,Normal,0.0,0
2025-02-27 04:44:00,49,69.44,33.4,40.66,1.75,3.04,1,0,324,Normal,0.0,0
2025-01-12 03:06:00,11,74.48,44.49,76.24,4.6,4.98,1,0,481,Normal,0.0,0
2025-03-06 14:09:00,9,69.8,45.73,35.42,3.28,3.13,1,0,388,Normal,0.0,0
2025-02-02 09:32:00,20,66.34,42.98,43.49,2.84,1.16,1,0,176,Normal,0.0,0
2025-01-28 07:25:00,6,79.04,63.81,64.55,2.77,4.14,1,0,112,Normal,0.0,0
2025-02-24 18:59:00,23,102.45,63.39,32.06,2.78,0.92,1,1,16,Normal,1.0,1
2025-02-20 22:41:00,46,80.27,72.56,61.77,3.55,0.62,1,0,385,Normal,0.0,0
2025-02-04 17:01:00,35,73.65,33.31,62.84,2.76,3.63,0,0,49,Normal,0.0,0
2025-01-19 06:14:00,33,79.84,36.66,67.73,4.4,3.09,1,0,405,Normal,0.0,0
2025-03-01 23:12:00,19,68.36,22.95,59.91,1.77,1.45,1,0,141,Normal,0.0,0
2025-01-06 00:56:00,34,71.12,38.61,50.22,1.81,0.55,1,0,154,Normal,0.0,0
2025-01-23 18:28:00,10,79.29,26.17,67.47,3.78,1.64,1,0,77,Normal,0.0,0
2025-02-23 19:13:00,36,69.91,30.46,79.77,1.54,3.18,1,0,456,Normal,0.0,0
2025-03-01 17:26:00,23,68.01,46.78,74.83,2.34,3.02,0,0,491,Normal,0.0,0
2025-02-25 16:01:00,9,88.01,41.11,61.31,3.87,2.57,1,0,45,Normal,0.0,0
2025-02-03 23:48:00,14,59.24,57.11,55.56,2.01,1.88,1,0,288,Normal,0.0,0
2025-02-24 03:16:00,46,81.14,39.7,75.61,4.33,1.23,1,0,304,Normal,0.0,0
2025-02-06 08:15:00,49,82.63,42.9,42.85,2.09,1.4,1,0,485,Normal,0.0,0
2025-01-31 13:29:00,15,75.46,38.6,74.54,1.74,2.98,1,0,143,Normal,0.0,0
2025-03-01 00:09:00,23,73.1,43.84,37.44,4.35,1.68,1,0,202,Normal,0.0,0
2025-01-13 10:30:00,29,68.87,54.67,48.93,2.11,0.72,0,0,376,Normal,0.0,0
2025-02-02 05:39:00,14,83.87,40.08,42.59,3.0,3.35,1,0,470,Normal,0.0,0
2025-01-09 01:30:00,38,63.82,50.35,73.95,1.76,2.63,1,0,23,Normal,0.0,0
2025-01-21 05:04:00,9,92.6,45.31,65.8,1.75,3.79,1,1,43,Normal,1.0,1
2025-01-06 12:02:00,42,70.99,43.58,31.14,2.17,2.3,1,0,45,Normal,0.0,0
2025-02-23 22:22:00,3,78.11,38.09,37.69,1.93,3.3,1,0,393,Normal,0.0,0
2025-02-22 07:35:00,35,82.38,60.73,33.06,2.34,1.51,1,0,252,Normal,0.0,0
2025-02-03 05:40:00,43,57.46,53.98,57.36,2.91,2.93,0,0,232,Normal,0.0,0
2025-01-08 02:43:00,33,82.01,57.12,31.38,4.84,0.56,2,0,354,Vibration Issue,0.0,1
2025-01-05 00:00:00,40,84.01,61.6,69.01,3.95,2.7,1,0,23,Normal,0.0,0
2025-01-10 22:27:00,7,82.74,52.56,60.48,2.55,2.41,1,0,70,Normal,0.0,0
2025-01-31 10:12:00,35,64.26,51.3,75.79,4.85,1.16,1,0,371,Normal,0.0,0
2025-01-29 19:05:00,43,77.34,16.96,35.99,3.59,2.87,1,0,97,Normal,0.0,0
2025-01-08 03:50:00,11,69.87,84.63,40.7,3.0,3.53,1,1,20,Normal,1.0,1
2025-02-11 11:04:00,42,71.77,23.87,65.11,1.81,4.65,1,0,355,Normal,0.0,0
2025-02-16 14:09:00,9,74.43,64.92,74.77,4.73,4.22,1,0,298,Normal,0.0,0
2025-02-22 07:45:00,39,80.6,38.31,69.8,1.73,4.81,1,0,172,Normal,0.0,0
2025-02-19 04:10:00,20,64.65,54.38,36.78,4.98,1.36,1,0,417,Normal,0.0,0
2025-01-06 06:36:00,40,83.79,64.81,55.03,3.72,4.8,0,0,241,Normal,0.0,0
2025-03-01 21:05:00,11,92.58,75.88,45.19,2.05,4.61,2,1,4,Overheating,1.0,1
2025-01-31 09:39:00,24,68.22,45.81,30.18,3.51,0.52,1,0,166,Normal,0.0,0
2025-02-22 16:43:00,28,87.7,63.4,63.82,4.61,4.25,1,0,240,Normal,0.0,0
2025-02-26 09:43:00,35,77.94,46.19,71.5,2.72,0.58,1,0,398,Normal,0.0,0
2025-02-02 10:42:00,42,78.77,45.74,73.67,3.01,2.84,1,0,164,Normal,0.0,0
2025-02-04 07:21:00,32,78.4,59.17,41.83,2.03,3.9,1,0,458,Normal,0.0,0
2025-03-03 21:48:00,6,71.78,54.52,43.19,4.28,0.97,1,0,322,Normal,0.0,0
2025-02-24 01:13:00,25,73.87,52.09,48.66,4.25,1.39,1,0,467,Normal,0.0,0
2025-01-22 18:24:00,11,71.49,77.59,69.79,3.06,1.67,1,0,190,Normal,0.0,0
2025-01-01 14:47:00,4,78.33,46.09,74.83,1.49,3.77,1,0,304,Normal,0.0,0
2025-02-15 22:59:00,13,71.44,50.63,35.38,2.62,3.93,1,0,218,Normal,0.0,0
2025-01-22 23:27:00,5,48.87,43.77,34.23,3.37,3.12,0,0,25,Normal,0.0,0
2025-01-17 23:37:00,39,72.47,54.04,34.46,2.25,3.86,1,0,91,Normal,0.0,0
2025-01-31 03:30:00,5,77.19,62.26,59.92,3.88,3.66,1,0,393,Normal,0.0,0
2025-02-22 22:42:00,19,75.54,66.73,40.2,1.02,3.43,1,0,235,Normal,0.0,0
2025-02-12 21:18:00,38,65.71,47.68,34.93,1.87,2.53,1,0,80,Normal,0.0,0
2025-03-05 17:30:00,21,75.06,40.02,77.69,4.21,2.46,1,0,477,Normal,0.0,0
2025-03-01 15:26:00,6,62.29,47.87,50.6,4.36,4.8,1,0,497,Normal,0.0,0
2025-02-28 14:03:00,22,76.02,36.78,47.39,1.09,1.26,1,0,31,Normal,0.0,0
2025-01-28 04:29:00,16,76.8,56.08,67.89,1.82,2.53,1,0,229,Normal,0.0,0
2025-03-04 03:25:00,14,101.53,42.35,77.25,1.06,4.61,1,1,30,Normal,1.0,1
2025-01-25 17:12:00,4,66.97,41.78,62.5,3.01,4.81,0,0,46,Normal,0.0,0
2025-02-14 19:58:00,30,65.87,52.85,38.63,3.57,3.54,1,0,302,Normal,0.0,0
2025-01-11 22:16:00,47,72.88,30.55,53.32,1.01,4.58,1,0,338,Normal,0.0,0
2025-03-06 07:01:00,21,86.74,29.0,34.53,2.31,1.0,0,0,136,Normal,0.0,0
2025-01-19 20:50:00,48,83.91,40.5,34.67,2.98,3.83,1,0,171,Normal,0.0,0
2025-02-17 17:21:00,25,66.68,84.18,65.04,4.74,1.85,1,1,47,Normal,1.0,1
2025-03-01 22:51:00,49,88.54,50.43,30.63,4.87,4.61,1,0,118,Normal,0.0,0
2025-03-09 08:07:00,16,92.05,79.25,61.09,1.89,3.15,1,1,7,Normal,1.0,1
2025-02-24 01:10:00,20,74.51,53.61,42.55,2.5,4.56,1,0,131,Normal,0.0,0
2025-02-03 04:42:00,10,60.94,35.92,51.16,3.49,2.45,1,0,380,Normal,0.0,0
2025-01-28 12:48:00,28,102.4,68.78,58.36,2.07,1.96,2,1,38,Overheating,1.0,1
2025-01-10 17:07:00,13,69.73,54.4,72.85,3.68,2.95,1,0,492,Normal,0.0,0
2025-01-01 15:06:00,6,79.95,36.95,71.55,3.55,3.16,2,0,94,Electrical Fault,0.0,1
2025-01-05 01:36:00,25,74.69,55.4,58.84,4.19,0.54,0,0,203,Normal,0.0,0
2025-01-19 03:54:00,13,77.26,38.08,56.04,4.73,2.37,1,0,18,Normal,0.0,1
2025-01-16 20:28:00,8,73.94,62.98,52.06,4.29,2.27,1,0,328,Normal,0.0,0
2025-02-01 09:02:00,31,72.36,49.83,32.52,2.18,0.65,1,0,421,Normal,0.0,0
2025-02-03 18:14:00,10,73.39,66.47,33.3,4.16,3.15,1,0,246,Normal,0.0,0
2025-02-23 13:07:00,14,66.19,54.58,31.25,1.7,2.84,2,0,153,Normal,0.0,1
2025-01-21 02:37:00,22,69.14,44.52,56.58,4.8,4.95,1,0,13,Normal,0.0,1
2025-01-28 09:24:00,33,68.09,36.97,59.67,3.09,2.38,1,0,329,Normal,0.0,0
2025-02-01 19:20:00,32,75.03,48.36,45.12,4.74,1.51,0,0,306,Normal,0.0,0
2025-02-11 01:04:00,49,75.74,44.07,43.27,4.42,1.22,1,0,107,Normal,0.0,0
2025-01-20 23:38:00,39,84.54,42.61,44.29,1.23,0.75,0,0,84,Normal,0.0,0
2025-03-04 16:18:00,39,90.22,74.12,32.82,3.83,0.5,1,1,24,Normal,1.0,1
2025-03-04 05:10:00,30,75.54,41.5,38.73,3.5,2.41,0,0,313,Normal,0.0,0
2025-03-05 18:24:00,44,60.39,52.98,48.54,4.09,2.36,0,0,349,Normal,0.0,0
2025-02-21 16:59:00,32,72.56,68.03,31.51,3.72,2.68,1,0,359,Normal,0.0,0
2025-02-05 15:22:00,34,58.02,35.76,44.9,1.62,4.11,2,0,101,Overheating,0.0,1
2025-02-20 13:58:00,35,72.86,58.71,38.94,3.04,1.86,0,0,358,Normal,0.0,0
2025-02-01 08:32:00,22,85.91,29.84,51.19,1.14,2.95,1,0,73,Normal,0.0,0
2025-02-05 21:52:00,33,74.5,60.35,41.56,1.34,0.78,0,0,456,Normal,0.0,0
2025-01-16 02:52:00,33,69.85,60.98,71.08,4.99,4.14,1,0,323,Normal,0.0,0
2025-02-28 06:39:00,6,54.09,65.55,77.16,2.3,2.95,1,0,366,Normal,0.0,0
2025-01-23 01:24:00,1,91.78,50.06,75.38,1.84,2.46,1,1,18,Normal,1.0,1
2025-01-06 18:57:00,21,83.43,52.1,37.46,3.91,3.13,1,0,482,Normal,0.0,0
2025-03-03 06:21:00,19,86.04,37.62,37.73,2.16,1.54,1,0,417,Normal,0.0,0
2025-02-13 02:23:00,31,77.1,47.4,34.77,1.53,1.88,1,0,353,Normal,0.0,0
2025-03-10 14:13:00,42,84.93,88.75,75.65,2.97,4.68,2,1,20,Pressure Drop,1.0,1
2025-03-05 03:22:00,41,74.49,20.13,64.94,3.53,2.59,2,0,163,Vibration Issue,0.0,1
2025-01-27 23:19:00,30,82.34,55.69,34.8,1.49,1.49,1,0,341,Normal,0.0,0
2025-02-02 21:45:00,17,65.09,64.68,61.43,4.55,4.68,0,0,118,Normal,0.0,0
2025-02-02 04:03:00,49,72.52,28.91,60.77,2.54,2.25,1,0,103,Normal,0.0,0
2025-01-22 09:50:00,28,66.87,50.9,54.14,3.56,4.87,1,0,354,Normal,0.0,0
2025-01-06 05:17:00,23,75.63,54.77,37.5,3.14,2.46,1,0,321,Normal,0.0,0
2025-02-26 17:42:00,42,70.6,54.76,48.91,3.26,1.83,1,0,139,Normal,0.0,0
2025-01-20 11:38:00,23,55.91,38.74,38.64,4.66,4.51,1,0,205,Normal,0.0,0
2025-01-25 07:19:00,13,80.28,33.98,69.16,3.41,1.58,1,0,235,Normal,0.0,0
2025-03-09 02:15:00,31,64.45,31.99,49.84,1.15,2.59,1,0,221,Normal,0.0,0
2025-03-07 00:03:00,14,76.86,54.28,38.13,2.5,2.05,1,0,102,Normal,0.0,0
2025-02-03 02:57:00,42,81.17,41.82,43.09,4.67,2.73,1,0,446,Normal,0.0,0
2025-01-11 06:49:00,11,66.66,59.43,74.57,4.44,4.07,1,0,368,Normal,0.0,0
2025-01-16 19:07:00,4,75.04,41.96,62.89,1.31,1.27,1,0,333,Normal,0.0,0
2025-01-22 16:11:00,14,73.75,35.28,30.59,1.08,1.02,1,0,460,Normal,0.0,0
2025-02-05 16:46:00,5,67.32,78.48,53.19,3.01,2.91,2,0,335,Electrical Fault,0.0,1
2025-02-26 03:43:00,36,66.44,57.51,71.87,4.62,3.84,1,0,79,Normal,0.0,0
2025-02-11 01:26:00,43,95.02,67.68,67.34,3.4,1.73,1,1,11,Normal,1.0,1
2025-01-30 11:26:00,9,78.92,59.53,61.34,3.85,1.45,2,0,72,Normal,0.0,1
2025-01-18 00:29:00,9,88.92,65.42,34.28,3.74,3.34,2,0,444,Normal,0.0,1
2025-02-15 22:54:00,28,90.96,74.21,30.14,1.85,3.64,1,1,33,Normal,1.0,1
2025-02-27 08:16:00,16,83.2,53.67,74.25,1.15,1.83,1,0,211,Normal,0.0,0
2025-01-10 18:11:00,1,57.52,44.86,55.09,1.79,2.57,1,0,291,Normal,0.0,0
2025-01-16 13:21:00,30,80.67,19.92,65.57,4.19,2.76,1,0,403,Normal,0.0,0
2025-01-30 15:01:00,2,93.33,39.89,47.63,1.76,0.77,1,1,16,Normal,1.0,1
2025-02-17 10:45:00,13,63.29,41.05,30.67,3.53,4.05,1,0,31,Normal,0.0,0
2025-01-17 05:11:00,22,60.63,42.51,45.92,1.98,4.0,1,0,244,Normal,0.0,0
2025-02-15 01:21:00,20,76.6,43.35,61.37,2.25,1.04,1,0,135,Normal,0.0,0
2025-02-04 23:02:00,42,68.48,53.04,62.53,1.13,4.27,1,0,319,Normal,0.0,0
2025-02-07 12:57:00,9,78.29,59.64,52.82,3.48,1.41,1,0,499,Normal,0.0,0
2025-01-12 08:24:00,49,59.68,48.73,53.86,3.21,1.68,1,0,137,Normal,0.0,0
2025-03-06 14:20:00,10,95.49,69.05,35.39,1.15,3.72,0,1,30,Normal,1.0,1
2025-01-06 01:56:00,5,86.02,49.44,79.17,1.3,2.67,1,0,178,Normal,0.0,0
2025-01-08 15:05:00,30,86.05,55.79,75.85,2.03,3.8,1,0,392,Normal,0.0,0
2025-02-02 23:26:00,26,79.51,30.93,48.09,2.04,1.67,1,0,262,Normal,0.0,0
2025-01-31 20:44:00,14,71.41,65.79,54.71,1.49,4.65,1,0,209,Normal,0.0,0
2025-03-04 20:58:00,26,66.77,58.19,72.03,4.17,3.88,1,0,443,Normal,0.0,0
2025-03-04 05:31:00,16,82.76,45.31,57.23,4.42,1.75,1,0,286,Normal,0.0,0
2025-01-08 12:00:00,39,83.03,38.03,70.43,1.71,0.61,1,0,460,Normal,0.0,0
2025-03-07 09:05:00,42,68.59,32.78,70.69,2.39,1.61,1,0,305,Normal,0.0,0
2025-02-02 13:09:00,35,59.59,26.43,31.39,1.13,0.58,1,0,444,Normal,0.0,0
2025-01-28 10:31:00,6,67.03,20.99,46.27,1.39,4.37,1,0,424,Normal,0.0,0
2025-02-22 01:26:00,4,84.01,52.86,79.72,2.07,4.87,1,0,165,Normal,0.0,0
2025-01-27 19:16:00,47,72.06,43.24,70.0,2.76,1.92,1,0,288,Normal,0.0,0
2025-02-12 18:45:00,35,80.3,32.35,40.67,3.05,1.69,1,0,311,Normal,0.0,0
2025-01-12 14:39:00,23,75.41,30.87,78.33,1.27,2.13,1,0,262,Normal,0.0,0
2025-02-02 21:03:00,12,71.13,65.78,56.82,4.52,4.25,1,0,35,Normal,0.0,0
2025-01-10 19:33:00,10,76.8,43.58,34.45,3.08,2.27,1,0,368,Normal,0.0,0
2025-02-17 14:26:00,20,55.69,43.63,47.34,3.44,4.03,1,0,137,Normal,0.0,0
2025-01-27 09:50:00,45,68.23,57.32,62.63,2.82,2.86,1,0,175,Normal,0.0,0
2025-02-09 03:08:00,2,65.47,61.37,63.82,1.93,4.64,1,0,208,Normal,0.0,0
2025-02-08 21:55:00,1,98.18,49.04,66.51,4.61,1.78,1,1,1,Normal,1.0,1
2025-01-02 10:20:00,7,59.83,37.68,44.85,3.75,0.73,1,0,242,Normal,0.0,0
2025-03-06 11:39:00,50,59.6,55.14,35.71,1.61,2.09,1,0,65,Normal,0.0,0
2025-03-06 15:43:00,35,71.89,80.16,77.85,1.06,3.02,1,1,3,Normal,1.0,1
2025-02-22 17:34:00,6,65.46,25.24,66.82,4.05,4.69,1,0,411,Normal,0.0,0
2025-03-04 21:23:00,29,74.07,61.42,45.16,1.12,2.14,1,0,205,Normal,0.0,0
2025-02-09 20:58:00,15,68.96,72.99,40.51,3.24,4.19,2,0,388,Vibration Issue,0.0,1
2025-03-07 20:28:00,29,73.35,68.06,52.24,3.98,1.74,1,0,220,Normal,0.0,0
2025-01-21 12:30:00,50,74.21,28.68,74.23,1.88,4.76,2,0,169,Overheating,0.0,1
2025-01-23 11:41:00,45,67.05,47.15,46.68,2.95,3.92,1,0,189,Normal,0.0,0
2025-03-06 23:13:00,30,68.25,77.25,46.48,3.58,2.48,2,0,140,Normal,0.0,1
2025-01-30 08:23:00,10,77.5,32.31,77.58,4.95,3.79,0,0,490,Normal,0.0,0
2025-01-08 15:29:00,2,80.99,29.31,66.53,1.13,4.2,1,0,242,Normal,0.0,0
2025-03-08 08:30:00,9,90.3,53.38,32.16,4.91,4.61,2,1,27,Electrical Fault,1.0,1
2025-01-10 22:52:00,35,84.24,64.31,43.44,4.36,4.06,1,0,275,Normal,0.0,0
2025-02-07 22:23:00,44,78.69,63.76,31.5,3.93,1.39,1,0,243,Normal,0.0,0
2025-01-15 18:55:00,42,73.12,52.58,74.23,4.98,1.6,1,0,434,Normal,0.0,0
2025-02-27 20:17:00,15,69.2,50.01,41.94,3.47,3.04,1,0,377,Normal,0.0,0
2025-02-23 06:44:00,34,74.84,61.61,72.46,1.69,4.92,1,0,279,Normal,0.0,0
2025-01-19 00:58:00,4,83.96,47.95,37.71,1.72,4.6,1,0,80,Normal,0.0,0
2025-03-08 00:31:00,38,84.09,39.22,45.77,2.92,3.21,1,0,416,Normal,0.0,0
2025-01-21 14:32:00,35,65.26,38.44,54.63,2.96,4.93,1,0,217,Normal,0.0,0
2025-01-12 22:33:00,22,76.33,46.05,36.6,4.42,4.01,1,0,51,Normal,0.0,0
2025-01-20 04:39:00,15,69.85,58.75,34.38,2.05,2.41,1,0,403,Normal,0.0,0
2025-02-08 04:19:00,22,65.28,37.7,51.85,2.49,1.0,1,0,85,Normal,0.0,0
2025-01-09 06:00:00,18,68.45,36.06,34.61,3.53,4.88,1,0,97,Normal,0.0,0
2025-01-03 11:03:00,26,70.92,43.87,47.79,1.05,3.29,0,0,97,Normal,0.0,0
2025-02-06 23:27:00,22,86.85,49.97,59.78,1.49,3.14,1,0,417,Normal,0.0,0
2025-02-15 01:42:00,42,77.05,63.46,70.35,3.71,4.12,1,0,94,Normal,0.0,0
2025-03-04 02:13:00,8,69.82,54.01,59.08,2.46,4.69,0,0,233,Normal,0.0,0
2025-01-23 09:24:00,47,81.44,29.89,63.91,1.63,3.22,1,0,357,Normal,0.0,0
2025-01-20 04:57:00,48,64.88,58.25,35.73,3.92,1.03,2,0,165,Vibration Issue,0.0,1
2025-01-16 07:42:00,37,83.6,73.54,72.79,2.62,3.24,1,0,482,Normal,0.0,0
2025-01-20 22:06:00,47,77.5,24.46,73.09,1.5,1.62,2,0,229,Vibration Issue,0.0,1
2025-03-10 07:36:00,35,77.43,74.71,30.02,2.71,4.28,1,0,157,Normal,0.0,0
2025-02-07 01:36:00,30,92.76,32.56,76.83,2.65,2.6,1,1,5,Normal,1.0,1
2025-01-25 00:44:00,18,63.05,54.6,62.53,1.24,4.89,1,0,126,Normal,0.0,0
2025-01-04 03:05:00,27,89.38,50.53,60.64,4.53,4.95,1,0,462,Normal,0.0,0
2025-01-28 15:27:00,48,82.8,37.97,44.01,4.75,1.48,1,0,371,Normal,0.0,0
2025-01-10 14:09:00,42,58.98,40.82,46.06,3.63,1.58,1,0,285,Normal,0.0,0
2025-02-10 08:39:00,23,77.13,52.01,62.64,3.41,2.38,1,0,175,Normal,0.0,0
2025-03-07 17:36:00,17,92.74,77.69,64.28,1.02,1.93,1,1,7,Normal,1.0,1
2025-02-11 06:52:00,26,72.23,52.26,33.81,4.22,3.36,1,0,385,Normal,0.0,0
2025-01-14 13:43:00,20,60.89,55.34,37.39,3.03,2.04,1,0,431,Normal,0.0,0
2025-02-02 18:05:00,10,79.95,76.27,66.78,3.67,4.31,1,0,244,Normal,0.0,0
2025-03-04 14:35:00,25,88.24,38.13,75.4,1.66,0.82,1,0,492,Normal,0.0,0
2025-01-05 11:22:00,32,85.33,32.21,69.04,4.67,3.25,1,0,421,Normal,0.0,0
2025-01-25 03:49:00,49,55.0,23.28,33.77,3.55,2.15,0,0,245,Normal,0.0,0
2025-01-24 21:59:00,1,39.85,66.75,53.36,1.33,4.61,1,0,109,Normal,0.0,0
2025-02-27 11:20:00,27,69.28,43.44,35.39,3.07,1.84,1,0,91,Normal,0.0,0
2025-02-23 20:28:00,35,79.78,56.66,61.51,2.35,4.06,0,0,338,Normal,0.0,0
2025-01-19 03:26:00,38,67.31,76.07,53.74,1.56,1.2,1,0,169,Normal,0.0,0
2025-03-04 18:41:00,20,52.78,36.27,48.71,3.08,2.16,1,0,168,Normal,0.0,0
2025-02-05 01:07:00,29,64.19,54.24,45.09,1.64,2.2,2,0,59,Normal,0.0,1
2025-01-01 21:41:00,29,71.15,55.4,65.37,1.3,0.52,1,0,391,Normal,0.0,0
2025-02-20 00:23:00,34,94.36,77.66,48.29,3.29,0.83,1,1,28,Normal,1.0,1
2025-02-04 10:24:00,26,69.02,66.4,49.13,1.81,3.89,1,0,133,Normal,0.0,0
2025-02-17 03:44:00,16,65.47,48.1,52.63,2.93,0.59,1,0,294,Normal,0.0,0
2025-02-03 13:08:00,31,60.89,66.71,35.19,2.67,4.44,0,0,499,Normal,0.0,0
2025-02-16 14:39:00,11,67.54,34.44,30.55,4.01,2.26,1,0,476,Normal,0.0,0
2025-01-28 22:16:00,21,69.94,53.18,79.88,3.69,3.09,1,0,242,Normal,0.0,0
2025-02-07 17:59:00,19,75.95,71.24,79.5,1.97,2.75,0,0,16,Normal,0.0,1
2025-01-11 20:09:00,8,81.29,46.7,60.81,2.68,1.12,1,0,239,Normal,0.0,0
2025-01-02 07:31:00,15,61.58,41.35,53.7,2.9,4.77,2,0,452,Vibration Issue,0.0,1
2025-03-08 20:00:00,21,70.18,56.82,68.69,4.04,1.16,1,0,375,Normal,0.0,0
2025-01-05 19:32:00,1,84.62,71.9,68.84,4.81,4.47,1,0,471,Normal,0.0,0
2025-03-08 16:38:00,4,100.22,54.98,42.33,1.81,1.49,1,1,33,Normal,1.0,1
2025-02-04 03:54:00,46,69.66,51.51,61.21,2.04,1.1,1,0,328,Normal,0.0,0
2025-02-21 16:26:00,31,82.2,49.69,56.11,1.17,3.6,1,0,152,Normal,0.0,0
2025-01-02 02:08:00,30,75.13,50.39,59.98,4.24,2.08,1,0,150,Normal,0.0,0
2025-03-05 03:23:00,28,74.69,54.08,47.85,2.26,3.78,1,0,163,Normal,0.0,0
2025-01-14 23:43:00,31,81.62,45.35,68.73,3.91,1.24,1,0,86,Normal,0.0,0
2025-01-05 22:49:00,19,66.65,66.78,43.1,3.73,2.1,1,0,303,Normal,0.0,0
2025-01-19 07:59:00,42,69.98,53.72,36.9,1.27,3.88,1,0,422,Normal,0.0,0
2025-02-25 08:11:00,38,84.62,35.38,79.37,3.86,1.92,1,0,465,Normal,0.0,0
2025-03-03 16:17:00,36,89.92,45.29,59.35,2.01,3.06,0,0,271,Normal,0.0,0
2025-01-06 14:05:00,8,77.59,47.52,78.85,2.68,3.1,2,0,161,Vibration Issue,0.0,1
2025-02-05 07:17:00,29,76.25,33.33,38.14,3.73,3.32,1,0,421,Normal,0.0,0
2025-01-20 19:01:00,7,67.78,32.68,34.8,3.97,2.09,1,0,298,Normal,0.0,0
2025-01-31 06:01:00,33,72.26,75.72,42.07,1.13,1.18,1,0,36,Normal,0.0,0
2025-03-08 07:56:00,13,61.44,49.85,53.62,1.34,4.25,0,0,70,Normal,0.0,0
2025-01-15 16:12:00,21,54.36,49.4,79.4,4.75,4.04,1,0,211,Normal,0.0,0
2025-02-17 13:35:00,41,79.84,69.04,72.49,4.24,4.28,1,0,156,Normal,0.0,0
2025-03-01 16:53:00,3,48.11,60.48,38.43,1.64,4.26,1,0,400,Normal,0.0,0
2025-01-24 20:53:00,28,70.38,59.3,63.11,2.19,2.94,1,0,413,Normal,0.0,0
2025-02-11 10:04:00,24,87.47,30.95,79.99,3.52,2.75,1,0,462,Normal,0.0,0
2025-01-01 18:56:00,40,100.72,76.36,50.65,1.3,2.96,1,1,48,Normal,1.0,1
2025-02-18 18:36:00,16,71.98,43.01,49.6,4.81,0.71,1,0,258,Normal,0.0,0
2025-01-27 11:54:00,30,90.53,15.41,38.93,1.82,1.46,1,1,7,Normal,1.0,1
2025-02-14 22:28:00,22,80.09,47.39,59.03,1.26,3.81,2,0,98,Normal,0.0,1
2025-02-20 04:03:00,19,85.14,66.5,62.58,3.85,2.55,1,0,209,Normal,0.0,0
2025-02-22 23:16:00,24,83.55,6.67,72.98,4.54,0.61,1,0,438,Normal,0.0,0
2025-02-07 20:03:00,39,51.99,52.75,77.52,3.47,2.46,1,0,205,Normal,0.0,0
2025-01-17 16:16:00,18,65.93,39.57,50.09,2.88,1.31,0,0,58,Normal,0.0,0
2025-03-07 15:28:00,27,81.9,99.93,40.54,3.81,0.63,1,1,46,Normal,1.0,1
2025-03-07 10:41:00,13,86.84,50.33,44.3,2.11,1.96,1,0,58,Normal,0.0,0
2025-03-10 12:15:00,14,82.15,52.29,32.71,3.55,4.26,0,0,349,Normal,0.0,0
2025-02-20 01:07:00,38,68.85,61.31,38.14,4.26,2.97,1,0,175,Normal,0.0,0
2025-01-23 08:40:00,12,78.44,23.89,65.66,2.24,2.45,1,0,347,Normal,0.0,0
2025-01-08 23:58:00,47,71.65,41.12,72.64,4.63,3.43,1,0,101,Normal,0.0,0
2025-02-07 14:37:00,16,66.85,27.84,34.12,1.36,1.74,1,0,51,Normal,0.0,0
2025-01-10 14:51:00,26,82.22,58.25,61.38,2.59,3.0,1,0,417,Normal,0.0,0
2025-01-11 09:01:00,21,85.04,38.96,39.18,1.84,4.02,1,0,193,Normal,0.0,0
2025-01-08 00:48:00,15,70.98,24.93,71.56,1.28,2.34,1,0,345,Normal,0.0,0
2025-01-09 07:01:00,2,67.84,34.93,75.72,4.14,0.87,0,0,239,Normal,0.0,0
2025-01-24 01:40:00,37,92.91,61.31,67.78,1.21,2.89,1,1,16,Normal,1.0,1
2025-01-31 09:03:00,32,73.85,56.26,48.93,1.7,1.7,1,0,494,Normal,0.0,0
2025-01-15 19:34:00,29,69.49,37.03,58.57,4.09,0.62,1,0,315,Normal,0.0,0
2025-01-14 00:18:00,1,69.01,43.18,59.32,1.53,4.79,2,0,232,Overheating,0.0,1
2025-02-26 00:50:00,38,72.64,60.37,33.59,2.42,0.57,1,0,465,Normal,0.0,0
2025-01-27 02:37:00,41,71.75,33.94,50.72,3.8,1.79,1,0,41,Normal,0.0,0
2025-01-14 21:09:00,44,57.12,54.4,54.3,1.89,3.27,1,0,87,Normal,0.0,0
2025-02-21 01:20:00,21,76.12,66.32,58.83,3.9,4.29,2,0,476,Overheating,0.0,1
2025-02-16 07:46:00,47,75.93,54.66,63.11,1.12,1.84,1,0,311,Normal,0.0,0
2025-01-09 01:22:00,21,65.64,46.37,38.42,1.47,0.95,1,0,83,Normal,0.0,0
2025-02-12 11:53:00,6,53.96,25.78,64.33,4.19,2.19,1,0,414,Normal,0.0,0
2025-01-08 16:42:00,37,75.84,54.35,77.24,3.11,0.61,1,0,499,Normal,0.0,0
2025-01-03 00:48:00,30,80.36,64.25,64.91,1.36,3.08,1,0,232,Normal,0.0,0
2025-02-18 07:24:00,1,80.87,52.94,76.63,3.57,4.73,2,0,349,Pressure Drop,0.0,1
2025-02-21 10:51:00,12,64.82,47.59,46.6,2.17,4.68,1,0,278,Normal,0.0,0
2025-03-07 20:49:00,26,82.3,72.98,37.53,3.01,3.23,1,0,29,Normal,0.0,0
2025-01-08 11:22:00,30,76.04,40.85,52.71,4.32,0.94,1,0,53,Normal,0.0,0
2025-01-08 21:50:00,37,79.63,45.92,51.71,2.47,0.51,1,0,336,Normal,0.0,0
2025-01-06 18:55:00,20,65.74,52.71,62.83,2.1,4.95,1,0,79,Normal,0.0,0
2025-03-04 15:38:00,22,69.87,53.74,52.24,1.15,2.36,2,0,421,Normal,0.0,1
2025-02-01 18:38:00,40,63.1,45.34,77.26,3.07,3.73,1,0,112,Normal,0.0,0
2025-03-11 03:00:00,36,73.58,53.47,36.5,2.96,2.73,1,0,498,Normal,0.0,0
2025-01-04 15:00:00,1,80.36,59.86,65.39,4.91,4.9,1,0,442,Normal,0.0,0
2025-01-04 11:12:00,37,61.9,45.65,34.28,3.84,1.23,2,0,452,Pressure Drop,0.0,1
2025-02-05 21:54:00,31,74.76,44.28,73.65,2.76,2.3,1,0,378,Normal,0.0,0
2025-02-08 07:13:00,39,55.28,53.05,34.74,2.99,2.46,1,0,446,Normal,0.0,0
2025-01-13 13:50:00,36,103.91,17.36,35.45,3.04,0.74,1,1,46,Normal,1.0,1
2025-01-11 18:11:00,2,78.96,57.26,37.0,2.34,4.82,1,0,389,Normal,0.0,0
2025-02-24 08:13:00,4,67.86,63.31,51.76,2.21,4.88,0,0,140,Normal,0.0,0
2025-02-06 22:38:00,38,77.28,42.29,64.77,3.19,4.51,1,0,83,Normal,0.0,0
2025-03-08 22:26:00,18,71.16,58.77,60.03,1.36,3.43,1,0,235,Normal,0.0,0
2025-01-31 08:31:00,10,75.82,50.66,56.68,4.84,2.63,2,0,198,Normal,0.0,1
2025-02-06 13:07:00,26,63.49,75.58,37.49,2.46,1.0,1,0,16,Normal,0.0,1
2025-03-06 20:53:00,16,75.9,75.41,57.95,4.42,4.33,1,0,287,Normal,0.0,0
2025-01-18 04:33:00,20,70.86,48.16,41.96,4.35,0.65,1,0,298,Normal,0.0,0
2025-03-04 02:12:00,44,76.61,66.4,68.72,2.64,1.51,1,0,384,Normal,0.0,0
2025-03-04 12:52:00,2,70.15,25.08,47.48,3.23,3.75,0,0,59,Normal,0.0,0
2025-01-04 16:37:00,10,68.11,31.83,39.32,2.6,2.04,1,0,11,Normal,0.0,1
2025-02-10 22:09:00,4,83.79,61.61,54.43,4.34,2.67,1,0,76,Normal,0.0,0
2025-01-28 22:29:00,25,83.74,24.2,32.2,1.49,2.2,1,0,21,Normal,0.0,0
2025-03-06 02:55:00,5,79.13,47.37,59.72,3.55,1.44,2,0,148,Normal,0.0,1
2025-02-12 00:10:00,45,75.9,68.56,66.25,4.34,3.15,1,0,318,Normal,0.0,0
2025-02-20 01:36:00,3,80.05,63.52,64.57,1.5,3.61,2,0,442,Vibration Issue,0.0,1
2025-01-18 10:35:00,6,85.78,46.21,35.34,3.87,2.82,1,0,439,Normal,0.0,0
2025-02-08 15:41:00,6,53.7,31.56,71.87,2.37,3.45,1,0,245,Normal,0.0,0
2025-03-09 19:54:00,18,83.48,43.22,57.18,4.84,1.16,1,0,193,Normal,0.0,0
2025-03-03 02:54:00,32,66.55,53.17,46.73,3.52,2.4,0,0,152,Normal,0.0,0
2025-02-11 04:27:00,38,74.77,77.44,67.56,1.13,4.67,1,0,388,Normal,0.0,0
2025-01-26 04:52:00,37,80.19,51.2,70.05,2.45,3.93,1,0,249,Normal,0.0,0
2025-02-09 00:51:00,26,89.58,45.12,61.27,2.96,3.91,1,0,320,Normal,0.0,0
2025-02-18 10:13:00,21,80.38,44.32,59.37,1.02,0.55,1,0,406,Normal,0.0,0
2025-01-11 02:33:00,9,83.5,60.68,39.51,2.6,4.23,1,0,320,Normal,0.0,0
2025-01-31 11:01:00,48,88.07,30.2,71.32,3.91,4.95,1,0,185,Normal,0.0,0
2025-01-16 07:59:00,10,75.19,46.72,33.29,1.99,2.16,1,0,274,Normal,0.0,0
2025-02-18 22:23:00,8,74.65,44.26,54.97,1.2,3.25,2,0,279,Overheating,0.0,1
2025-03-01 23:22:00,44,80.75,47.66,30.89,4.09,3.14,1,0,224,Normal,0.0,0
2025-01-30 02:26:00,43,68.56,51.12,42.09,2.5,4.73,1,0,328,Normal,0.0,0
2025-01-03 10:26:00,41,87.84,62.1,59.72,4.11,0.88,1,0,400,Normal,0.0,0
2025-02-07 13:52:00,15,81.88,37.6,73.79,3.7,4.84,1,0,79,Normal,0.0,0
2025-02-21 10:25:00,18,65.56,77.5,58.73,3.46,0.92,1,0,235,Normal,0.0,0
2025-01-24 01:03:00,11,96.36,66.5,33.34,4.24,3.43,1,1,46,Normal,1.0,1
2025-01-27 11:14:00,33,74.59,52.88,30.61,1.36,1.06,2,0,93,Pressure Drop,0.0,1
2025-02-21 11:55:00,44,71.16,26.85,32.41,2.09,2.32,1,0,336,Normal,0.0,0
2025-01-03 15:49:00,8,65.5,39.8,39.13,3.13,3.72,1,0,74,Normal,0.0,0
2025-01-04 07:10:00,43,63.56,34.33,54.5,3.34,4.29,1,0,271,Normal,0.0,0
2025-02-15 21:04:00,17,79.07,43.83,43.84,4.71,0.52,1,0,352,Normal,0.0,0
2025-01-05 16:38:00,5,105.75,57.16,69.05,1.95,1.39,1,1,28,Normal,1.0,1
2025-01-21 15:08:00,42,77.58,24.63,44.24,2.39,0.57,1,0,164,Normal,0.0,0
2025-01-22 20:33:00,21,80.2,54.32,37.93,3.28,1.32,1,0,67,Normal,0.0,0
2025-02-17 08:27:00,18,76.24,48.84,45.46,4.49,2.8,1,0,190,Normal,0.0,0
2025-01-10 11:59:00,29,65.25,44.2,62.8,1.1,4.91,1,0,359,Normal,0.0,0
2025-02-27 12:37:00,10,74.54,41.46,31.72,1.52,4.91,1,0,241,Normal,0.0,0
2025-02-19 03:08:00,14,73.3,33.93,54.99,1.92,4.84,2,0,481,Vibration Issue,0.0,1
2025-01-24 22:53:00,12,64.04,79.17,48.0,3.7,3.56,2,0,402,Vibration Issue,0.0,1
2025-02-04 16:06:00,13,68.97,54.65,67.53,2.81,3.79,1,0,94,Normal,0.0,0
2025-03-08 02:08:00,34,77.06,53.09,63.94,1.84,3.25,1,0,67,Normal,0.0,0
2025-02-18 18:44:00,20,74.61,72.51,61.41,4.75,0.56,0,0,423,Normal,0.0,0
2025-02-14 02:08:00,45,59.08,47.53,49.01,2.41,3.18,1,0,415,Normal,0.0,0
2025-02-03 15:11:00,29,89.86,59.32,46.54,1.82,4.54,1,0,43,Normal,0.0,0
2025-01-19 04:35:00,30,71.53,43.59,58.03,3.97,3.64,1,0,463,Normal,0.0,0
2025-01-14 08:36:00,39,75.29,41.26,30.44,1.86,3.36,1,0,211,Normal,0.0,0
2025-03-08 14:18:00,36,75.49,40.94,71.12,2.38,1.77,1,0,407,Normal,0.0,0
2025-02-25 06:14:00,7,80.51,26.2,39.07,2.27,3.54,1,0,111,Normal,0.0,0
2025-02-28 00:57:00,44,76.97,47.2,69.17,4.51,4.95,1,0,150,Normal,0.0,0
2025-02-04 00:24:00,2,76.42,69.13,73.11,3.2,4.65,1,0,431,Normal,0.0,0
2025-01-31 00:56:00,34,58.96,35.98,70.72,3.6,0.8,1,0,235,Normal,0.0,0
2025-02-04 00:26:00,25,72.47,49.91,70.12,2.78,1.88,1,0,161,Normal,0.0,0
2025-01-17 04:59:00,26,87.02,52.47,34.48,1.43,2.05,1,0,461,Normal,0.0,0
2025-02-02 13:05:00,43,58.08,60.57,55.49,4.71,2.64,1,0,243,Normal,0.0,0
2025-02-01 22:32:00,4,76.07,21.73,73.88,1.24,1.17,1,0,31,Normal,0.0,0
2025-01-12 07:37:00,41,71.08,52.58,75.24,1.87,3.29,1,0,257,Normal,0.0,0
2025-02-08 23:49:00,50,89.6,79.64,64.61,2.74,1.08,1,0,269,Normal,0.0,0
2025-02-14 11:54:00,43,79.0,44.09,31.02,3.45,0.63,2,0,55,Overheating,0.0,1
2025-01-21 18:44:00,22,67.62,68.17,54.96,2.63,2.39,1,0,109,Normal,0.0,0
2025-02-06 14:03:00,31,74.99,22.16,64.82,4.63,1.84,2,0,270,Overheating,0.0,1
2025-02-07 00:29:00,12,76.36,35.76,65.14,2.82,1.92,1,0,263,Normal,0.0,0
2025-02-22 07:08:00,42,83.11,47.53,49.82,3.29,3.86,1,0,71,Normal,0.0,0
2025-01-13 04:32:00,19,86.4,22.66,63.05,4.12,4.47,1,0,447,Normal,0.0,0
2025-02-01 03:35:00,34,54.94,55.84,62.31,3.36,3.11,1,0,267,Normal,0.0,0
2025-01-28 15:16:00,17,75.12,52.58,52.93,1.91,4.5,1,0,347,Normal,0.0,0
2025-02-23 04:51:00,5,85.07,54.69,70.49,3.46,4.04,1,0,472,Normal,0.0,0
2025-02-03 01:21:00,47,84.47,60.95,42.5,3.65,3.83,1,0,75,Normal,0.0,0
2025-02-13 16:56:00,36,73.54,71.83,31.59,4.48,4.85,2,0,242,Pressure Drop,0.0,1
2025-01-09 19:49:00,39,78.03,44.24,50.98,2.36,1.28,1,0,16,Normal,0.0,1
2025-03-02 03:41:00,29,76.3,46.67,50.09,3.3,1.46,1,0,63,Normal,0.0,0
2025-01-14 06:46:00,47,57.92,71.84,37.61,1.81,0.88,1,0,207,Normal,0.0,0
2025-02-11 10:24:00,15,83.67,83.62,71.83,1.75,2.29,1,1,22,Normal,1.0,1
2025-02-04 19:31:00,20,85.64,62.84,66.49,4.63,4.68,1,0,418,Normal,0.0,0
2025-02-09 15:18:00,21,76.24,42.69,40.93,2.78,1.35,1,0,364,Normal,0.0,0
2025-01-24 20:20:00,13,87.1,45.12,70.61,1.41,1.57,1,0,319,Normal,0.0,0
2025-01-16 12:54:00,19,72.83,20.17,34.65,2.67,3.32,0,0,158,Normal,0.0,0
2025-02-12 03:13:00,40,92.43,57.84,73.28,3.46,2.02,1,1,31,Normal,1.0,1
2025-03-03 04:41:00,50,71.35,47.25,42.68,2.11,3.39,1,0,282,Normal,0.0,0
2025-01-09 22:42:00,12,76.46,45.39,30.34,4.63,3.34,1,0,184,Normal,0.0,0
2025-01-02 03:20:00,25,63.97,79.28,72.62,2.65,4.1,1,0,373,Normal,0.0,0
2025-02-04 02:17:00,45,68.6,29.95,45.36,1.62,0.7,0,0,65,Normal,0.0,0
2025-01-09 21:29:00,5,76.72,48.88,58.18,3.73,2.29,1,0,45,Normal,0.0,0
2025-01-01 08:08:00,14,74.51,52.18,69.51,1.28,3.71,1,0,288,Normal,0.0,0
2025-01-25 21:28:00,30,71.29,77.74,63.35,3.08,3.76,1,0,476,Normal,0.0,0
2025-03-05 01:59:00,8,83.81,66.46,30.24,3.66,1.78,1,0,393,Normal,0.0,0
2025-01-31 04:35:00,31,85.87,36.49,77.14,3.78,1.75,0,0,281,Normal,0.0,0
2025-02-01 09:34:00,38,76.83,46.53,33.3,3.73,2.71,1,0,133,Normal,0.0,0
2025-01-07 06:06:00,25,70.89,40.14,49.46,3.43,1.98,1,0,250,Normal,0.0,0
2025-01-29 03:09:00,15,67.43,58.58,76.95,3.42,2.44,1,0,319,Normal,0.0,0
2025-01-02 15:19:00,34,67.74,49.44,68.14,4.83,2.84,1,0,338,Normal,0.0,0
2025-01-01 20:10:00,40,68.21,48.89,58.16,1.88,3.55,1,0,472,Normal,0.0,0
2025-03-04 11:44:00,49,70.36,33.89,69.11,1.36,2.46,1,0,22,Normal,0.0,0
2025-01-01 16:36:00,34,84.79,39.11,44.56,1.02,0.82,1,0,107,Normal,0.0,0
2025-01-11 08:10:00,33,81.09,35.44,46.75,4.63,2.44,1,0,232,Normal,0.0,0
2025-03-07 17:34:00,41,92.36,44.41,38.85,3.05,4.89,1,1,31,Normal,1.0,1
2025-01-14 05:37:00,18,74.72,35.98,32.64,1.11,0.64,0,0,62,Normal,0.0,0
2025-03-01 11:27:00,17,70.82,50.73,77.72,3.84,3.63,1,0,155,Normal,0.0,0
2025-01-24 07:30:00,40,90.13,61.94,59.38,1.93,0.93,2,1,27,Vibration Issue,1.0,1
2025-03-08 21:36:00,1,81.82,39.17,51.55,2.72,1.61,0,0,471,Normal,0.0,0
2025-02-01 10:11:00,24,61.43,51.22,40.2,4.12,1.26,1,0,175,Normal,0.0,0
2025-03-08 17:46:00,47,85.36,53.55,58.62,1.86,2.49,1,0,425,Normal,0.0,0
2025-03-03 05:27:00,5,62.4,68.87,65.7,2.67,3.36,1,0,215,Normal,0.0,0
2025-03-05 13:12:00,48,73.77,52.07,31.24,2.25,3.04,1,0,119,Normal,0.0,0
2025-02-07 10:44:00,9,65.25,53.62,73.75,2.71,3.03,1,0,156,Normal,0.0,0
2025-03-06 22:13:00,48,77.85,65.45,64.32,2.78,3.99,1,0,337,Normal,0.0,0
2025-01-07 04:26:00,48,86.65,58.37,76.06,1.57,4.21,1,0,245,Normal,0.0,0
2025-03-08 03:12:00,12,59.85,31.8,75.08,4.2,4.31,1,0,254,Normal,0.0,0
2025-01-07 10:00:00,9,70.62,34.38,34.96,3.69,1.98,1,0,192,Normal,0.0,0
2025-01-26 12:15:00,30,74.18,33.11,31.23,2.15,0.54,1,0,111,Normal,0.0,0
2025-02-19 14:34:00,4,80.11,39.59,69.83,2.7,3.63,1,0,365,Normal,0.0,0
2025-02-03 19:51:00,29,74.4,51.73,49.77,2.47,3.65,1,0,96,Normal,0.0,0
2025-01-13 17:08:00,32,69.82,55.04,62.33,2.13,1.71,1,0,233,Normal,0.0,0
2025-01-21 05:29:00,28,82.74,51.5,73.92,1.18,1.59,0,0,458,Normal,0.0,0
2025-01-08 04:51:00,18,52.75,54.77,34.26,2.61,4.97,1,0,109,Normal,0.0,0
2025-02-26 19:01:00,22,61.0,91.3,75.84,2.44,0.95,1,1,12,Normal,1.0,1
2025-02-25 12:58:00,33,86.35,63.31,36.7,4.96,1.86,1,0,223,Normal,0.0,0
2025-02-20 05:05:00,17,67.91,37.47,67.04,3.49,3.09,0,0,369,Normal,0.0,0
2025-01-05 03:08:00,18,69.55,73.11,75.5,2.13,1.13,1,0,254,Normal,0.0,0
2025-02-06 22:13:00,12,85.3,76.38,55.81,3.29,2.74,2,0,472,Overheating,0.0,1
2025-02-05 11:56:00,30,67.9,21.02,53.45,1.77,1.76,1,0,212,Normal,0.0,0
2025-01-19 00:52:00,21,82.04,66.19,49.21,4.22,3.13,1,0,133,Normal,0.0,0
2025-03-04 09:02:00,4,70.8,45.78,31.64,2.33,1.32,1,0,58,Normal,0.0,0
2025-03-04 23:07:00,15,88.51,40.06,64.9,3.69,2.23,1,0,331,Normal,0.0,0
2025-03-10 21:35:00,9,62.64,57.45,53.76,3.91,0.91,1,0,379,Normal,0.0,0
2025-02-06 08:14:00,45,89.85,45.24,62.29,3.25,0.84,1,0,108,Normal,0.0,0
2025-01-31 13:00:00,10,70.8,32.81,34.0,3.85,2.15,1,0,189,Normal,0.0,0
2025-02-01 00:19:00,32,66.4,65.21,68.47,2.69,4.2,1,0,231,Normal,0.0,0
2025-02-03 14:18:00,25,66.28,54.35,75.06,3.45,1.36,1,0,296,Normal,0.0,0
2025-02-16 13:49:00,31,67.78,51.05,53.89,2.96,2.05,1,0,322,Normal,0.0,0
2025-01-27 12:53:00,46,76.81,42.71,34.3,1.2,2.49,1,0,189,Normal,0.0,0
2025-02-11 03:53:00,40,72.25,68.98,34.11,2.78,4.65,1,0,104,Normal,0.0,0
2025-03-07 17:48:00,33,63.49,37.97,74.04,1.58,3.81,0,0,287,Normal,0.0,0
2025-02-25 17:20:00,45,77.65,44.99,64.5,2.61,3.66,1,0,293,Normal,0.0,0
2025-01-05 05:16:00,9,63.11,46.0,65.09,2.96,2.91,0,0,21,Normal,0.0,0
2025-02-25 18:09:00,17,77.69,37.83,64.18,1.69,4.27,1,0,282,Normal,0.0,0
2025-03-05 16:35:00,49,89.9,22.97,32.28,1.21,3.29,2,0,326,Overheating,0.0,1
2025-01-26 02:37:00,29,64.26,38.14,51.83,4.39,3.28,1,0,249,Normal,0.0,0
2025-03-11 07:42:00,31,77.08,63.66,65.11,1.67,2.07,1,0,21,Normal,0.0,0
2025-01-19 14:45:00,6,77.41,34.97,47.44,3.69,4.32,1,0,31,Normal,0.0,0
2025-02-21 04:28:00,32,59.8,55.97,78.98,1.11,2.41,1,0,292,Normal,0.0,0
2025-02-10 08:24:00,34,54.7,45.99,73.23,4.13,4.12,1,0,138,Normal,0.0,0
2025-02-15 04:24:00,37,53.11,64.98,32.35,2.21,0.84,1,0,252,Normal,0.0,0
2025-01-17 03:58:00,2,89.0,46.02,71.5,4.24,3.5,2,0,128,Overheating,0.0,1
2025-02-08 23:53:00,39,75.7,48.0,37.29,2.19,1.83,1,0,38,Normal,0.0,0
2025-01-19 20:17:00,2,69.88,29.7,57.05,4.49,0.76,1,0,367,Normal,0.0,0
2025-01-04 12:27:00,49,73.4,50.57,52.81,2.96,2.71,1,0,160,Normal,0.0,0
2025-02-10 03:46:00,50,73.57,55.04,38.48,3.15,4.28,1,0,326,Normal,0.0,0
2025-03-04 05:37:00,31,71.25,48.71,30.49,1.28,0.77,1,0,498,Normal,0.0,0
2025-02-28 17:59:00,20,93.7,44.47,74.37,4.7,1.67,1,1,45,Normal,1.0,1
2025-01-10 12:31:00,36,81.97,39.77,54.2,3.05,4.81,1,0,69,Normal,0.0,0
2025-01-12 14:41:00,50,88.87,23.27,74.85,1.79,2.21,1,0,122,Normal,0.0,0
2025-02-19 16:27:00,3,95.84,61.24,52.53,4.0,4.96,1,1,42,Normal,1.0,1
2025-02-02 18:44:00,36,65.36,59.72,58.85,4.64,3.47,1,0,165,Normal,0.0,0
2025-02-18 13:06:00,49,83.05,32.66,41.6,1.87,0.89,1,0,161,Normal,0.0,0
2025-01-25 16:53:00,21,72.11,44.91,39.65,2.13,0.79,2,0,409,Vibration Issue,0.0,1
2025-02-08 09:42:00,1,72.79,61.91,47.85,2.94,3.12,1,0,117,Normal,0.0,0
2025-03-05 01:31:00,16,81.21,43.81,47.33,2.89,4.34,1,0,203,Normal,0.0,0
2025-02-14 16:39:00,34,82.43,36.82,76.93,3.28,4.01,1,0,316,Normal,0.0,0
2025-01-08 09:34:00,26,90.25,68.82,60.08,2.62,3.67,1,1,12,Normal,1.0,1
2025-01-01 07:35:00,30,78.55,37.18,65.0,1.88,3.61,0,0,101,Normal,0.0,0
2025-03-08 14:26:00,11,72.35,57.31,60.17,4.65,2.28,1,0,357,Normal,0.0,0
2025-02-21 21:57:00,47,71.84,70.96,60.52,4.12,4.94,1,0,497,Normal,0.0,0
2025-01-27 14:34:00,3,57.18,38.79,72.94,2.95,1.56,1,0,165,Normal,0.0,0
2025-02-14 21:35:00,42,79.42,31.85,76.15,4.65,3.76,1,0,452,Normal,0.0,0
2025-01-02 17:43:00,8,60.17,16.51,77.23,3.71,1.33,2,0,437,Pressure Drop,0.0,1
2025-01-08 12:03:00,24,61.7,77.92,50.52,3.78,1.94,1,0,479,Normal,0.0,0
2025-01-01 02:13:00,1,62.34,72.68,60.47,2.24,4.95,1,0,192,Normal,0.0,0
2025-01-27 05:14:00,31,83.67,46.1,50.12,4.2,1.18,1,0,281,Normal,0.0,0
2025-02-27 20:33:00,4,78.15,54.89,31.38,1.25,1.83,1,0,318,Normal,0.0,0
2025-02-15 17:20:00,45,55.22,44.32,69.43,3.55,2.44,1,0,410,Normal,0.0,0
2025-02-28 23:48:00,48,76.93,48.33,76.28,2.97,2.16,1,0,109,Normal,0.0,0
2025-01-31 03:57:00,2,90.66,55.68,41.24,1.29,3.61,2,1,42,Normal,1.0,1
2025-01-28 08:26:00,7,77.26,48.48,57.68,1.07,2.04,1,0,291,Normal,0.0,0
2025-01-22 13:43:00,13,59.56,82.01,47.58,4.45,0.89,1,1,40,Normal,1.0,1
2025-01-06 11:49:00,10,75.36,41.76,49.9,1.11,2.48,0,0,270,Normal,0.0,0
2025-01-31 14:18:00,15,62.58,25.21,71.98,4.93,2.04,1,0,418,Normal,0.0,0
2025-03-11 01:45:00,49,76.95,49.51,41.28,4.25,2.73,1,0,185,Normal,0.0,0
2025-01-20 08:35:00,50,69.97,61.08,58.01,2.51,2.88,1,0,121,Normal,0.0,0
2025-02-06 09:49:00,14,73.05,50.68,32.27,2.89,0.75,1,0,446,Normal,0.0,0
2025-01-26 23:42:00,10,62.94,43.09,39.61,3.71,3.46,1,0,203,Normal,0.0,0
2025-02-02 15:22:00,18,64.56,56.31,32.54,1.2,4.72,1,0,274,Normal,0.0,0
2025-02-20 03:10:00,8,84.37,47.64,49.15,4.73,1.94,1,0,471,Normal,0.0,0
2025-02-19 17:02:00,11,98.17,63.2,76.93,4.11,1.29,1,1,34,Normal,1.0,1
2025-02-25 07:27:00,24,76.98,50.29,45.69,4.76,4.46,1,0,44,Normal,0.0,0
2025-03-01 21:18:00,43,76.81,56.82,63.6,2.85,3.39,2,0,383,Vibration Issue,0.0,1
2025-01-19 04:32:00,48,68.85,63.76,37.51,1.73,4.3,1,0,50,Normal,0.0,0
2025-01-04 13:05:00,46,78.83,39.9,35.69,2.32,4.39,1,0,493,Normal,0.0,0
2025-01-14 21:23:00,48,65.51,42.57,50.82,2.55,1.01,1,0,216,Normal,0.0,0
2025-02-02 23:09:00,12,67.72,70.69,78.49,1.88,1.27,1,0,107,Normal,0.0,0
2025-01-22 04:32:00,18,76.74,51.93,72.28,3.72,4.58,1,0,180,Normal,0.0,0
2025-03-07 21:53:00,24,62.69,60.61,46.75,1.77,2.35,1,0,247,Normal,0.0,0
2025-01-10 07:13:00,29,56.47,46.39,53.99,3.92,3.13,1,0,70,Normal,0.0,0
2025-01-09 04:30:00,8,67.22,63.85,76.58,4.35,0.99,1,0,380,Normal,0.0,0
2025-02-16 12:16:00,15,76.09,71.81,56.45,2.61,1.14,1,0,309,Normal,0.0,0
2025-01-16 04:56:00,3,81.84,61.46,56.01,4.4,3.57,1,0,165,Normal,0.0,0
2025-02-04 16:41:00,23,57.14,53.94,50.1,3.64,2.59,1,0,194,Normal,0.0,0
2025-01-04 07:57:00,25,73.63,38.08,79.9,4.06,1.18,1,0,183,Normal,0.0,0
2025-01-16 04:13:00,11,89.41,59.6,71.18,4.4,0.52,1,0,230,Normal,0.0,0
2025-01-18 16:21:00,21,68.39,80.06,35.65,1.07,4.93,1,1,5,Normal,1.0,1
2025-02-18 20:00:00,49,55.85,68.65,34.95,1.5,3.21,1,0,231,Normal,0.0,0
2025-01-28 23:31:00,26,68.19,34.24,77.06,2.57,4.93,1,0,271,Normal,0.0,0
2025-02-13 12:36:00,1,83.53,54.04,47.06,4.19,3.33,0,0,64,Normal,0.0,0
2025-01-13 15:09:00,34,60.4,50.58,40.62,2.2,4.69,1,0,106,Normal,0.0,0
2025-03-03 13:55:00,26,54.66,63.15,32.78,1.25,4.79,1,0,129,Normal,0.0,0
2025-01-02 23:55:00,46,78.51,70.81,54.06,3.02,2.02,0,0,126,Normal,0.0,0
2025-03-06 12:46:00,14,71.23,28.85,56.41,2.87,2.69,1,0,51,Normal,0.0,0
2025-03-06 00:26:00,30,78.27,25.51,67.5,1.79,3.67,1,0,483,Normal,0.0,0
2025-01-31 06:04:00,8,75.04,76.16,72.89,1.33,1.59,0,0,323,Normal,0.0,0
2025-01-13 19:16:00,46,80.1,40.95,45.39,3.76,0.85,1,0,76,Normal,0.0,0
2025-02-11 00:35:00,33,79.63,21.89,37.58,1.88,1.21,1,0,130,Normal,0.0,0
2025-02-12 03:07:00,25,70.81,49.64,34.59,2.33,3.46,1,0,41,Normal,0.0,0
2025-02-20 04:29:00,31,68.15,43.05,67.77,1.96,1.36,1,0,440,Normal,0.0,0
2025-02-26 08:53:00,19,67.63,22.17,58.86,1.88,3.27,1,0,159,Normal,0.0,0
2025-01-29 17:14:00,41,74.54,60.29,74.08,4.69,2.58,1,0,80,Normal,0.0,0
2025-02-16 23:46:00,19,85.75,44.87,48.49,2.05,3.89,1,0,38,Normal,0.0,0
2025-02-24 07:20:00,7,84.41,45.89,31.11,3.15,0.85,1,0,279,Normal,0.0,0
2025-02-20 13:04:00,3,76.52,51.86,50.12,4.68,2.91,1,0,439,Normal,0.0,0
2025-02-17 19:16:00,4,51.96,55.97,52.25,4.02,1.14,1,0,350,Normal,0.0,0
2025-02-17 05:48:00,27,67.27,51.95,78.9,3.28,3.94,1,0,362,Normal,0.0,0
2025-03-10 01:25:00,15,87.18,48.14,72.19,4.43,2.01,0,0,133,Normal,0.0,0
2025-02-05 13:38:00,12,53.24,11.8,70.3,2.91,1.65,0,0,231,Normal,0.0,0
2025-01-09 06:49:00,23,69.87,46.17,43.66,2.88,4.34,2,0,331,Pressure Drop,0.0,1
2025-03-08 00:16:00,36,77.93,35.68,60.17,2.98,0.57,1,0,457,Normal,0.0,0
2025-01-31 14:34:00,15,73.71,32.94,49.0,2.36,1.31,1,0,214,Normal,0.0,0
2025-03-01 18:41:00,10,74.24,62.31,62.46,3.12,4.43,1,0,318,Normal,0.0,0
2025-01-31 19:15:00,3,84.35,41.65,33.16,3.72,0.74,0,0,204,Normal,0.0,0
2025-02-09 08:32:00,48,66.77,63.04,78.22,2.93,2.88,2,0,103,Overheating,0.0,1
2025-01-13 05:51:00,40,86.97,65.32,41.56,3.16,2.24,2,0,295,Normal,0.0,1
2025-02-20 01:58:00,3,79.45,39.75,72.77,4.57,1.63,1,0,315,Normal,0.0,0
2025-01-08 09:31:00,50,80.82,60.54,69.3,3.26,1.08,1,0,43,Normal,0.0,0
2025-01-21 16:21:00,16,78.54,61.78,56.24,3.36,4.25,1,0,190,Normal,0.0,0
2025-01-17 21:37:00,44,79.25,55.48,70.91,4.47,4.32,1,0,200,Normal,0.0,0
2025-01-05 00:08:00,38,81.08,35.84,75.3,3.42,4.59,1,0,262,Normal,0.0,0
2025-01-28 03:53:00,47,65.53,34.64,61.16,3.24,2.83,0,0,221,Normal,0.0,0
2025-01-31 15:04:00,13,73.86,58.42,48.52,3.17,2.23,1,0,74,Normal,0.0,0
2025-02-15 13:13:00,40,68.87,49.29,36.39,2.08,3.34,1,0,325,Normal,0.0,0
2025-03-07 12:55:00,25,71.82,30.4,52.49,3.22,2.7,1,0,494,Normal,0.0,0
2025-02-27 11:53:00,44,70.53,55.02,55.5,2.52,4.72,1,0,235,Normal,0.0,0
2025-02-19 22:43:00,49,62.32,29.26,38.21,4.4,1.32,1,0,334,Normal,0.0,0
2025-02-20 15:56:00,47,74.82,50.6,56.99,3.62,1.02,1,0,212,Normal,0.0,0
2025-02-09 19:31:00,10,90.52,50.94,64.87,2.7,4.41,1,1,46,Normal,1.0,1
2025-02-14 22:09:00,22,75.8,51.21,49.31,3.32,4.49,1,0,210,Normal,0.0,0
2025-03-09 22:45:00,27,84.03,36.78,68.57,3.31,3.53,1,0,232,Normal,0.0,0
2025-01-23 21:52:00,5,61.52,48.27,52.86,2.8,4.16,1,0,297,Normal,0.0,0
2025-02-11 06:25:00,13,84.72,7.48,49.94,3.04,1.93,1,0,241,Normal,0.0,0
2025-01-18 11:25:00,40,76.21,41.37,36.08,3.67,2.54,1,0,223,Normal,0.0,0
2025-02-19 00:25:00,2,67.8,41.05,48.28,3.87,4.24,1,0,12,Normal,0.0,1
2025-01-26 00:14:00,9,93.7,44.63,64.81,4.81,1.7,0,1,30,Normal,1.0,1
2025-02-09 08:45:00,21,82.49,45.72,43.53,3.72,2.01,0,0,472,Normal,0.0,0
2025-02-27 19:27:00,12,59.88,62.81,59.45,2.25,2.08,1,0,361,Normal,0.0,0
2025-01-30 12:43:00,23,67.63,68.89,55.47,3.42,2.57,1,0,81,Normal,0.0,0
2025-02-02 09:08:00,6,56.5,26.16,46.6,1.32,3.49,1,0,39,Normal,0.0,0
2025-02-08 19:36:00,8,68.56,35.95,77.17,4.38,1.13,1,0,14,Normal,0.0,1
2025-02-06 04:06:00,18,66.45,59.57,37.71,2.77,2.9,0,0,123,Normal,0.0,0
2025-02-05 12:53:00,36,56.07,42.25,55.03,1.3,3.03,1,0,282,Normal,0.0,0
2025-01-17 08:09:00,18,57.47,45.63,74.31,2.23,1.31,1,0,397,Normal,0.0,0
2025-01-06 10:51:00,38,70.33,35.79,36.16,3.69,1.12,0,0,269,Normal,0.0,0
2025-01-12 20:59:00,24,80.77,43.23,45.38,2.81,3.51,1,0,161,Normal,0.0,0
2025-01-09 02:09:00,10,69.22,57.28,45.94,2.81,3.42,0,0,153,Normal,0.0,0
2025-01-24 01:23:00,11,66.79,43.06,68.11,1.38,4.77,1,0,153,Normal,0.0,0
2025-01-29 23:50:00,8,71.93,62.39,62.43,3.97,1.55,2,0,24,Normal,0.0,1
2025-02-03 07:05:00,18,73.79,56.43,30.53,1.62,2.4,1,0,190,Normal,0.0,0
2025-02-16 17:34:00,50,56.24,43.47,75.99,1.42,1.39,1,0,168,Normal,0.0,0
2025-02-24 04:17:00,26,71.67,38.07,37.93,3.39,1.56,2,0,278,Vibration Issue,0.0,1
2025-01-06 19:43:00,14,71.84,45.86,75.19,2.27,4.72,2,0,479,Overheating,0.0,1
2025-02-19 05:47:00,45,74.85,48.5,69.77,3.17,3.74,1,0,77,Normal,0.0,0
2025-02-18 01:36:00,5,81.2,65.25,73.27,1.36,4.76,1,0,290,Normal,0.0,0
2025-02-26 12:56:00,6,65.87,62.01,58.77,1.99,1.53,1,0,445,Normal,0.0,0
2025-01-05 18:32:00,2,69.32,29.71,42.03,4.82,3.47,2,0,138,Vibration Issue,0.0,1
2025-01-02 06:04:00,6,82.84,36.96,66.8,2.65,1.42,1,0,468,Normal,0.0,0
2025-02-25 11:27:00,43,60.7,58.42,65.82,4.83,3.69,1,0,310,Normal,0.0,0
2025-01-16 20:44:00,40,66.02,69.16,76.71,1.91,3.48,2,0,331,Vibration Issue,0.0,1
2025-01-06 20:43:00,13,84.5,22.18,39.87,1.59,4.22,1,0,108,Normal,0.0,0
2025-01-02 23:49:00,22,68.04,73.58,75.64,2.31,3.62,1,0,202,Normal,0.0,0
2025-01-09 14:12:00,29,85.92,54.27,37.4,3.93,4.34,1,0,463,Normal,0.0,0
2025-01-17 19:25:00,25,73.31,66.55,68.07,4.75,4.76,1,0,176,Normal,0.0,0
2025-01-10 06:54:00,44,55.44,75.77,31.9,2.83,3.21,1,0,443,Normal,0.0,0
2025-01-18 02:59:00,12,75.31,44.27,55.18,1.36,0.75,1,0,67,Normal,0.0,0
2025-02-27 13:02:00,19,73.3,40.25,72.6,1.34,1.34,2,0,185,Electrical Fault,0.0,1
2025-02-18 08:22:00,48,78.67,22.08,35.06,4.52,3.33,1,0,175,Normal,0.0,0
2025-02-18 12:10:00,41,61.77,45.47,47.89,1.29,2.05,0,0,72,Normal,0.0,0
2025-01-14 06:38:00,10,75.75,43.52,64.56,1.49,4.16,1,0,29,Normal,0.0,0
2025-02-01 14:18:00,14,70.78,41.64,38.26,2.47,2.02,1,0,442,Normal,0.0,0
2025-03-01 00:59:00,49,72.8,38.74,40.05,4.66,1.08,1,0,174,Normal,0.0,0
2025-01-13 22:54:00,33,78.67,33.95,62.42,3.51,2.61,1,0,471,Normal,0.0,0
2025-01-29 17:39:00,13,60.55,46.55,49.06,4.46,3.41,1,0,206,Normal,0.0,0
2025-01-14 13:23:00,21,60.37,81.44,36.67,3.42,0.97,1,1,40,Normal,1.0,1
2025-01-14 02:45:00,36,77.89,49.5,47.91,1.36,4.02,1,0,300,Normal,0.0,0
2025-01-25 20:56:00,15,70.36,49.35,73.4,4.57,1.9,1,0,471,Normal,0.0,0
2025-02-13 14:52:00,40,81.35,53.55,67.28,4.49,2.08,2,0,158,Pressure Drop,0.0,1
2025-02-07 01:00:00,36,88.15,65.66,52.55,3.92,3.86,2,0,301,Overheating,0.0,1
2025-01-12 18:20:00,5,72.52,55.98,36.13,1.96,3.59,1,0,152,Normal,0.0,0
2025-03-01 18:47:00,39,87.64,31.87,47.46,2.23,0.68,1,0,213,Normal,0.0,0
2025-01-02 21:23:00,39,74.29,54.68,74.66,4.62,4.6,2,0,458,Overheating,0.0,1
2025-02-17 04:07:00,18,66.34,24.95,37.97,2.97,4.54,2,0,207,Pressure Drop,0.0,1
2025-01-03 00:36:00,23,56.84,57.07,70.44,2.99,2.89,1,0,347,Normal,0.0,0
2025-02-19 00:36:00,42,79.47,87.73,62.36,1.15,4.45,1,1,21,Normal,1.0,1
2025-03-07 18:41:00,30,74.08,71.55,47.55,3.5,3.38,1,0,186,Normal,0.0,0
2025-02-01 06:25:00,3,65.73,51.25,74.57,4.85,4.81,1,0,336,Normal,0.0,0
2025-01-13 11:34:00,32,67.79,59.0,35.24,4.32,4.19,1,0,459,Normal,0.0,0
2025-02-23 20:11:00,2,70.38,28.49,50.35,4.15,2.66,1,0,260,Normal,0.0,0
2025-02-19 23:45:00,14,82.67,52.59,54.43,3.3,1.19,1,0,226,Normal,0.0,0
2025-01-10 17:04:00,45,93.02,46.92,58.17,1.72,1.85,1,1,9,Normal,1.0,1
2025-02-06 21:01:00,43,71.99,50.78,69.08,3.44,1.31,1,0,134,Normal,0.0,0
2025-03-07 05:04:00,7,79.1,32.09,71.55,4.39,2.96,2,0,61,Vibration Issue,0.0,1
2025-01-30 00:41:00,21,87.7,57.37,67.24,3.93,4.18,1,0,224,Normal,0.0,0
2025-01-08 03:03:00,40,69.24,56.16,77.91,3.66,2.58,1,0,403,Normal,0.0,0
2025-03-03 05:42:00,27,76.41,35.02,59.15,3.22,4.29,1,0,264,Normal,0.0,0
2025-01-13 02:27:00,31,86.71,44.14,33.7,2.66,2.92,1,0,331,Normal,0.0,0
2025-02-09 01:27:00,6,53.53,52.88,75.5,2.54,3.79,2,0,153,Vibration Issue,0.0,1
2025-01-23 18:26:00,39,57.01,42.4,49.62,2.48,4.34,1,0,245,Normal,0.0,0
2025-01-13 03:07:00,31,69.87,55.95,64.81,1.02,1.46,1,0,460,Normal,0.0,0
2025-01-04 06:24:00,20,82.95,45.78,37.97,3.11,2.32,1,0,388,Normal,0.0,0
2025-01-30 11:02:00,39,76.72,67.54,67.13,3.69,2.77,0,0,41,Normal,0.0,0
2025-03-10 12:53:00,4,69.44,50.03,67.63,1.84,4.38,1,0,398,Normal,0.0,0
2025-01-11 02:50:00,2,74.64,57.22,61.58,3.98,3.27,1,0,471,Normal,0.0,0
2025-02-04 00:47:00,16,76.57,59.76,70.31,1.41,1.87,1,0,498,Normal,0.0,0
2025-01-31 05:31:00,21,64.62,42.06,39.84,1.74,1.86,0,0,490,Normal,0.0,0
2025-01-15 16:38:00,29,75.5,73.1,40.89,2.53,3.63,1,0,241,Normal,0.0,0
2025-01-18 12:14:00,4,78.47,63.59,40.03,1.32,4.87,1,0,228,Normal,0.0,0
2025-01-29 21:25:00,7,82.43,53.97,36.18,1.02,4.31,1,0,398,Normal,0.0,0
2025-02-22 22:56:00,36,69.88,57.03,36.99,1.83,1.21,1,0,73,Normal,0.0,0
2025-01-13 13:25:00,22,69.9,80.53,35.91,1.27,2.96,1,1,3,Normal,1.0,1
2025-02-27 17:14:00,17,70.01,66.28,51.63,2.84,2.73,1,0,127,Normal,0.0,0
2025-02-20 09:31:00,20,58.3,37.07,32.19,1.13,2.6,2,0,480,Vibration Issue,0.0,1
2025-02-21 06:28:00,26,75.01,68.77,33.98,4.26,3.65,1,0,71,Normal,0.0,0
2025-01-31 18:06:00,38,72.65,34.13,43.9,3.47,3.75,1,0,459,Normal,0.0,0
2025-01-11 23:17:00,14,71.78,56.77,68.6,3.29,1.73,1,0,204,Normal,0.0,0
2025-01-12 16:35:00,2,79.08,61.31,65.25,1.06,4.4,1,0,282,Normal,0.0,0
2025-01-06 09:53:00,17,75.01,58.45,31.33,4.17,1.95,1,0,357,Normal,0.0,0
2025-01-04 20:21:00,9,68.74,34.47,47.36,2.99,4.3,1,0,108,Normal,0.0,0
2025-02-14 05:52:00,9,96.73,54.72,31.85,2.39,3.0,1,1,6,Normal,1.0,1
2025-02-05 01:04:00,24,76.99,60.64,78.24,4.36,0.55,1,0,190,Normal,0.0,0
2025-01-20 16:33:00,4,70.38,22.99,61.02,4.02,4.09,1,0,225,Normal,0.0,0
2025-01-24 04:53:00,37,57.1,55.62,77.8,1.07,2.7,1,0,450,Normal,0.0,0
2025-01-04 08:02:00,45,67.5,19.51,62.85,1.12,1.06,2,0,188,Vibration Issue,0.0,1
2025-01-21 07:32:00,20,67.64,25.54,32.64,2.34,3.37,1,0,433,Normal,0.0,0
2025-03-02 13:00:00,45,66.65,64.87,65.59,3.86,3.46,1,0,268,Normal,0.0,0
2025-02-21 07:09:00,9,61.52,47.93,55.3,1.46,1.45,1,0,466,Normal,0.0,0
2025-02-09 02:33:00,18,78.91,50.78,63.17,4.61,4.46,2,0,197,Pressure Drop,0.0,1
2025-01-22 19:35:00,30,85.61,56.44,74.51,1.92,3.6,1,0,447,Normal,0.0,0
2025-03-05 12:58:00,31,65.05,34.83,73.59,1.85,1.53,1,0,336,Normal,0.0,0
2025-01-15 11:28:00,48,63.79,49.59,33.05,2.02,3.25,1,0,330,Normal,0.0,0
2025-01-11 19:42:00,46,75.09,60.49,65.26,3.93,0.59,2,0,293,Vibration Issue,0.0,1
2025-01-25 20:55:00,12,86.8,50.59,68.72,3.75,4.38,1,0,489,Normal,0.0,0
2025-02-23 05:34:00,40,83.3,31.76,47.61,4.5,4.41,2,0,305,Vibration Issue,0.0,1
2025-03-03 02:51:00,32,80.56,35.46,68.48,3.14,1.41,1,0,471,Normal,0.0,0
2025-02-22 20:07:00,14,79.14,44.17,33.6,1.94,1.27,1,0,489,Normal,0.0,0
2025-01-27 19:19:00,27,74.82,42.67,66.66,3.5,4.86,0,0,384,Normal,0.0,0
2025-01-14 04:50:00,5,74.02,46.89,75.75,2.64,1.53,1,0,36,Normal,0.0,0
2025-02-15 19:42:00,43,72.52,47.64,63.9,4.02,1.46,2,0,235,Overheating,0.0,1
2025-02-23 15:13:00,38,82.8,45.46,39.9,4.93,4.43,1,0,207,Normal,0.0,0
2025-01-02 11:24:00,2,75.92,54.65,70.35,4.79,4.29,1,0,280,Normal,0.0,0
2025-01-20 13:42:00,10,73.41,71.51,58.65,2.12,2.91,1,0,76,Normal,0.0,0
2025-02-28 15:38:00,37,83.51,51.84,68.27,1.68,4.68,2,0,460,Vibration Issue,0.0,1
2025-01-01 22:00:00,29,93.45,52.46,55.17,3.56,0.87,2,1,43,Overheating,1.0,1
2025-02-25 23:20:00,33,65.17,32.53,43.85,1.41,3.31,2,0,415,Electrical Fault,0.0,1
2025-01-20 07:22:00,47,83.38,54.79,76.15,1.25,3.22,1,0,448,Normal,0.0,0
2025-03-04 10:49:00,33,80.45,50.6,71.57,3.09,2.53,1,0,253,Normal,0.0,0
2025-01-11 16:08:00,13,75.87,60.73,52.01,3.58,4.51,1,0,192,Normal,0.0,0
2025-01-25 15:39:00,22,73.54,45.9,49.53,1.49,2.37,1,0,60,Normal,0.0,0
2025-01-21 21:56:00,48,57.09,61.25,69.71,1.83,1.98,2,0,344,Pressure Drop,0.0,1
2025-02-17 12:50:00,44,60.43,54.43,31.85,4.7,2.8,1,0,413,Normal,0.0,0
2025-01-20 16:50:00,42,82.33,34.77,37.98,3.08,4.77,1,0,315,Normal,0.0,0
2025-01-12 07:02:00,39,86.94,52.63,37.4,4.97,3.33,1,0,226,Normal,0.0,0
2025-01-26 22:53:00,16,73.29,54.76,79.83,3.89,1.73,2,0,464,Pressure Drop,0.0,1
2025-02-18 12:12:00,28,75.79,17.33,36.24,1.49,4.87,1,0,399,Normal,0.0,0
2025-02-16 11:00:00,36,59.23,27.18,58.96,1.96,3.7,1,0,268,Normal,0.0,0
2025-01-06 06:52:00,18,62.76,55.47,65.55,2.16,0.93,1,0,219,Normal,0.0,0
2025-01-18 02:37:00,23,81.32,50.44,55.54,3.87,2.57,1,0,326,Normal,0.0,0
2025-02-13 15:26:00,45,79.69,80.13,61.32,3.55,4.13,1,1,16,Normal,1.0,1
2025-02-12 09:51:00,38,88.05,35.48,61.06,2.15,2.91,2,0,29,Electrical Fault,0.0,1
2025-02-01 00:30:00,7,79.11,52.9,32.79,2.77,4.42,1,0,340,Normal,0.0,0
2025-01-20 22:47:00,16,77.12,51.9,65.62,3.65,3.01,1,0,402,Normal,0.0,0
2025-03-02 20:56:00,45,67.56,79.47,34.01,2.77,4.1,0,0,428,Normal,0.0,0
2025-02-22 20:41:00,10,59.05,48.61,69.81,3.17,1.91,1,0,48,Normal,0.0,0
2025-01-06 21:30:00,13,69.2,62.19,34.69,3.87,3.3,1,0,284,Normal,0.0,0
2025-03-08 12:28:00,32,87.09,45.04,42.71,2.55,1.3,1,0,387,Normal,0.0,0
2025-01-28 18:51:00,8,85.44,40.19,50.18,3.23,3.0,1,0,218,Normal,0.0,0
2025-01-20 19:41:00,46,72.16,33.06,69.15,3.5,4.68,1,0,297,Normal,0.0,0
2025-03-07 12:07:00,30,72.55,56.7,34.35,3.83,4.39,1,0,229,Normal,0.0,0
2025-02-27 13:16:00,33,60.24,47.55,45.14,1.65,1.11,1,0,299,Normal,0.0,0
2025-03-06 07:50:00,43,64.29,60.02,57.86,4.57,4.16,1,0,358,Normal,0.0,0
2025-01-07 11:51:00,40,62.34,58.32,60.76,4.5,4.18,1,0,185,Normal,0.0,0
2025-01-05 02:04:00,39,70.54,32.84,30.85,3.34,0.65,1,0,130,Normal,0.0,0
2025-02-22 11:10:00,37,57.33,21.38,71.2,3.88,3.14,1,0,88,Normal,0.0,0
2025-03-03 12:33:00,28,87.89,59.29,56.19,4.13,3.22,2,0,14,Overheating,0.0,1
2025-03-09 10:09:00,18,81.17,49.75,74.61,1.84,4.28,1,0,142,Normal,0.0,0
2025-03-07 10:14:00,27,81.7,35.61,58.39,1.89,5.0,1,0,475,Normal,0.0,0
2025-01-06 19:31:00,5,78.59,33.51,37.47,4.61,1.51,1,0,178,Normal,0.0,0
2025-03-05 08:04:00,22,75.95,46.84,65.24,1.69,1.38,2,0,196,Overheating,0.0,1
2025-01-07 04:31:00,39,80.34,51.61,36.78,3.82,2.03,1,0,470,Normal,0.0,0
2025-01-25 04:45:00,19,56.25,66.3,63.82,2.83,4.54,1,0,25,Normal,0.0,0
2025-02-18 06:51:00,43,69.03,51.44,46.37,1.53,3.9,1,0,300,Normal,0.0,0
2025-02-07 00:51:00,48,89.38,61.26,60.61,1.84,3.96,1,0,176,Normal,0.0,0
2025-03-06 12:49:00,15,65.3,49.89,78.58,2.63,1.0,1,0,161,Normal,0.0,0
2025-01-13 15:30:00,39,74.1,54.01,50.08,2.55,1.42,0,0,478,Normal,0.0,0
2025-02-23 01:46:00,27,83.06,29.35,60.59,1.25,1.91,1,0,267,Normal,0.0,0
2025-02-19 20:34:00,41,78.76,58.83,75.02,4.69,4.76,1,0,295,Normal,0.0,0
2025-02-24 18:44:00,15,85.22,63.1,30.56,3.3,4.01,0,0,258,Normal,0.0,0
2025-02-19 00:50:00,12,66.87,30.08,74.79,2.83,3.5,1,0,59,Normal,0.0,0
2025-01-16 13:05:00,43,88.67,68.88,42.49,1.67,3.12,1,0,149,Normal,0.0,0
2025-02-12 03:58:00,32,79.36,68.39,64.31,2.83,0.81,1,0,363,Normal,0.0,0
2025-01-13 10:23:00,34,67.13,57.31,64.64,4.68,1.18,0,0,265,Normal,0.0,0
2025-01-08 23:34:00,13,84.07,52.82,35.65,2.44,2.95,1,0,11,Normal,0.0,1
2025-02-02 19:50:00,40,94.28,24.98,67.09,1.81,0.88,1,1,22,Normal,1.0,1
2025-01-18 10:28:00,5,76.53,44.99,78.81,2.59,1.45,1,0,102,Normal,0.0,0
2025-01-30 09:35:00,32,81.07,53.09,79.84,4.0,0.79,1,0,26,Normal,0.0,0
2025-01-26 21:56:00,27,77.55,32.46,60.77,2.05,2.31,1,0,307,Normal,0.0,0
2025-01-15 06:35:00,1,72.82,31.89,34.79,1.85,0.87,1,0,198,Normal,0.0,0
2025-01-30 18:19:00,2,64.55,61.95,31.09,1.48,0.66,1,0,372,Normal,0.0,0
2025-02-11 12:17:00,26,75.39,43.13,37.24,4.15,4.54,1,0,24,Normal,0.0,0
2025-02-28 10:11:00,24,78.87,47.96,31.61,2.58,0.89,1,0,359,Normal,0.0,0
2025-01-06 17:51:00,17,86.96,35.77,77.05,3.2,3.14,1,0,11,Normal,0.0,1
2025-01-11 16:57:00,41,61.33,48.52,71.39,2.35,4.44,1,0,53,Normal,0.0,0
2025-01-07 12:42:00,40,71.34,36.59,52.05,4.42,3.57,1,0,364,Normal,0.0,0
2025-01-27 00:15:00,46,48.44,30.2,36.99,2.07,4.76,1,0,363,Normal,0.0,0
2025-01-12 16:17:00,5,77.39,61.7,75.9,3.5,4.69,1,0,417,Normal,0.0,0
2025-02-10 19:01:00,24,75.19,45.18,71.32,1.98,1.95,2,0,436,Electrical Fault,0.0,1
2025-02-16 21:23:00,16,57.23,54.89,64.24,4.34,3.11,1,0,71,Normal,0.0,0
2025-02-11 16:00:00,6,89.08,44.58,31.66,3.06,4.84,1,0,490,Normal,0.0,0
2025-02-01 19:49:00,3,70.45,32.66,33.13,4.8,0.91,1,0,40,Normal,0.0,0
2025-01-19 19:46:00,22,83.43,53.11,59.69,2.69,2.75,1,0,251,Normal,0.0,0
2025-01-03 22:25:00,47,72.41,39.59,63.62,2.9,3.55,1,0,395,Normal,0.0,0
2025-02-26 16:16:00,3,72.31,53.85,71.2,1.9,4.37,1,0,272,Normal,0.0,0
2025-02-25 19:21:00,31,72.94,88.03,48.41,3.6,3.27,1,1,45,Normal,1.0,1
2025-03-06 14:17:00,19,74.04,52.52,30.57,1.39,4.63,1,0,288,Normal,0.0,0
2025-03-04 19:53:00,40,89.78,41.07,48.48,1.91,1.61,0,0,295,Normal,0.0,0
2025-02-15 22:18:00,19,67.68,40.01,33.58,2.57,3.22,1,0,313,Normal,0.0,0
2025-01-01 13:15:00,5,86.4,55.71,56.8,2.79,4.73,2,0,359,Pressure Drop,0.0,1
2025-01-17 02:36:00,4,73.51,49.29,55.23,2.96,3.5,2,0,120,Normal,0.0,1
2025-03-04 13:36:00,15,83.4,39.57,34.9,1.19,3.65,0,0,291,Normal,0.0,0
2025-01-24 03:59:00,34,78.25,49.21,54.66,1.75,0.52,1,0,119,Normal,0.0,0
2025-02-03 01:58:00,44,66.26,56.11,61.37,3.73,1.7,1,0,374,Normal,0.0,0
2025-01-16 09:55:00,37,52.31,54.43,41.52,3.57,1.65,1,0,479,Normal,0.0,0
2025-01-23 03:54:00,16,64.91,61.54,75.09,1.15,4.14,1,0,340,Normal,0.0,0
2025-01-08 08:18:00,34,75.85,54.32,53.12,4.17,2.25,1,0,241,Normal,0.0,0
2025-01-25 06:00:00,22,72.82,73.62,47.44,1.22,4.1,2,0,214,Pressure Drop,0.0,1
2025-01-05 19:42:00,43,78.56,38.98,42.64,3.53,1.95,0,0,477,Normal,0.0,0
2025-02-25 08:15:00,21,93.15,51.76,44.3,1.54,3.71,1,1,37,Normal,1.0,1
2025-01-14 11:49:00,47,75.0,41.82,52.88,3.02,2.74,1,0,359,Normal,0.0,0
2025-01-31 12:28:00,30,70.83,31.9,63.22,1.33,4.25,1,0,397,Normal,0.0,0
2025-03-03 21:51:00,20,66.72,71.36,75.04,1.27,3.92,1,0,160,Normal,0.0,0
2025-01-05 17:52:00,5,70.7,81.66,70.47,3.29,0.83,1,1,46,Normal,1.0,1
2025-03-04 01:12:00,4,59.96,78.44,49.77,1.62,1.1,1,0,487,Normal,0.0,0
2025-01-07 08:12:00,6,72.48,34.38,38.67,2.72,2.0,1,0,294,Normal,0.0,0
2025-01-12 22:12:00,21,80.77,56.64,71.85,4.31,1.38,2,0,418,Normal,0.0,1
2025-01-23 08:14:00,2,74.79,51.38,71.39,1.01,2.62,1,0,89,Normal,0.0,0
2025-01-14 11:04:00,25,93.22,43.4,51.69,3.28,3.28,1,1,17,Normal,1.0,1
2025-02-21 21:48:00,27,63.54,49.47,63.25,3.14,4.39,1,0,111,Normal,0.0,0
2025-01-22 02:16:00,40,58.29,54.91,38.4,3.56,2.7,0,0,223,Normal,0.0,0
2025-01-10 04:02:00,33,59.45,45.9,74.02,1.52,3.0,1,0,134,Normal,0.0,0
2025-01-26 23:20:00,23,69.72,57.68,72.88,1.68,3.71,2,0,461,Overheating,0.0,1
2025-02-24 10:07:00,35,62.64,17.53,42.87,4.98,0.54,1,0,139,Normal,0.0,0
2025-01-18 09:24:00,5,86.14,31.83,50.3,1.89,3.91,1,0,60,Normal,0.0,0
2025-01-24 09:11:00,40,76.82,28.09,38.41,3.38,3.66,1,0,321,Normal,0.0,0
2025-02-22 10:48:00,39,71.84,45.6,35.65,2.97,4.24,1,0,365,Normal,0.0,0
2025-02-03 01:20:00,45,90.49,61.18,61.37,2.64,0.76,1,1,12,Normal,1.0,1
2025-02-05 12:14:00,3,89.79,58.03,75.51,2.74,3.87,1,0,94,Normal,0.0,0
2025-02-22 15:42:00,32,64.3,69.01,51.13,2.74,2.87,0,0,206,Normal,0.0,0
2025-01-30 22:46:00,43,81.22,43.3,66.81,2.42,3.33,1,0,283,Normal,0.0,0
2025-01-29 22:12:00,5,61.66,50.39,37.91,1.1,2.36,1,0,180,Normal,0.0,0
2025-02-14 13:47:00,25,94.12,35.01,68.54,2.07,0.54,2,1,49,Electrical Fault,1.0,1
2025-01-21 18:21:00,18,91.97,49.1,78.56,1.16,4.66,1,1,15,Normal,1.0,1
2025-03-09 21:52:00,32,68.42,77.07,55.42,4.68,1.48,1,0,295,Normal,0.0,0
2025-01-11 20:40:00,46,70.46,50.82,60.59,4.66,3.01,1,0,166,Normal,0.0,0
2025-01-15 07:39:00,12,75.02,57.69,39.62,3.45,2.84,1,0,192,Normal,0.0,0
2025-01-25 15:28:00,24,72.53,62.14,74.13,4.04,2.42,1,0,122,Normal,0.0,0
2025-03-05 07:10:00,1,76.55,42.4,33.81,2.54,3.76,2,0,132,Normal,0.0,1
2025-01-10 10:52:00,10,65.49,49.99,65.56,3.06,1.29,0,0,396,Normal,0.0,0
2025-03-10 04:57:00,29,69.78,70.15,69.96,2.43,2.47,0,0,466,Normal,0.0,0
2025-02-22 12:28:00,12,74.66,29.65,67.68,2.05,4.86,1,0,444,Normal,0.0,0
2025-02-19 23:43:00,18,66.6,25.3,63.71,1.21,1.27,2,0,111,Vibration Issue,0.0,1
2025-03-06 21:04:00,49,84.6,45.55,69.76,4.92,1.92,1,0,299,Normal,0.0,0
2025-01-16 20:26:00,22,71.2,80.07,77.32,3.97,2.59,1,1,17,Normal,1.0,1
2025-02-05 06:02:00,28,80.88,36.81,78.28,2.8,3.43,1,0,359,Normal,0.0,0
2025-01-17 11:12:00,29,91.78,45.19,47.92,2.4,4.81,1,1,22,Normal,1.0,1
2025-01-22 16:01:00,12,90.07,70.08,51.0,2.39,1.8,1,1,7,Normal,1.0,1
2025-01-02 23:14:00,3,67.68,58.01,71.16,4.6,1.29,0,0,410,Normal,0.0,0
2025-02-03 18:54:00,43,73.4,79.55,35.55,3.78,4.06,1,0,116,Normal,0.0,0
2025-02-06 04:00:00,42,77.82,49.92,65.63,3.89,2.97,1,0,165,Normal,0.0,0
2025-01-06 08:57:00,34,73.02,65.15,67.81,3.01,1.55,1,0,25,Normal,0.0,0
2025-01-30 03:59:00,36,65.49,66.04,62.43,1.11,4.87,1,0,456,Normal,0.0,0
2025-01-21 02:39:00,37,85.75,48.1,63.16,1.53,1.37,1,0,372,Normal,0.0,0
2025-02-14 10:57:00,47,69.18,52.67,48.45,3.91,2.65,1,0,103,Normal,0.0,0
2025-01-13 23:28:00,8,68.36,52.48,69.38,1.17,2.66,0,0,484,Normal,0.0,0
2025-01-28 07:17:00,22,76.24,32.36,58.12,4.38,1.46,1,0,71,Normal,0.0,0
2025-02-13 04:56:00,35,81.52,36.44,56.7,2.61,2.43,1,0,18,Normal,0.0,1
2025-01-02 07:13:00,11,78.09,53.44,47.34,4.39,1.94,1,0,340,Normal,0.0,0
2025-02-25 06:22:00,24,78.89,52.16,58.35,1.43,4.46,1,0,260,Normal,0.0,0
2025-01-01 17:28:00,47,76.6,18.52,33.34,3.64,4.93,0,0,284,Normal,0.0,0
2025-02-05 02:48:00,6,79.67,44.07,64.29,2.89,3.97,1,0,462,Normal,0.0,0
2025-03-08 02:39:00,21,82.4,80.87,48.43,4.24,3.59,1,1,23,Normal,1.0,1
2025-01-25 09:00:00,5,76.79,56.12,75.01,3.64,1.33,1,0,76,Normal,0.0,0
2025-03-05 11:14:00,8,85.99,49.08,68.32,3.09,3.11,1,0,91,Normal,0.0,0
2025-01-27 12:26:00,4,67.87,74.54,41.87,2.26,2.92,1,0,311,Normal,0.0,0
2025-01-17 06:58:00,17,72.44,68.9,36.55,3.28,4.88,1,0,10,Normal,0.0,1
2025-02-11 07:47:00,24,77.2,32.13,39.43,4.34,1.11,1,0,164,Normal,0.0,0
2025-02-01 15:56:00,26,70.3,41.41,78.71,1.96,1.34,2,0,20,Overheating,0.0,1
2025-02-15 18:44:00,50,58.96,60.27,78.61,1.81,4.86,1,0,163,Normal,0.0,0
2025-02-21 00:58:00,25,78.65,52.98,50.83,2.78,4.55,1,0,285,Normal,0.0,0
2025-02-04 12:25:00,47,65.98,41.11,55.22,4.67,1.35,1,0,275,Normal,0.0,0
2025-01-07 04:35:00,41,89.87,19.43,43.35,1.51,1.95,1,0,178,Normal,0.0,0
2025-01-25 17:24:00,50,75.6,71.41,56.09,2.28,2.28,1,0,10,Normal,0.0,1
2025-01-23 19:18:00,35,76.05,42.86,64.14,1.23,1.12,1,0,278,Normal,0.0,0
2025-03-07 11:20:00,32,66.04,31.26,50.2,3.06,1.04,1,0,256,Normal,0.0,0
2025-02-09 13:15:00,34,56.76,70.64,30.09,4.26,4.16,1,0,118,Normal,0.0,0
2025-03-04 06:44:00,44,69.92,35.88,58.87,3.68,3.05,1,0,354,Normal,0.0,0
2025-01-11 21:17:00,13,69.14,18.23,45.66,4.48,2.7,1,0,158,Normal,0.0,0
2025-02-20 20:05:00,42,73.73,45.04,58.4,4.74,2.41,2,0,422,Overheating,0.0,1
2025-01-23 15:22:00,1,83.83,38.78,73.79,4.16,0.92,1,0,339,Normal,0.0,0
2025-02-21 04:40:00,17,59.89,36.16,74.67,1.3,1.36,1,0,47,Normal,0.0,0
2025-02-16 23:31:00,10,81.19,34.11,73.66,3.64,0.83,1,0,461,Normal,0.0,0
2025-03-09 16:11:00,47,92.43,23.57,72.27,3.81,4.44,1,1,11,Normal,1.0,1
2025-03-02 19:40:00,19,95.44,29.56,54.72,2.83,2.65,1,1,27,Normal,1.0,1
2025-02-05 22:53:00,26,54.88,53.87,34.61,3.23,1.23,1,0,349,Normal,0.0,0
2025-01-29 15:38:00,41,72.91,68.29,68.06,3.54,1.81,0,0,254,Normal,0.0,0
2025-01-04 14:48:00,12,80.63,40.83,35.59,4.92,0.7,2,0,242,Normal,0.0,1
2025-01-20 15:10:00,39,76.88,47.18,39.41,1.49,3.47,1,0,403,Normal,0.0,0
2025-01-27 20:29:00,48,65.21,76.73,61.76,3.4,2.86,1,0,163,Normal,0.0,0
2025-02-19 09:55:00,11,70.67,31.56,78.08,1.49,1.46,2,0,216,Normal,0.0,1
2025-03-09 21:23:00,14,92.86,49.6,70.67,1.99,4.92,1,1,8,Normal,1.0,1
2025-02-16 06:12:00,46,86.71,49.06,58.94,4.78,2.44,1,0,18,Normal,0.0,1
2025-02-06 05:41:00,38,94.02,50.84,45.6,4.45,4.43,1,1,15,Normal,1.0,1
2025-01-17 21:12:00,33,84.71,48.1,33.73,1.67,4.89,1,0,84,Normal,0.0,0
2025-01-24 20:17:00,19,62.56,67.19,54.42,4.71,0.91,1,0,47,Normal,0.0,0
2025-01-22 19:57:00,49,63.65,58.27,69.91,2.63,1.44,1,0,11,Normal,0.0,1
2025-01-27 08:59:00,36,77.08,69.76,75.53,2.02,2.99,1,0,56,Normal,0.0,0
2025-01-29 04:38:00,25,85.06,53.19,70.7,2.03,1.83,1,0,364,Normal,0.0,0
2025-01-08 09:56:00,25,74.97,53.18,48.85,2.36,4.84,1,0,12,Normal,0.0,1
2025-01-01 23:57:00,37,77.11,56.65,47.92,4.21,1.21,1,0,278,Normal,0.0,0
2025-02-25 06:23:00,38,67.22,61.64,39.56,3.14,2.9,1,0,483,Normal,0.0,0
2025-01-07 08:54:00,38,81.41,42.87,67.34,1.83,1.89,1,0,152,Normal,0.0,0
2025-01-03 05:17:00,34,76.78,56.36,57.4,3.73,3.64,1,0,150,Normal,0.0,0
2025-01-06 12:55:00,41,75.36,59.3,60.67,4.96,4.4,1,0,456,Normal,0.0,0
2025-02-02 21:38:00,28,84.78,65.67,60.67,1.73,1.51,1,0,488,Normal,0.0,0
2025-02-08 23:20:00,11,79.8,53.09,57.81,4.23,2.6,1,0,254,Normal,0.0,0
2025-03-01 13:00:00,31,77.63,47.6,70.15,2.72,4.46,1,0,21,Normal,0.0,0
2025-02-15 08:44:00,45,73.2,53.83,57.68,1.49,0.75,1,0,311,Normal,0.0,0
2025-02-28 19:45:00,24,68.32,84.42,66.88,3.36,4.95,1,1,10,Normal,1.0,1
2025-02-28 21:13:00,32,79.76,65.08,32.47,2.87,0.83,1,0,402,Normal,0.0,0
2025-01-17 02:30:00,20,83.16,45.0,55.2,2.07,2.56,1,0,247,Normal,0.0,0
2025-01-04 16:47:00,25,76.81,51.38,57.88,3.71,4.12,1,0,260,Normal,0.0,0
2025-02-25 12:08:00,13,69.69,36.8,79.28,4.08,1.4,1,0,459,Normal,0.0,0
2025-02-11 06:33:00,20,74.53,60.01,62.65,2.48,4.71,1,0,45,Normal,0.0,0
2025-03-05 09:51:00,21,75.29,54.78,48.38,2.42,4.3,2,0,151,Electrical Fault,0.0,1
2025-03-06 23:08:00,21,83.37,75.84,70.05,2.97,1.73,1,0,400,Normal,0.0,0
2025-02-02 17:20:00,34,83.02,63.05,40.0,1.86,4.61,1,0,123,Normal,0.0,0
2025-01-07 05:48:00,9,93.37,34.01,77.27,4.55,4.2,1,1,27,Normal,1.0,1
2025-02-07 22:10:00,19,85.99,31.74,72.67,1.71,2.48,1,0,106,Normal,0.0,0
2025-01-25 05:36:00,13,85.42,68.72,30.74,1.04,1.96,1,0,42,Normal,0.0,0
2025-03-10 16:10:00,12,83.1,64.32,30.28,2.78,4.72,1,0,288,Normal,0.0,0
2025-01-26 21:11:00,33,58.12,72.36,31.97,2.18,2.61,1,0,89,Normal,0.0,0
2025-03-06 06:36:00,43,84.41,11.59,72.24,3.57,3.84,1,0,177,Normal,0.0,0
2025-03-09 14:20:00,29,62.0,26.46,62.31,4.08,0.54,1,0,346,Normal,0.0,0
2025-01-12 02:34:00,28,66.5,67.18,49.57,3.98,3.12,1,0,424,Normal,0.0,0
2025-03-07 17:46:00,17,79.11,50.58,37.26,3.66,4.01,1,0,20,Normal,0.0,0
2025-02-19 15:13:00,38,74.24,32.27,73.03,2.22,3.71,1,0,437,Normal,0.0,0
2025-02-24 14:58:00,41,67.48,56.51,47.67,2.35,1.29,1,0,56,Normal,0.0,0
2025-01-02 05:38:00,30,75.42,44.1,74.22,2.38,1.19,1,0,387,Normal,0.0,0
2025-03-08 10:17:00,37,82.26,56.07,52.54,2.19,0.95,2,0,336,Normal,0.0,1
2025-01-01 22:09:00,33,68.38,69.98,55.32,3.56,2.48,1,0,360,Normal,0.0,0
2025-01-04 06:45:00,5,64.51,45.51,59.46,1.81,0.69,1,0,388,Normal,0.0,0
2025-02-07 14:17:00,11,83.21,44.09,66.59,2.26,1.95,1,0,51,Normal,0.0,0
2025-02-18 22:20:00,25,77.4,56.41,45.37,3.39,2.69,2,0,266,Vibration Issue,0.0,1
2025-02-27 19:18:00,42,83.02,69.03,33.04,3.48,3.63,1,0,185,Normal,0.0,0
2025-01-15 21:04:00,32,51.57,52.04,54.77,3.72,4.57,1,0,305,Normal,0.0,0
2025-02-09 21:15:00,38,65.6,56.0,47.28,1.58,3.95,1,0,311,Normal,0.0,0
2025-02-15 05:05:00,19,70.47,56.09,63.11,3.19,0.97,1,0,342,Normal,0.0,0
2025-02-04 01:06:00,32,62.09,52.38,33.86,1.68,2.07,1,0,36,Normal,0.0,0
2025-02-06 04:30:00,6,71.89,44.64,65.68,4.83,5.0,1,0,193,Normal,0.0,0
2025-02-01 09:13:00,19,72.68,82.6,68.93,1.04,2.78,1,1,46,Normal,1.0,1
2025-01-10 05:18:00,38,73.53,32.96,59.46,3.66,0.83,2,0,356,Pressure Drop,0.0,1
2025-03-05 13:34:00,9,84.42,65.76,52.39,1.18,0.88,1,0,483,Normal,0.0,0
2025-03-02 07:26:00,13,75.38,27.2,42.38,2.37,4.38,0,0,441,Normal,0.0,0
2025-02-01 15:36:00,24,62.06,70.63,64.29,1.94,3.77,1,0,286,Normal,0.0,0
2025-02-18 23:35:00,46,80.01,55.93,38.36,3.39,3.9,1,0,182,Normal,0.0,0
2025-01-05 10:38:00,32,74.52,54.14,36.11,2.76,2.47,1,0,233,Normal,0.0,0
2025-02-16 02:53:00,31,67.74,80.79,31.78,4.44,4.33,1,1,13,Normal,1.0,1
2025-02-22 13:42:00,41,62.85,46.42,60.89,1.76,1.49,1,0,493,Normal,0.0,0
2025-02-26 17:46:00,9,87.2,44.21,69.52,3.03,3.12,1,0,321,Normal,0.0,0
2025-01-28 21:27:00,24,83.58,53.95,76.33,3.8,4.0,1,0,404,Normal,0.0,0
2025-03-08 11:57:00,3,70.33,57.49,51.33,4.75,3.91,1,0,33,Normal,0.0,0
2025-02-15 18:11:00,41,92.13,57.39,68.21,1.11,3.48,0,1,7,Normal,1.0,1
2025-01-15 01:07:00,2,66.19,38.21,34.51,2.63,3.68,1,0,70,Normal,0.0,0
2025-01-04 17:38:00,17,60.1,25.28,71.47,1.49,1.2,2,0,101,Vibration Issue,0.0,1
2025-02-16 14:44:00,50,75.98,43.13,66.34,3.38,4.5,1,0,254,Normal,0.0,0
2025-02-28 04:06:00,48,77.76,64.01,76.54,1.32,3.26,1,0,336,Normal,0.0,0
2025-02-25 02:57:00,22,61.88,49.14,76.6,3.95,1.89,1,0,311,Normal,0.0,0
2025-02-13 00:08:00,36,70.52,65.06,50.39,1.44,3.06,1,0,266,Normal,0.0,0
2025-01-27 19:09:00,32,75.13,37.23,52.96,4.93,1.17,1,0,201,Normal,0.0,0
2025-01-10 22:20:00,48,69.26,64.11,73.89,3.99,1.4,1,0,388,Normal,0.0,0
2025-03-08 20:40:00,12,64.05,65.97,69.1,1.01,1.56,1,0,296,Normal,0.0,0
2025-02-28 23:28:00,24,74.63,48.22,36.96,1.6,4.11,2,0,303,Normal,0.0,1
2025-02-23 05:37:00,12,97.0,75.02,75.96,2.04,2.16,1,1,18,Normal,1.0,1
2025-01-03 09:20:00,9,74.72,55.25,40.29,1.8,2.75,1,0,198,Normal,0.0,0
2025-02-06 05:07:00,23,69.0,71.29,59.99,3.91,3.71,1,0,48,Normal,0.0,0
2025-02-15 18:17:00,25,86.39,61.03,52.23,2.71,4.05,1,0,438,Normal,0.0,0
2025-03-03 12:29:00,23,85.83,42.39,45.24,4.56,1.35,1,0,411,Normal,0.0,0
2025-02-17 15:18:00,32,71.86,69.36,50.55,2.44,2.79,1,0,372,Normal,0.0,0
2025-02-12 02:40:00,32,76.14,50.66,65.4,4.38,0.89,1,0,443,Normal,0.0,0
2025-01-19 02:35:00,4,91.5,33.91,50.01,2.56,4.94,1,1,48,Normal,1.0,1
2025-02-18 22:15:00,31,87.47,81.65,42.33,3.25,2.29,1,1,44,Normal,1.0,1
2025-02-20 01:25:00,22,77.25,37.03,33.46,4.65,2.73,0,0,196,Normal,0.0,0
2025-03-10 14:05:00,42,84.65,39.56,45.98,1.93,4.25,2,0,291,Vibration Issue,0.0,1
2025-02-19 17:35:00,22,68.4,48.7,79.38,3.89,2.92,1,0,481,Normal,0.0,0
2025-01-03 18:58:00,24,73.43,39.49,63.66,1.91,1.97,1,0,463,Normal,0.0,0
2025-01-25 13:10:00,6,87.65,44.92,42.31,3.03,1.96,1,0,261,Normal,0.0,0
2025-02-13 00:35:00,32,70.11,56.41,39.51,4.04,0.93,1,0,249,Normal,0.0,0
2025-02-03 15:02:00,26,68.57,30.79,62.1,3.45,2.64,1,0,379,Normal,0.0,0
2025-03-10 23:11:00,4,82.8,53.09,64.71,2.37,3.42,1,0,470,Normal,0.0,0
2025-02-16 13:45:00,6,81.44,39.35,41.33,3.8,1.88,1,0,281,Normal,0.0,0
2025-02-10 13:13:00,22,75.03,42.07,63.87,3.91,3.88,0,0,332,Normal,0.0,0
2025-01-05 09:09:00,16,83.23,39.18,79.74,4.71,2.56,1,0,86,Normal,0.0,0
2025-01-02 04:41:00,34,85.41,48.36,55.32,3.0,3.92,1,0,54,Normal,0.0,0
2025-02-22 05:41:00,46,61.32,32.93,40.56,1.1,3.74,1,0,100,Normal,0.0,0
2025-01-12 21:50:00,25,70.38,58.13,66.49,2.36,1.08,1,0,213,Normal,0.0,0
2025-02-23 03:21:00,28,68.05,70.0,72.09,4.71,2.49,1,0,362,Normal,0.0,0
2025-01-01 06:55:00,8,77.06,48.36,58.59,3.34,1.12,1,0,337,Normal,0.0,0
2025-01-27 22:39:00,48,78.0,40.58,55.73,3.36,0.53,2,0,384,Pressure Drop,0.0,1
2025-02-23 08:28:00,43,71.72,60.12,31.67,4.68,2.78,1,0,310,Normal,0.0,0
2025-01-10 20:04:00,47,72.77,41.57,55.28,2.14,4.56,1,0,325,Normal,0.0,0
2025-02-12 07:24:00,19,70.15,40.83,35.63,1.02,3.85,0,0,408,Normal,0.0,0
2025-01-18 13:01:00,3,76.83,53.52,70.19,1.08,2.47,1,0,417,Normal,0.0,0
2025-01-02 05:44:00,14,69.29,89.69,67.4,1.2,3.93,1,1,6,Normal,1.0,1
2025-01-17 04:10:00,1,72.64,59.43,40.71,2.34,1.52,2,0,428,Normal,0.0,1
2025-01-23 05:14:00,9,51.29,65.58,71.4,1.65,2.64,1,0,19,Normal,0.0,1
2025-01-02 23:11:00,2,81.05,20.09,43.37,2.09,3.66,1,0,93,Normal,0.0,0
2025-02-03 12:05:00,6,87.6,36.63,51.84,4.65,1.99,1,0,300,Normal,0.0,0
2025-03-08 17:02:00,31,72.79,47.47,61.13,2.47,2.93,1,0,269,Normal,0.0,0
2025-01-09 07:44:00,29,92.46,49.71,77.62,1.31,1.54,2,1,20,Vibration Issue,1.0,1
2025-01-10 10:00:00,17,78.3,58.82,41.77,3.86,3.07,2,0,313,Vibration Issue,0.0,1
2025-02-06 09:40:00,38,75.97,66.08,72.23,1.89,3.6,1,0,402,Normal,0.0,0
2025-01-24 13:40:00,13,62.01,56.96,78.95,2.85,2.43,1,0,93,Normal,0.0,0
2025-01-25 01:47:00,15,69.2,72.7,71.95,3.01,1.34,1,0,156,Normal,0.0,0
2025-01-04 03:20:00,5,73.58,40.73,65.86,2.09,2.54,1,0,34,Normal,0.0,0
2025-01-28 05:17:00,48,73.59,44.95,34.91,3.11,4.43,2,0,443,Vibration Issue,0.0,1
2025-01-19 20:14:00,48,83.03,52.11,41.19,4.36,2.69,1,0,246,Normal,0.0,0
2025-01-28 09:01:00,18,68.15,50.82,61.96,3.56,4.28,1,0,332,Normal,0.0,0
2025-01-31 07:21:00,22,69.88,56.18,74.73,1.47,4.8,1,0,427,Normal,0.0,0
2025-01-24 04:00:00,20,66.6,29.54,53.25,1.43,3.64,1,0,80,Normal,0.0,0
2025-02-21 04:32:00,30,80.4,49.27,53.53,2.9,4.87,0,0,274,Normal,0.0,0
2025-01-22 21:42:00,30,83.7,44.11,53.79,1.82,3.21,1,0,394,Normal,0.0,0
2025-01-31 10:40:00,33,79.24,57.26,63.73,1.68,2.53,1,0,80,Normal,0.0,0
2025-01-05 23:09:00,16,78.74,47.27,56.78,4.48,4.76,0,0,49,Normal,0.0,0
2025-01-14 02:20:00,9,70.37,62.89,39.29,4.68,2.32,1,0,260,Normal,0.0,0
2025-03-05 17:53:00,50,78.51,40.75,56.32,1.91,3.28,1,0,423,Normal,0.0,0
2025-02-28 07:02:00,23,78.79,59.48,63.48,1.15,4.79,1,0,136,Normal,0.0,0
2025-01-06 19:02:00,47,82.88,47.65,78.93,3.15,4.71,1,0,297,Normal,0.0,0
2025-01-22 03:33:00,8,83.47,54.98,45.5,1.75,4.89,1,0,450,Normal,0.0,0
2025-01-15 22:35:00,50,74.29,62.9,60.42,1.71,0.73,1,0,187,Normal,0.0,0
2025-03-09 06:57:00,27,76.17,52.52,73.62,2.55,2.88,0,0,32,Normal,0.0,0
2025-03-09 03:43:00,41,61.37,69.32,52.01,4.71,3.11,2,0,431,Vibration Issue,0.0,1
2025-03-04 21:56:00,11,72.95,66.7,62.65,3.27,0.92,1,0,317,Normal,0.0,0
2025-01-02 04:15:00,38,92.73,38.38,60.66,1.61,2.43,1,1,35,Normal,1.0,1
2025-02-13 05:56:00,39,66.61,75.35,31.52,3.06,2.59,1,0,284,Normal,0.0,0
2025-02-27 21:48:00,1,62.53,44.73,59.32,4.24,3.17,1,0,90,Normal,0.0,0
2025-03-05 18:10:00,30,62.83,29.44,65.0,1.2,1.28,1,0,190,Normal,0.0,0
2025-01-07 13:21:00,17,87.1,50.91,66.83,4.34,3.24,0,0,253,Normal,0.0,0
2025-01-10 21:26:00,14,79.04,60.62,74.84,4.5,1.0,2,0,77,Electrical Fault,0.0,1
2025-02-04 22:24:00,50,74.23,34.06,67.4,2.44,3.41,1,0,261,Normal,0.0,0
2025-01-02 00:53:00,26,73.68,60.62,33.16,3.33,3.76,1,0,247,Normal,0.0,0
2025-02-28 10:49:00,23,79.98,61.2,75.4,2.69,4.95,1,0,61,Normal,0.0,0
2025-02-03 00:26:00,6,90.83,46.01,38.24,4.76,3.55,2,1,11,Vibration Issue,1.0,1
2025-01-01 16:00:00,37,74.82,58.15,79.14,4.08,1.8,1,0,100,Normal,0.0,0
2025-01-02 19:09:00,43,68.67,58.03,74.11,2.34,2.49,1,0,423,Normal,0.0,0
2025-03-11 01:48:00,2,83.65,48.45,41.35,2.9,2.4,1,0,476,Normal,0.0,0
2025-02-02 16:33:00,7,78.36,47.39,57.64,2.8,2.77,1,0,210,Normal,0.0,0
2025-01-09 16:16:00,6,77.13,63.91,36.78,3.4,2.87,0,0,193,Normal,0.0,0
2025-02-11 20:19:00,33,82.69,50.15,41.77,4.57,2.84,1,0,423,Normal,0.0,0
2025-02-08 08:10:00,18,74.14,36.22,69.69,3.64,1.19,1,0,80,Normal,0.0,0
2025-02-26 00:00:00,10,84.93,62.65,75.77,4.79,2.25,1,0,356,Normal,0.0,0
2025-01-27 09:21:00,22,74.06,26.16,61.39,2.27,3.65,1,0,28,Normal,0.0,0
2025-02-15 23:30:00,11,88.5,45.14,49.48,1.63,3.22,1,0,151,Normal,0.0,0
2025-01-03 09:35:00,41,76.54,61.55,73.22,1.3,2.01,0,0,171,Normal,0.0,0
2025-02-08 18:01:00,17,73.47,41.21,72.06,2.88,2.05,1,0,394,Normal,0.0,0
2025-01-22 19:39:00,39,71.82,42.61,40.13,2.86,4.32,1,0,354,Normal,0.0,0
2025-01-17 02:19:00,8,89.38,51.57,40.1,2.1,3.99,2,0,480,Overheating,0.0,1
2025-01-24 22:17:00,30,72.12,56.29,37.41,4.83,3.8,1,0,428,Normal,0.0,0
2025-02-17 00:34:00,46,66.92,63.14,74.49,1.63,1.72,1,0,103,Normal,0.0,0
2025-02-09 15:16:00,37,75.38,59.21,73.98,3.19,2.87,1,0,141,Normal,0.0,0
2025-01-12 00:56:00,47,75.76,36.07,66.27,4.75,4.97,1,0,441,Normal,0.0,0
2025-01-10 19:14:00,33,75.06,45.68,38.5,1.93,0.88,1,0,276,Normal,0.0,0
2025-02-28 15:49:00,39,87.64,46.2,30.77,1.44,2.21,1,0,315,Normal,0.0,0
2025-01-06 20:16:00,31,73.27,44.33,57.72,1.94,0.59,1,0,240,Normal,0.0,0
2025-01-05 07:43:00,32,81.18,54.21,42.02,3.05,1.24,1,0,88,Normal,0.0,0
2025-02-26 00:45:00,8,81.36,23.48,45.72,4.89,2.02,1,0,282,Normal,0.0,0
2025-01-23 14:41:00,20,72.84,41.64,36.86,4.32,1.27,1,0,327,Normal,0.0,0
2025-02-10 05:26:00,33,69.37,69.89,75.76,2.54,2.56,1,0,488,Normal,0.0,0
2025-01-17 06:15:00,23,78.98,50.34,55.6,4.39,3.42,1,0,311,Normal,0.0,0
2025-01-15 22:29:00,48,58.17,41.71,74.53,2.24,4.62,1,0,380,Normal,0.0,0
2025-02-26 18:51:00,19,63.81,57.91,57.0,4.23,2.01,1,0,346,Normal,0.0,0
2025-03-01 06:06:00,9,93.2,21.08,57.24,4.5,1.98,0,1,12,Normal,1.0,1
2025-01-22 05:20:00,4,59.73,48.53,42.69,3.67,3.44,0,0,316,Normal,0.0,0
2025-01-01 13:16:00,31,58.27,75.63,75.85,5.0,1.13,1,0,355,Normal,0.0,0
2025-01-20 21:55:00,14,49.94,36.33,51.22,3.6,4.65,1,0,119,Normal,0.0,0
2025-01-29 00:27:00,10,68.29,46.48,65.57,4.73,0.76,1,0,488,Normal,0.0,0
2025-02-03 23:56:00,16,87.14,63.34,52.77,1.54,3.24,1,0,194,Normal,0.0,0
2025-02-21 18:55:00,3,43.55,47.4,46.18,3.06,3.31,1,0,244,Normal,0.0,0
2025-01-13 11:43:00,26,64.34,58.99,54.47,1.83,2.62,1,0,470,Normal,0.0,0
2025-03-08 09:59:00,17,59.71,59.54,62.18,4.7,4.6,1,0,199,Normal,0.0,0
2025-03-07 11:31:00,8,62.45,61.98,31.5,1.27,2.87,1,0,197,Normal,0.0,0
2025-03-05 11:40:00,49,91.58,55.94,72.31,1.73,3.46,1,1,10,Normal,1.0,1
2025-02-05 06:46:00,30,68.46,40.01,52.85,2.31,4.63,1,0,148,Normal,0.0,0
2025-02-17 08:13:00,49,64.81,50.68,68.71,4.69,3.61,2,0,181,Vibration Issue,0.0,1
2025-03-03 04:01:00,33,77.26,64.75,37.71,1.74,4.9,2,0,305,Vibration Issue,0.0,1
2025-01-21 19:14:00,7,67.55,46.01,35.98,1.25,1.61,1,0,42,Normal,0.0,0
2025-01-14 22:44:00,48,72.14,53.83,60.36,1.59,0.64,1,0,322,Normal,0.0,0
2025-03-05 17:56:00,33,78.54,45.9,54.62,3.74,1.21,2,0,383,Vibration Issue,0.0,1
2025-01-21 03:06:00,39,63.75,58.48,43.34,2.51,1.24,1,0,106,Normal,0.0,0
2025-02-10 06:03:00,46,63.01,44.81,43.17,4.39,2.11,2,0,441,Pressure Drop,0.0,1
2025-01-16 07:49:00,43,84.92,34.79,35.69,1.43,1.61,1,0,251,Normal,0.0,0
2025-01-28 13:57:00,35,86.14,41.95,77.67,1.05,2.85,0,0,203,Normal,0.0,0
2025-02-24 09:24:00,20,76.57,88.18,32.4,2.93,2.57,1,1,28,Normal,1.0,1
2025-01-11 15:41:00,22,73.89,36.51,33.1,1.13,0.86,0,0,349,Normal,0.0,0
2025-02-13 05:08:00,30,73.7,49.88,78.19,2.07,2.85,1,0,336,Normal,0.0,0
2025-02-14 09:55:00,6,83.69,65.35,73.49,3.64,3.34,1,0,139,Normal,0.0,0
2025-01-29 12:02:00,21,78.37,41.0,77.15,4.41,4.92,1,0,279,Normal,0.0,0
2025-02-24 15:49:00,14,62.92,37.91,63.93,3.66,2.55,1,0,248,Normal,0.0,0
2025-03-05 16:54:00,25,70.85,50.28,35.37,3.02,0.65,0,0,235,Normal,0.0,0
2025-03-03 06:26:00,28,94.27,55.12,55.14,3.37,1.58,1,1,13,Normal,1.0,1
2025-02-01 03:36:00,41,79.59,60.34,62.63,3.38,1.85,1,0,192,Normal,0.0,0
2025-01-16 09:54:00,27,75.18,59.1,52.18,3.16,4.44,1,0,339,Normal,0.0,0
2025-02-18 13:51:00,38,85.61,48.99,57.37,2.41,1.93,1,0,141,Normal,0.0,0
2025-02-22 20:22:00,26,86.91,23.81,40.83,1.0,3.87,2,0,324,Vibration Issue,0.0,1
2025-02-11 05:21:00,11,72.11,85.72,79.77,1.69,3.77,1,1,28,Normal,1.0,1
2025-02-22 05:34:00,2,72.56,88.87,41.69,4.75,1.65,1,1,45,Normal,1.0,1
2025-02-16 06:44:00,28,75.78,43.74,40.43,4.82,4.76,1,0,315,Normal,0.0,0
2025-02-23 19:23:00,10,89.47,71.4,71.21,2.51,1.88,1,0,287,Normal,0.0,0
2025-01-23 07:23:00,50,69.45,49.99,32.4,3.8,1.82,1,0,127,Normal,0.0,0
2025-01-07 19:28:00,34,50.77,27.95,69.92,3.95,1.7,1,0,360,Normal,0.0,0
2025-02-03 23:55:00,28,69.3,53.28,60.96,3.01,3.6,1,0,257,Normal,0.0,0
2025-01-27 19:29:00,46,97.85,61.94,65.91,1.79,0.56,1,1,4,Normal,1.0,1
2025-03-05 16:32:00,41,72.89,51.19,38.3,2.87,1.01,1,0,123,Normal,0.0,0
2025-02-01 19:38:00,31,76.93,68.37,79.31,3.24,4.07,1,0,280,Normal,0.0,0
2025-01-13 12:08:00,37,86.62,47.91,32.06,2.14,4.2,1,0,286,Normal,0.0,0
2025-03-08 13:50:00,50,85.73,45.72,36.07,2.89,4.77,1,0,271,Normal,0.0,0
2025-01-12 11:45:00,16,82.48,54.71,34.24,4.06,4.91,1,0,423,Normal,0.0,0
2025-01-19 10:45:00,5,80.96,51.39,51.65,1.74,0.86,1,0,276,Normal,0.0,0
2025-01-28 11:50:00,7,75.69,38.6,42.84,2.58,0.96,1,0,152,Normal,0.0,0
2025-01-17 04:02:00,18,51.47,66.05,47.5,4.63,0.68,1,0,199,Normal,0.0,0
2025-03-05 10:33:00,15,72.04,56.16,49.72,1.94,3.4,1,0,189,Normal,0.0,0
2025-02-08 01:26:00,38,85.22,27.33,74.89,1.8,1.03,1,0,360,Normal,0.0,0
2025-02-23 10:29:00,24,80.73,63.21,76.64,4.41,0.53,1,0,181,Normal,0.0,0
2025-02-15 05:52:00,19,65.0,54.97,51.0,1.23,0.58,1,0,216,Normal,0.0,0
2025-02-08 03:44:00,13,73.75,66.42,34.97,1.44,1.07,1,0,246,Normal,0.0,0
2025-01-28 18:50:00,27,74.56,57.99,60.13,1.95,3.39,1,0,311,Normal,0.0,0
2025-02-10 14:12:00,30,63.14,59.42,70.44,1.21,1.17,1,0,421,Normal,0.0,0
2025-01-21 03:21:00,47,87.84,40.24,41.08,4.83,3.04,1,0,363,Normal,0.0,0
2025-02-28 17:09:00,15,67.11,61.23,49.66,4.67,4.76,0,0,424,Normal,0.0,0
2025-03-08 07:28:00,19,84.03,67.0,41.34,4.73,1.97,1,0,241,Normal,0.0,0
2025-02-12 00:24:00,38,87.49,62.29,66.09,3.88,0.89,1,0,99,Normal,0.0,0
2025-03-11 08:58:00,41,88.12,58.26,66.13,3.3,3.58,1,0,424,Normal,0.0,0
2025-02-06 17:49:00,14,68.05,53.04,75.76,2.7,2.92,1,0,379,Normal,0.0,0
2025-03-01 22:17:00,47,59.1,23.26,65.35,1.79,0.83,1,0,127,Normal,0.0,0
2025-01-16 11:20:00,39,67.3,86.27,55.9,4.22,1.19,1,1,14,Normal,1.0,1
2025-02-05 23:33:00,41,57.6,76.28,35.43,4.18,4.76,1,0,340,Normal,0.0,0
2025-02-01 00:37:00,19,82.69,27.47,60.91,2.11,2.34,1,0,80,Normal,0.0,0
2025-01-09 01:42:00,14,88.08,73.43,46.8,1.39,4.09,2,0,308,Pressure Drop,0.0,1
2025-01-15 06:23:00,1,80.45,66.02,60.16,3.34,4.26,1,0,65,Normal,0.0,0
2025-01-02 13:16:00,49,72.82,63.04,34.42,4.58,0.75,1,0,287,Normal,0.0,0
2025-01-04 18:58:00,7,62.54,52.8,54.87,3.53,4.97,1,0,50,Normal,0.0,0
2025-02-08 09:55:00,30,91.5,14.13,59.53,1.87,1.73,1,1,22,Normal,1.0,1
2025-01-20 13:14:00,29,75.44,56.08,48.87,2.19,2.73,1,0,211,Normal,0.0,0
2025-02-23 20:29:00,21,71.25,56.23,75.71,4.55,4.38,1,0,235,Normal,0.0,0
2025-01-28 16:53:00,39,73.01,43.32,66.99,1.38,3.77,2,0,261,Vibration Issue,0.0,1
2025-01-29 08:14:00,15,66.01,44.59,33.09,3.38,1.5,1,0,22,Normal,0.0,0
2025-02-25 20:59:00,27,83.83,69.32,38.31,4.38,0.62,1,0,165,Normal,0.0,0
2025-01-16 17:06:00,11,68.56,62.21,37.58,1.38,3.3,1,0,165,Normal,0.0,0
2025-01-03 09:29:00,9,63.81,69.18,54.4,2.46,4.41,1,0,134,Normal,0.0,0
2025-01-21 09:02:00,2,73.81,29.68,67.28,4.25,3.62,1,0,59,Normal,0.0,0
2025-01-03 09:18:00,7,87.59,51.21,30.91,3.04,4.61,1,0,32,Normal,0.0,0
2025-02-19 15:57:00,41,82.79,43.01,67.64,4.37,1.44,1,0,479,Normal,0.0,0
2025-01-30 13:52:00,32,94.83,52.6,36.68,2.3,3.66,1,1,43,Normal,1.0,1
2025-02-18 02:28:00,35,79.92,55.86,74.1,3.42,1.19,2,0,186,Vibration Issue,0.0,1
2025-03-08 13:03:00,42,75.01,48.93,37.32,3.21,4.53,2,0,488,Vibration Issue,0.0,1
2025-03-09 23:09:00,25,73.24,41.73,38.0,3.27,1.13,0,0,354,Normal,0.0,0
2025-01-07 18:39:00,37,73.78,81.34,33.22,1.97,2.56,0,1,4,Normal,1.0,1
2025-02-06 18:47:00,50,101.05,49.95,69.48,2.99,3.69,0,1,2,Normal,1.0,1
2025-01-16 15:15:00,3,87.47,63.03,64.67,3.5,1.95,1,0,333,Normal,0.0,0
2025-01-24 10:02:00,14,74.21,51.11,46.18,4.53,3.24,2,0,93,Overheating,0.0,1
2025-01-22 10:50:00,29,78.31,40.93,54.26,3.24,1.37,1,0,112,Normal,0.0,0
2025-02-19 23:02:00,41,75.15,34.78,79.76,4.39,2.18,1,0,215,Normal,0.0,0
2025-01-31 16:49:00,8,77.52,66.88,49.8,1.43,2.77,1,0,116,Normal,0.0,0
2025-02-17 10:15:00,4,69.77,63.16,66.88,4.17,3.15,1,0,450,Normal,0.0,0
2025-01-09 20:23:00,37,77.6,34.88,50.31,1.15,2.34,1,0,466,Normal,0.0,0
2025-03-05 04:09:00,44,73.22,53.73,30.76,3.26,3.13,1,0,38,Normal,0.0,0
2025-02-23 09:27:00,22,74.0,37.24,51.08,4.3,2.04,1,0,327,Normal,0.0,0
2025-01-31 23:04:00,29,56.69,38.72,67.54,3.79,2.9,1,0,205,Normal,0.0,0
2025-01-08 01:43:00,13,72.94,38.02,79.93,2.47,1.48,1,0,157,Normal,0.0,0
2025-02-18 10:16:00,22,81.26,65.13,34.69,2.53,3.37,1,0,51,Normal,0.0,0
2025-02-25 00:53:00,32,73.1,28.05,33.72,3.86,1.5,1,0,49,Normal,0.0,0
2025-03-01 00:11:00,29,57.21,38.75,38.74,1.27,1.22,1,0,368,Normal,0.0,0
2025-01-09 07:11:00,46,95.08,44.66,62.23,1.86,2.21,0,1,14,Normal,1.0,1
2025-02-07 19:54:00,26,76.74,59.73,79.11,1.86,3.59,1,0,440,Normal,0.0,0
2025-01-02 02:45:00,42,85.84,25.55,54.74,3.19,1.64,1,0,488,Normal,0.0,0
2025-01-21 16:43:00,26,74.19,49.14,62.68,3.31,4.18,1,0,420,Normal,0.0,0
2025-02-26 19:26:00,32,64.77,30.52,40.65,2.16,1.16,2,0,373,Vibration Issue,0.0,1
2025-01-06 22:45:00,50,92.62,59.35,60.15,4.18,1.85,1,1,36,Normal,1.0,1
2025-02-22 11:51:00,22,79.07,45.18,65.34,4.29,2.92,1,0,104,Normal,0.0,0
2025-02-01 23:04:00,46,75.73,46.25,46.37,2.59,2.94,1,0,267,Normal,0.0,0
2025-03-06 10:49:00,5,72.32,68.01,66.42,3.51,3.13,2,0,324,Overheating,0.0,1
2025-02-22 23:39:00,20,69.93,64.93,68.5,1.37,0.74,2,0,332,Electrical Fault,0.0,1
2025-01-21 10:53:00,24,75.62,38.77,36.05,1.38,2.62,1,0,238,Normal,0.0,0
2025-01-16 08:59:00,12,83.58,39.57,54.29,2.19,4.2,1,0,290,Normal,0.0,0
2025-02-13 10:31:00,9,88.24,53.74,49.72,1.7,4.04,1,0,242,Normal,0.0,0
2025-01-05 04:13:00,44,87.71,55.12,45.48,2.65,1.4,1,0,153,Normal,0.0,0
2025-02-06 08:13:00,24,64.12,83.73,48.65,4.53,4.19,0,1,30,Normal,1.0,1
2025-01-23 04:36:00,22,84.28,80.24,49.07,3.61,1.08,1,1,37,Normal,1.0,1
2025-01-24 05:11:00,34,72.65,57.96,45.52,2.88,2.67,2,0,16,Vibration Issue,0.0,1
2025-01-02 07:46:00,17,68.7,35.65,74.61,1.97,1.85,1,0,357,Normal,0.0,0
2025-01-20 11:34:00,39,57.0,57.9,54.93,4.71,1.65,1,0,429,Normal,0.0,0
2025-01-19 19:34:00,1,78.58,51.63,49.95,4.21,4.33,1,0,346,Normal,0.0,0
2025-01-20 13:43:00,5,69.24,40.95,37.13,1.43,0.71,1,0,158,Normal,0.0,0
2025-01-11 05:37:00,37,72.31,66.88,43.82,4.12,2.8,1,0,208,Normal,0.0,0
2025-02-14 16:11:00,11,89.43,50.71,69.09,4.89,2.28,1,0,216,Normal,0.0,0
2025-03-05 12:28:00,20,84.07,40.61,76.18,2.09,3.59,0,0,491,Normal,0.0,0
2025-03-11 07:45:00,21,70.81,33.53,60.47,2.43,2.0,1,0,425,Normal,0.0,0
2025-01-25 19:53:00,43,100.73,29.86,30.68,2.61,1.92,0,1,29,Normal,1.0,1
2025-01-31 19:27:00,4,72.91,64.22,71.62,3.06,1.77,1,0,320,Normal,0.0,0
2025-01-15 11:38:00,12,86.78,41.78,69.33,4.64,1.92,1,0,53,Normal,0.0,0
2025-02-21 09:49:00,28,79.73,60.33,68.5,4.55,2.71,2,0,34,Normal,0.0,1
2025-01-07 17:41:00,46,51.79,33.86,56.56,2.95,2.01,1,0,441,Normal,0.0,0
2025-03-01 04:28:00,42,69.72,59.12,42.5,1.09,4.58,1,0,259,Normal,0.0,0
2025-01-23 13:25:00,48,81.1,63.19,40.34,3.69,3.4,2,0,215,Electrical Fault,0.0,1
2025-02-05 15:51:00,50,78.5,53.32,45.61,4.0,4.75,1,0,145,Normal,0.0,0
2025-01-27 11:38:00,40,66.94,19.92,59.33,1.84,0.74,1,0,122,Normal,0.0,0
2025-03-11 01:40:00,50,80.99,41.65,32.36,4.23,2.47,1,0,479,Normal,0.0,0
2025-01-29 14:59:00,2,85.34,34.43,51.28,3.45,4.83,2,0,255,Vibration Issue,0.0,1
2025-01-25 15:05:00,26,96.53,65.85,51.53,4.47,3.01,1,1,49,Normal,1.0,1
2025-01-27 15:02:00,11,81.9,40.25,77.5,4.16,0.93,0,0,63,Normal,0.0,0
2025-02-19 09:14:00,31,80.39,40.44,54.17,2.56,4.25,2,0,453,Overheating,0.0,1
2025-02-06 06:23:00,50,69.46,48.47,70.61,4.8,2.86,1,0,316,Normal,0.0,0
2025-01-02 23:37:00,11,85.98,46.9,57.81,3.22,1.54,2,0,371,Normal,0.0,1
2025-02-26 14:31:00,34,89.06,62.87,39.82,2.1,3.8,1,0,424,Normal,0.0,0
2025-01-08 02:30:00,25,83.57,81.95,53.51,4.12,0.84,1,1,47,Normal,1.0,1
2025-01-07 17:04:00,26,68.02,69.14,39.01,2.28,1.62,1,0,310,Normal,0.0,0
2025-03-04 01:50:00,2,68.11,48.29,30.05,3.72,2.06,0,0,424,Normal,0.0,0
2025-02-27 18:29:00,13,68.22,82.62,78.29,4.24,2.22,1,1,9,Normal,1.0,1
2025-02-13 16:17:00,39,96.32,61.26,45.01,1.25,4.82,1,1,49,Normal,1.0,1
2025-02-07 18:51:00,47,96.99,59.47,42.21,2.19,4.93,1,1,18,Normal,1.0,1
2025-02-24 13:10:00,32,70.03,62.11,63.06,3.9,3.84,1,0,45,Normal,0.0,0
2025-02-18 19:05:00,29,75.7,49.86,65.45,2.42,3.44,0,0,100,Normal,0.0,0
2025-01-28 21:58:00,39,68.95,57.26,56.61,2.33,2.92,1,0,233,Normal,0.0,0
2025-02-06 18:30:00,29,77.45,51.64,39.37,1.11,0.59,0,0,285,Normal,0.0,0
2025-01-27 08:25:00,45,94.97,34.22,55.64,2.45,1.9,1,1,37,Normal,1.0,1
2025-02-06 21:46:00,4,81.27,60.45,65.14,2.44,2.21,1,0,353,Normal,0.0,0
2025-02-04 20:55:00,28,76.32,62.0,54.36,4.58,0.55,1,0,484,Normal,0.0,0
2025-01-19 06:45:00,15,72.09,35.04,30.86,2.18,4.32,1,0,246,Normal,0.0,0
2025-02-06 22:35:00,41,73.14,25.51,40.63,2.66,4.7,0,0,100,Normal,0.0,0
2025-01-09 01:27:00,26,68.41,39.75,47.86,2.22,4.06,0,0,309,Normal,0.0,0
2025-03-02 23:06:00,16,63.72,66.81,65.99,2.45,1.02,1,0,100,Normal,0.0,0
2025-03-05 07:06:00,35,59.89,60.16,31.91,4.38,2.26,1,0,357,Normal,0.0,0
2025-01-23 02:18:00,36,85.46,43.46,79.83,1.2,4.23,2,0,45,Pressure Drop,0.0,1
2025-02-13 21:50:00,23,59.32,64.32,51.22,4.06,1.52,1,0,307,Normal,0.0,0
2025-01-08 07:47:00,21,70.89,72.75,44.75,2.42,3.92,1,0,487,Normal,0.0,0
2025-02-14 04:40:00,45,77.54,29.57,37.58,1.08,1.23,1,0,327,Normal,0.0,0
2025-02-10 01:23:00,41,79.44,30.86,32.39,2.2,1.29,1,0,88,Normal,0.0,0
2025-02-19 07:00:00,49,76.17,61.69,30.77,3.42,2.45,1,0,433,Normal,0.0,0
2025-01-25 16:12:00,17,63.09,33.01,61.57,2.0,1.25,1,0,291,Normal,0.0,0
2025-02-18 07:10:00,45,68.88,34.82,47.64,1.06,4.79,1,0,130,Normal,0.0,0
2025-02-18 00:41:00,25,71.92,27.03,61.55,2.06,2.55,1,0,215,Normal,0.0,0
2025-01-31 22:07:00,19,76.44,69.27,40.77,3.75,3.46,1,0,360,Normal,0.0,0
2025-02-23 17:58:00,10,86.9,62.98,44.31,3.47,4.47,1,0,478,Normal,0.0,0
2025-01-09 21:30:00,4,65.82,55.21,40.75,3.4,3.27,0,0,386,Normal,0.0,0
2025-02-13 08:57:00,1,83.33,54.97,77.55,3.25,1.64,2,0,209,Overheating,0.0,1
2025-01-18 06:48:00,38,64.33,29.92,52.27,3.13,0.54,0,0,419,Normal,0.0,0
2025-01-17 23:58:00,35,61.59,74.83,60.47,3.3,1.55,1,0,248,Normal,0.0,0
2025-02-11 13:08:00,40,86.35,42.88,48.49,3.74,1.51,1,0,396,Normal,0.0,0
2025-01-14 10:13:00,34,78.7,55.37,76.78,4.51,4.14,1,0,272,Normal,0.0,0
2025-03-10 19:10:00,50,60.6,52.06,37.07,3.7,2.04,0,0,336,Normal,0.0,0
2025-01-27 20:53:00,37,74.67,26.34,30.04,3.52,3.17,1,0,192,Normal,0.0,0
2025-01-03 11:09:00,29,87.54,52.46,42.1,4.61,3.07,1,0,25,Normal,0.0,0
2025-01-11 16:18:00,2,77.74,69.42,73.34,1.5,4.63,1,0,222,Normal,0.0,0
2025-01-26 05:39:00,40,71.78,22.62,73.64,2.19,3.3,2,0,45,Overheating,0.0,1
2025-02-08 17:19:00,15,77.9,54.2,31.44,3.42,4.62,1,0,28,Normal,0.0,0
2025-01-02 20:01:00,13,80.51,68.27,39.52,2.05,4.94,0,0,225,Normal,0.0,0
2025-01-29 09:25:00,23,74.08,26.23,55.62,1.26,1.01,1,0,447,Normal,0.0,0
2025-03-05 23:09:00,13,78.32,62.31,69.15,1.69,0.8,1,0,44,Normal,0.0,0
2025-02-25 15:20:00,33,70.25,51.81,30.1,2.2,3.7,1,0,285,Normal,0.0,0
2025-01-08 11:44:00,27,82.22,46.68,50.91,1.6,2.9,1,0,204,Normal,0.0,0
2025-01-27 19:14:00,1,71.0,76.68,67.11,1.26,4.99,1,0,344,Normal,0.0,0
2025-02-21 22:59:00,34,66.41,28.74,55.53,4.84,0.78,1,0,61,Normal,0.0,0
2025-02-19 11:54:00,49,60.12,71.53,76.13,1.91,4.34,1,0,63,Normal,0.0,0
2025-02-01 01:58:00,40,70.18,54.72,58.38,3.46,0.73,2,0,490,Vibration Issue,0.0,1
2025-01-20 02:35:00,37,76.3,56.41,73.53,2.76,3.77,1,0,166,Normal,0.0,0
2025-01-16 18:25:00,30,74.78,51.94,62.67,4.42,3.24,1,0,54,Normal,0.0,0
2025-02-17 05:50:00,14,69.22,56.35,36.14,4.73,2.6,1,0,173,Normal,0.0,0
2025-01-18 23:25:00,28,92.24,36.83,56.43,2.0,3.25,1,1,48,Normal,1.0,1
2025-01-21 21:03:00,7,85.03,55.51,35.43,1.99,0.63,1,0,231,Normal,0.0,0
2025-01-28 07:12:00,20,78.68,53.44,73.07,4.43,4.14,1,0,84,Normal,0.0,0
2025-01-24 23:12:00,33,69.9,67.97,44.21,4.64,1.65,1,0,428,Normal,0.0,0
2025-02-18 08:09:00,43,65.34,48.56,64.44,3.14,0.71,1,0,372,Normal,0.0,0
2025-03-08 13:44:00,47,83.25,77.82,44.67,4.76,3.52,1,0,167,Normal,0.0,0
2025-02-03 20:21:00,25,73.72,68.46,55.16,4.21,3.27,0,0,289,Normal,0.0,0
2025-01-30 07:01:00,40,76.38,32.7,37.91,4.04,1.69,1,0,60,Normal,0.0,0
2025-02-22 01:32:00,18,65.95,46.39,58.91,2.72,4.86,1,0,424,Normal,0.0,0
2025-01-08 13:42:00,11,91.99,40.58,31.28,2.97,1.8,0,1,6,Normal,1.0,1
2025-01-26 22:59:00,3,67.72,47.5,33.13,4.45,2.25,1,0,452,Normal,0.0,0
2025-01-05 08:54:00,26,85.31,43.52,61.69,1.07,3.53,1,0,64,Normal,0.0,0
2025-01-28 10:17:00,10,91.62,79.74,54.89,4.97,3.91,2,1,31,Overheating,1.0,1
2025-03-10 12:07:00,19,71.71,63.68,56.45,2.57,4.85,1,0,169,Normal,0.0,0
2025-02-12 12:47:00,2,82.91,61.72,64.13,1.42,0.73,1,0,22,Normal,0.0,0
2025-01-04 07:29:00,3,70.4,62.15,59.5,1.72,4.01,1,0,106,Normal,0.0,0
2025-01-11 06:51:00,10,67.31,42.59,35.83,1.27,1.59,0,0,298,Normal,0.0,0
2025-02-23 07:14:00,47,79.41,71.28,61.78,2.73,2.97,1,0,444,Normal,0.0,0
2025-02-15 06:28:00,29,68.77,29.83,31.55,2.05,1.07,1,0,313,Normal,0.0,0
2025-03-02 00:15:00,2,91.38,45.17,62.59,3.83,1.96,1,1,9,Normal,1.0,1
2025-03-04 10:40:00,27,72.37,54.45,39.44,4.66,0.59,2,0,107,Pressure Drop,0.0,1
2025-01-13 11:42:00,24,61.8,32.98,71.45,1.41,2.77,1,0,145,Normal,0.0,0
2025-01-27 03:39:00,5,69.63,49.45,64.09,4.57,2.49,1,0,255,Normal,0.0,0
2025-02-09 19:10:00,35,76.55,67.55,55.43,4.84,4.47,1,0,56,Normal,0.0,0
2025-01-28 06:52:00,25,84.43,58.77,53.56,1.55,4.27,1,0,427,Normal,0.0,0
2025-01-17 05:40:00,10,62.65,63.11,78.95,3.41,2.58,1,0,474,Normal,0.0,0
2025-02-13 16:02:00,30,56.05,46.88,79.87,4.09,2.46,1,0,423,Normal,0.0,0
2025-01-18 04:26:00,10,73.84,32.49,34.45,2.15,2.47,1,0,348,Normal,0.0,0
2025-01-18 07:34:00,37,70.34,46.54,35.6,3.94,0.92,1,0,93,Normal,0.0,0
2025-01-03 06:22:00,46,66.14,47.36,63.97,4.24,2.82,1,0,122,Normal,0.0,0
2025-02-09 01:43:00,16,74.38,52.11,30.67,4.73,3.86,1,0,144,Normal,0.0,0
2025-03-04 21:30:00,42,89.26,54.62,41.82,1.68,4.68,2,0,182,Pressure Drop,0.0,1
2025-01-06 22:23:00,39,82.21,30.1,49.37,1.89,4.26,1,0,235,Normal,0.0,0
2025-02-02 12:22:00,31,69.74,57.48,42.5,2.84,2.13,0,0,178,Normal,0.0,0
2025-02-18 11:46:00,35,71.89,47.58,78.42,1.22,4.2,0,0,217,Normal,0.0,0
2025-02-27 15:19:00,5,65.96,56.03,59.88,3.39,1.73,2,0,254,Normal,0.0,1
2025-01-26 05:44:00,10,66.52,102.26,53.66,3.18,0.57,1,1,23,Normal,1.0,1
2025-01-15 18:16:00,45,65.74,45.72,66.53,2.65,1.69,0,0,251,Normal,0.0,0
2025-01-21 10:17:00,12,81.3,60.42,69.08,4.66,1.74,2,0,277,Vibration Issue,0.0,1
2025-02-15 19:15:00,1,73.63,34.43,57.13,3.5,1.86,1,0,344,Normal,0.0,0
2025-03-01 19:22:00,21,69.28,17.01,71.53,2.88,4.95,1,0,226,Normal,0.0,0
2025-01-28 08:57:00,24,74.16,48.32,56.03,2.37,2.48,1,0,251,Normal,0.0,0
2025-02-15 03:02:00,10,59.41,38.44,40.86,3.45,2.39,1,0,364,Normal,0.0,0
2025-01-30 18:02:00,10,70.73,61.21,54.86,3.22,2.09,1,0,496,Normal,0.0,0
2025-02-19 01:51:00,45,77.12,45.37,78.52,2.64,2.54,1,0,459,Normal,0.0,0
2025-02-15 01:03:00,38,66.25,56.24,72.09,4.56,1.6,1,0,149,Normal,0.0,0
2025-01-30 18:58:00,31,79.29,39.75,56.32,2.88,3.23,1,0,486,Normal,0.0,0
2025-01-18 23:01:00,7,83.64,17.51,49.3,4.27,2.0,0,0,299,Normal,0.0,0
2025-01-08 13:02:00,29,71.32,49.07,52.17,4.84,4.87,0,0,105,Normal,0.0,0
2025-03-07 09:30:00,50,65.32,54.91,33.15,3.07,3.6,2,0,295,Pressure Drop,0.0,1
2025-01-24 06:18:00,30,54.39,64.91,54.29,2.4,3.65,1,0,80,Normal,0.0,0
2025-02-23 04:41:00,32,77.1,12.7,34.82,2.8,2.58,1,0,491,Normal,0.0,0
2025-01-29 21:13:00,38,65.86,41.63,42.14,4.63,2.53,1,0,413,Normal,0.0,0
2025-01-03 23:21:00,28,87.2,51.39,61.92,1.78,3.75,1,0,242,Normal,0.0,0
2025-01-06 05:55:00,28,76.45,58.86,68.97,3.05,4.96,0,0,163,Normal,0.0,0
2025-02-23 07:39:00,44,79.47,43.97,79.26,2.97,4.54,1,0,399,Normal,0.0,0
2025-01-27 06:58:00,4,79.08,40.13,62.87,1.5,4.29,1,0,221,Normal,0.0,0
2025-01-18 07:41:00,17,68.46,51.24,49.01,3.1,1.18,1,0,242,Normal,0.0,0
2025-02-16 06:17:00,50,92.14,68.18,34.67,2.12,2.1,1,1,36,Normal,1.0,1
2025-02-28 18:43:00,24,64.72,64.35,39.92,4.84,2.23,1,0,89,Normal,0.0,0
2025-01-26 22:41:00,2,94.6,65.48,40.46,1.06,1.27,1,1,49,Normal,1.0,1
2025-02-02 23:04:00,32,71.15,55.97,74.44,3.16,0.87,1,0,118,Normal,0.0,0
2025-01-15 00:53:00,4,59.18,41.74,68.25,1.48,3.56,0,0,153,Normal,0.0,0
2025-01-04 10:43:00,46,73.21,40.7,45.06,2.67,0.56,1,0,20,Normal,0.0,0
2025-02-06 20:25:00,39,104.21,36.89,51.24,2.41,2.59,1,1,28,Normal,1.0,1
2025-02-12 18:28:00,24,80.91,41.22,49.39,1.37,1.71,0,0,443,Normal,0.0,0
2025-02-12 11:08:00,44,82.35,70.02,72.27,2.75,2.26,1,0,268,Normal,0.0,0
2025-01-03 04:49:00,42,62.22,46.15,34.53,1.36,4.02,0,0,260,Normal,0.0,0
2025-03-07 19:43:00,15,45.06,38.48,69.54,3.02,3.67,1,0,107,Normal,0.0,0
2025-03-01 02:48:00,46,78.96,43.51,62.22,3.06,0.51,1,0,268,Normal,0.0,0
2025-02-08 00:38:00,44,66.55,36.22,78.33,2.3,1.0,1,0,305,Normal,0.0,0
2025-01-30 05:46:00,16,76.84,52.09,60.31,1.58,1.34,1,0,288,Normal,0.0,0
2025-02-26 01:28:00,3,69.25,66.61,63.07,3.92,2.54,1,0,90,Normal,0.0,0
2025-01-14 12:45:00,44,74.42,52.24,35.77,4.8,3.75,1,0,354,Normal,0.0,0
2025-01-12 16:04:00,21,61.96,77.74,42.64,4.98,2.49,1,0,177,Normal,0.0,0
2025-01-28 11:09:00,11,73.64,22.01,40.8,2.6,4.41,1,0,370,Normal,0.0,0
2025-01-30 10:19:00,30,69.13,43.08,72.02,3.81,2.59,2,0,211,Vibration Issue,0.0,1
2025-03-11 09:45:00,39,84.55,60.78,37.66,1.14,1.42,1,0,360,Normal,0.0,0
2025-02-25 11:21:00,34,65.18,58.62,57.95,4.68,4.31,2,0,254,Vibration Issue,0.0,1
2025-01-22 18:01:00,31,73.17,15.87,66.18,4.86,1.49,0,0,48,Normal,0.0,0
2025-03-06 11:12:00,14,62.4,58.77,54.43,3.2,1.02,1,0,154,Normal,0.0,0
2025-02-17 23:27:00,40,70.99,63.35,46.31,2.88,2.36,1,0,43,Normal,0.0,0
2025-01-04 23:54:00,40,52.98,29.19,70.05,3.19,3.16,1,0,487,Normal,0.0,0
2025-03-04 01:59:00,37,88.94,60.86,43.83,3.52,4.58,2,0,413,Overheating,0.0,1
2025-02-20 21:41:00,50,78.17,53.71,39.29,1.44,1.4,1,0,216,Normal,0.0,0
2025-03-11 08:43:00,41,53.13,84.03,75.42,4.23,3.68,1,1,20,Normal,1.0,1
2025-01-28 02:58:00,18,57.44,42.88,51.59,2.8,4.26,1,0,301,Normal,0.0,0
2025-02-10 00:44:00,33,91.65,47.12,44.56,3.88,1.51,1,1,49,Normal,1.0,1
2025-01-16 11:55:00,32,88.4,52.27,57.9,1.99,4.7,2,0,372,Normal,0.0,1
2025-02-17 20:14:00,40,81.14,72.21,35.33,2.08,1.89,1,0,167,Normal,0.0,0
2025-02-18 08:26:00,27,82.96,76.23,38.28,3.48,3.67,1,0,465,Normal,0.0,0
2025-02-04 12:14:00,44,71.07,76.21,30.26,2.58,4.23,1,0,123,Normal,0.0,0
2025-01-01 20:00:00,46,66.99,57.54,75.33,3.95,1.9,1,0,248,Normal,0.0,0
2025-02-28 15:25:00,30,82.07,54.76,68.88,4.03,0.88,1,0,245,Normal,0.0,0
2025-02-01 18:36:00,44,56.14,64.66,67.6,4.68,1.58,1,0,84,Normal,0.0,0
2025-03-11 08:42:00,7,66.59,62.93,33.04,3.51,2.71,1,0,314,Normal,0.0,0
2025-01-09 14:10:00,19,67.41,37.54,35.65,4.3,4.82,1,0,153,Normal,0.0,0
2025-03-01 11:23:00,44,72.62,43.92,79.84,3.84,4.38,1,0,167,Normal,0.0,0
2025-02-23 22:23:00,1,76.14,50.57,33.34,1.2,2.97,2,0,415,Vibration Issue,0.0,1
2025-01-05 08:39:00,33,87.83,34.17,32.54,3.67,4.49,1,0,440,Normal,0.0,0
2025-03-09 02:24:00,13,87.77,56.95,48.0,2.16,3.78,1,0,311,Normal,0.0,0
2025-02-25 16:07:00,25,70.94,59.97,34.88,1.96,0.58,1,0,68,Normal,0.0,0
2025-01-14 15:39:00,9,86.85,52.84,40.66,2.54,4.54,1,0,170,Normal,0.0,0
2025-03-11 07:15:00,1,65.94,55.56,56.66,3.19,1.89,1,0,416,Normal,0.0,0
2025-01-23 01:27:00,19,77.68,34.68,61.91,3.12,1.1,0,0,246,Normal,0.0,0
2025-01-01 23:54:00,38,93.2,68.88,60.0,1.1,3.17,1,1,36,Normal,1.0,1
2025-01-26 10:27:00,50,81.4,61.47,44.25,1.58,1.41,1,0,245,Normal,0.0,0
2025-02-23 18:19:00,32,73.79,58.13,45.88,2.93,1.64,1,0,21,Normal,0.0,0
2025-01-15 04:54:00,5,77.3,63.24,32.29,1.57,4.95,1,0,479,Normal,0.0,0
2025-01-19 12:28:00,9,65.87,33.32,71.45,4.3,1.28,1,0,164,Normal,0.0,0
2025-01-12 23:50:00,9,75.14,46.9,60.23,2.92,1.07,0,0,134,Normal,0.0,0
2025-01-18 22:22:00,15,63.37,56.09,48.37,1.73,1.69,1,0,209,Normal,0.0,0
2025-03-09 20:37:00,31,85.76,74.53,70.58,3.85,2.04,2,0,82,Vibration Issue,0.0,1
2025-01-03 23:27:00,38,70.81,25.47,71.17,2.22,1.53,1,0,73,Normal,0.0,0
2025-01-17 08:04:00,24,75.15,50.89,63.32,3.38,4.5,1,0,233,Normal,0.0,0
2025-02-02 05:43:00,39,67.77,57.82,48.79,3.6,4.22,1,0,175,Normal,0.0,0
2025-03-01 16:21:00,3,72.46,36.51,53.3,1.84,4.77,1,0,435,Normal,0.0,0
2025-03-02 20:50:00,12,76.22,93.21,67.79,3.14,2.95,2,1,31,Vibration Issue,1.0,1
2025-02-07 01:37:00,9,76.51,50.05,68.75,4.55,1.61,2,0,49,Overheating,0.0,1
2025-03-01 01:46:00,1,84.84,48.28,43.32,4.06,3.48,1,0,217,Normal,0.0,0
2025-03-03 01:45:00,26,73.57,55.51,30.35,4.05,4.82,1,0,48,Normal,0.0,0
2025-03-06 04:54:00,19,54.15,63.67,46.2,1.43,3.79,1,0,478,Normal,0.0,0
2025-02-07 11:13:00,13,82.0,31.81,60.45,3.11,2.61,1,0,455,Normal,0.0,0
2025-03-03 09:21:00,25,90.02,21.57,31.5,1.25,1.36,1,1,13,Normal,1.0,1
2025-01-25 21:41:00,11,76.91,37.62,51.01,4.21,3.69,1,0,171,Normal,0.0,0
2025-01-18 17:40:00,33,73.81,46.83,47.54,1.44,4.92,1,0,203,Normal,0.0,0
2025-01-26 08:30:00,22,65.55,69.3,68.66,2.41,2.33,2,0,137,Overheating,0.0,1
2025-03-02 23:18:00,49,84.51,53.46,35.92,2.45,3.05,1,0,242,Normal,0.0,0
2025-02-10 14:38:00,49,69.41,60.48,78.33,1.48,2.21,1,0,267,Normal,0.0,0
2025-01-05 10:24:00,22,68.95,44.54,32.45,4.48,3.91,0,0,371,Normal,0.0,0
2025-02-13 05:47:00,33,94.85,26.52,33.86,1.07,4.67,1,1,39,Normal,1.0,1
2025-01-13 00:35:00,10,85.55,66.32,76.66,4.89,2.98,1,0,105,Normal,0.0,0
2025-01-10 07:50:00,37,71.46,54.22,56.87,3.6,2.14,1,0,179,Normal,0.0,0
2025-03-02 12:28:00,17,59.62,54.29,67.02,2.48,0.56,1,0,221,Normal,0.0,0
2025-01-01 17:27:00,12,71.01,28.92,69.17,1.54,2.83,1,0,298,Normal,0.0,0
2025-02-03 11:18:00,1,66.33,63.8,55.72,3.91,2.38,1,0,141,Normal,0.0,0
2025-01-02 04:55:00,5,69.05,16.87,44.38,3.54,4.56,1,0,320,Normal,0.0,0
2025-02-12 11:04:00,9,85.3,51.8,74.35,2.52,4.75,1,0,231,Normal,0.0,0
2025-02-10 18:29:00,13,94.86,34.16,46.14,2.06,2.75,1,1,33,Normal,1.0,1
2025-03-02 15:25:00,31,72.97,16.27,52.92,2.84,0.99,1,0,267,Normal,0.0,0
2025-02-17 03:57:00,31,72.5,52.38,59.59,4.81,3.52,1,0,49,Normal,0.0,0
2025-02-01 11:45:00,28,85.29,36.33,48.09,3.56,4.69,1,0,329,Normal,0.0,0
2025-01-05 06:27:00,15,67.6,30.76,66.63,2.26,1.02,1,0,258,Normal,0.0,0
2025-01-18 05:29:00,27,73.9,69.69,58.13,1.66,1.5,2,0,200,Electrical Fault,0.0,1
2025-02-11 19:47:00,21,86.46,70.59,50.11,1.17,2.27,0,0,21,Normal,0.0,0
2025-01-15 01:04:00,15,87.77,79.64,42.58,4.95,3.47,1,0,279,Normal,0.0,0
2025-02-25 18:16:00,26,95.22,47.18,50.57,2.95,4.75,1,1,41,Normal,1.0,1
2025-02-03 11:31:00,3,77.24,65.36,77.54,1.38,2.78,1,0,483,Normal,0.0,0
2025-02-18 07:38:00,4,85.06,71.08,71.77,4.51,0.54,1,0,283,Normal,0.0,0
2025-01-18 19:20:00,13,82.06,55.05,51.98,4.75,3.01,1,0,33,Normal,0.0,0
2025-01-24 20:51:00,39,63.2,37.44,59.78,4.19,1.5,2,0,197,Vibration Issue,0.0,1
2025-03-04 03:39:00,33,81.93,32.8,61.62,1.08,4.72,1,0,436,Normal,0.0,0
2025-02-22 21:07:00,38,78.98,46.56,38.97,2.72,0.5,1,0,461,Normal,0.0,0
2025-01-03 22:40:00,41,71.66,41.62,79.28,2.2,1.88,2,0,302,Normal,0.0,1
2025-02-17 12:08:00,17,97.44,67.41,73.52,3.75,2.55,1,1,32,Normal,1.0,1
2025-03-09 16:40:00,44,76.43,71.44,77.59,2.73,3.21,2,0,367,Normal,0.0,1
2025-01-26 00:02:00,19,68.57,38.35,65.4,2.52,3.38,1,0,13,Normal,0.0,1
2025-01-02 12:10:00,20,70.85,68.97,40.31,1.12,0.65,1,0,395,Normal,0.0,0
2025-03-10 06:49:00,5,84.38,70.27,38.19,3.04,4.52,1,0,436,Normal,0.0,0
2025-01-25 13:02:00,46,94.41,45.87,66.71,3.29,0.51,1,1,2,Normal,1.0,1
2025-01-24 23:58:00,32,58.56,40.4,75.72,3.26,0.79,0,0,276,Normal,0.0,0
2025-01-04 18:41:00,15,72.94,60.73,61.25,4.94,3.89,1,0,12,Normal,0.0,1
2025-01-06 14:28:00,37,59.18,49.18,78.65,2.04,3.79,1,0,198,Normal,0.0,0
2025-01-06 23:59:00,18,61.81,71.76,73.36,3.74,3.76,1,0,118,Normal,0.0,0
2025-02-03 03:51:00,41,82.51,51.91,58.38,2.78,2.1,1,0,26,Normal,0.0,0
2025-02-18 04:10:00,50,70.15,61.43,60.76,1.69,3.44,0,0,413,Normal,0.0,0
2025-03-02 19:18:00,49,92.85,65.28,30.04,1.72,3.66,1,1,35,Normal,1.0,1
2025-02-16 18:46:00,40,72.96,44.19,49.68,1.66,2.34,2,0,126,Vibration Issue,0.0,1
2025-03-05 03:24:00,28,92.89,61.82,54.26,4.52,3.02,1,1,44,Normal,1.0,1
2025-03-04 23:01:00,26,73.75,27.34,73.06,3.71,3.84,1,0,290,Normal,0.0,0
2025-01-06 11:36:00,47,62.07,51.97,32.25,3.39,1.33,1,0,245,Normal,0.0,0
2025-02-22 20:46:00,13,92.51,56.23,57.73,4.38,4.06,1,1,30,Normal,1.0,1
2025-01-30 03:25:00,37,59.36,49.74,78.45,1.7,1.05,0,0,394,Normal,0.0,0
2025-01-21 22:43:00,18,95.13,47.92,60.61,3.55,3.72,0,1,34,Normal,1.0,1
2025-02-24 11:34:00,34,81.3,44.37,37.94,1.75,1.82,1,0,358,Normal,0.0,0
2025-02-21 12:18:00,22,66.78,58.52,48.73,4.49,4.67,1,0,450,Normal,0.0,0
2025-02-02 16:50:00,13,88.26,67.37,65.48,1.88,4.71,0,0,318,Normal,0.0,0
2025-02-01 17:23:00,40,78.97,54.21,67.52,2.54,1.89,1,0,287,Normal,0.0,0
2025-01-21 10:46:00,41,78.72,46.33,40.89,1.09,2.33,1,0,433,Normal,0.0,0
2025-01-15 09:26:00,36,91.45,38.61,76.41,2.57,2.02,1,1,33,Normal,1.0,1
2025-01-07 17:12:00,28,79.52,71.1,65.26,4.8,0.64,1,0,201,Normal,0.0,0
2025-03-04 07:55:00,9,68.66,55.55,32.06,4.4,4.37,1,0,72,Normal,0.0,0
2025-03-09 22:25:00,34,87.13,73.19,67.13,2.04,3.67,1,0,179,Normal,0.0,0
2025-01-18 00:50:00,41,54.78,57.57,77.89,1.12,4.25,2,0,105,Pressure Drop,0.0,1
2025-03-07 16:15:00,9,57.55,50.1,47.16,2.57,2.08,1,0,104,Normal,0.0,0
2025-01-13 11:32:00,45,58.41,40.81,63.42,3.23,1.25,1,0,262,Normal,0.0,0
2025-01-11 10:04:00,42,86.1,54.09,76.18,4.12,4.43,1,0,321,Normal,0.0,0
2025-02-10 12:39:00,32,55.17,37.28,64.92,4.01,3.93,1,0,28,Normal,0.0,0
2025-02-13 16:55:00,50,79.05,54.04,34.41,2.53,0.54,2,0,259,Normal,0.0,1
2025-02-01 07:59:00,24,69.98,45.16,77.89,2.05,2.87,1,0,272,Normal,0.0,0
2025-01-20 07:01:00,42,67.89,30.51,61.03,2.33,3.19,1,0,232,Normal,0.0,0
2025-02-16 17:48:00,1,103.02,36.23,52.83,3.25,3.43,1,1,22,Normal,1.0,1
2025-02-14 10:59:00,49,84.33,56.94,35.42,2.43,1.44,1,0,385,Normal,0.0,0
2025-01-06 01:25:00,30,67.78,55.2,57.18,2.36,2.13,1,0,57,Normal,0.0,0
2025-01-16 01:08:00,44,77.07,82.95,67.42,2.93,4.36,0,1,32,Normal,1.0,1
2025-02-18 14:00:00,11,72.81,45.43,62.3,1.08,4.56,1,0,27,Normal,0.0,0
2025-02-02 09:53:00,46,80.32,18.14,64.04,1.28,1.7,2,0,245,Overheating,0.0,1
2025-02-04 21:28:00,45,76.26,54.94,35.96,1.43,1.86,1,0,163,Normal,0.0,0
2025-02-25 22:41:00,41,68.59,28.99,68.61,4.63,4.91,1,0,209,Normal,0.0,0
2025-03-03 04:55:00,18,92.22,26.55,47.72,1.81,0.99,2,1,14,Vibration Issue,1.0,1
2025-03-09 06:20:00,32,70.38,28.4,59.52,4.63,3.19,1,0,466,Normal,0.0,0
2025-01-26 17:00:00,22,77.83,66.32,58.15,4.77,3.32,1,0,440,Normal,0.0,0
2025-01-13 16:03:00,4,73.66,55.15,66.17,2.31,2.81,1,0,175,Normal,0.0,0
2025-03-05 16:57:00,30,59.03,31.91,37.85,4.25,4.98,1,0,131,Normal,0.0,0
2025-02-26 09:04:00,31,79.41,62.39,33.89,4.51,3.33,1,0,485,Normal,0.0,0
2025-02-20 00:05:00,4,75.76,69.9,72.69,4.89,2.01,2,0,91,Vibration Issue,0.0,1
2025-01-03 16:37:00,47,67.22,68.83,68.67,1.19,1.93,2,0,433,Pressure Drop,0.0,1
2025-01-18 10:57:00,49,84.76,44.05,55.4,3.07,4.58,0,0,33,Normal,0.0,0
2025-01-16 00:14:00,10,80.47,53.12,54.16,3.72,4.55,1,0,346,Normal,0.0,0
2025-01-31 02:42:00,9,75.48,69.23,62.82,4.71,0.92,1,0,249,Normal,0.0,0
2025-02-08 08:27:00,16,73.89,33.15,56.99,1.27,3.21,1,0,383,Normal,0.0,0
2025-02-15 11:04:00,37,73.74,63.83,50.05,3.07,4.69,1,0,40,Normal,0.0,0
2025-03-08 04:07:00,45,66.76,62.56,36.65,4.02,3.63,2,0,381,Overheating,0.0,1
2025-02-16 06:11:00,2,71.61,53.15,48.39,1.14,1.47,1,0,265,Normal,0.0,0
2025-03-03 10:13:00,21,74.77,62.61,50.98,1.77,1.79,0,0,121,Normal,0.0,0
2025-02-23 21:12:00,45,85.24,46.76,50.17,1.25,0.7,1,0,473,Normal,0.0,0
2025-01-22 09:56:00,32,83.18,40.34,50.72,2.82,1.69,0,0,347,Normal,0.0,0
2025-03-07 15:47:00,17,62.88,64.21,75.57,1.54,0.59,1,0,216,Normal,0.0,0
2025-01-16 03:24:00,23,72.59,62.42,50.49,4.21,4.83,2,0,11,Overheating,0.0,1
2025-02-23 11:18:00,36,72.59,61.9,74.96,3.69,4.66,1,0,392,Normal,0.0,0
2025-01-01 04:08:00,3,68.51,64.33,69.28,2.98,3.59,2,0,124,Vibration Issue,0.0,1
2025-03-06 02:00:00,34,83.44,82.49,75.65,1.47,3.26,1,1,33,Normal,1.0,1
2025-03-04 12:41:00,6,82.09,73.85,67.36,4.11,3.05,1,0,356,Normal,0.0,0
2025-01-04 12:55:00,14,65.27,37.68,43.63,4.88,2.79,1,0,144,Normal,0.0,0
2025-03-07 07:34:00,26,78.17,44.95,49.51,4.32,1.08,1,0,30,Normal,0.0,0
2025-01-28 09:25:00,47,56.44,61.44,44.18,1.78,2.64,1,0,471,Normal,0.0,0
2025-01-30 21:09:00,38,71.15,39.19,54.84,4.4,0.84,1,0,432,Normal,0.0,0
2025-03-04 10:41:00,6,72.38,72.65,33.27,1.66,1.85,2,0,397,Pressure Drop,0.0,1
2025-01-31 23:15:00,36,61.17,41.04,73.81,4.14,2.53,1,0,408,Normal,0.0,0
2025-01-13 15:11:00,17,62.98,52.29,69.88,4.2,1.28,1,0,403,Normal,0.0,0
2025-01-27 23:48:00,24,78.88,57.34,79.95,3.5,0.91,0,0,23,Normal,0.0,0
2025-01-13 18:17:00,17,73.08,31.31,59.73,1.08,2.78,2,0,96,Pressure Drop,0.0,1
2025-03-10 17:45:00,1,87.65,54.93,60.01,2.34,3.98,1,0,241,Normal,0.0,0
2025-01-08 17:49:00,6,79.43,17.84,62.41,1.78,2.58,1,0,113,Normal,0.0,0
2025-01-15 07:57:00,8,88.39,53.64,46.32,4.71,3.84,1,0,52,Normal,0.0,0
2025-01-19 21:06:00,9,77.53,48.77,45.37,2.83,2.12,0,0,79,Normal,0.0,0
2025-01-01 07:19:00,44,77.73,34.06,56.15,1.38,3.2,1,0,295,Normal,0.0,0
2025-01-09 13:22:00,16,72.61,67.87,48.73,1.73,0.71,1,0,359,Normal,0.0,0
2025-02-12 15:14:00,30,86.4,62.68,71.63,4.89,2.42,0,0,141,Normal,0.0,0
2025-01-05 16:36:00,5,76.87,39.25,57.42,1.95,0.75,0,0,490,Normal,0.0,0
2025-02-08 10:23:00,31,76.18,41.12,55.96,3.5,1.78,1,0,183,Normal,0.0,0
2025-01-03 15:50:00,28,86.19,56.39,50.52,1.76,2.88,1,0,364,Normal,0.0,0
2025-03-02 15:11:00,20,61.1,39.12,51.61,3.3,1.63,1,0,185,Normal,0.0,0
2025-03-07 10:23:00,49,65.88,96.67,55.43,1.31,4.69,1,1,12,Normal,1.0,1
2025-01-09 10:59:00,18,53.47,51.04,50.35,3.28,4.61,1,0,78,Normal,0.0,0
2025-01-13 11:53:00,16,71.73,32.88,38.28,1.3,0.97,1,0,283,Normal,0.0,0
2025-03-01 02:42:00,48,98.77,64.44,76.01,3.17,4.29,1,1,29,Normal,1.0,1
2025-01-21 00:31:00,34,65.04,28.39,35.92,1.73,1.53,1,0,316,Normal,0.0,0
2025-01-15 06:53:00,10,74.24,39.29,76.09,1.46,3.97,1,0,424,Normal,0.0,0
2025-02-17 18:48:00,27,72.46,33.51,37.71,4.1,2.92,0,0,370,Normal,0.0,0
2025-02-26 06:42:00,16,92.95,37.05,38.16,2.37,2.75,1,1,8,Normal,1.0,1
2025-02-26 09:39:00,16,88.22,49.92,38.73,2.29,2.89,1,0,66,Normal,0.0,0
2025-03-10 17:10:00,7,79.7,45.41,31.93,1.38,3.81,1,0,329,Normal,0.0,0
2025-01-09 10:57:00,39,69.34,39.62,37.42,1.23,3.55,1,0,334,Normal,0.0,0
2025-02-15 09:48:00,35,88.11,53.24,64.45,1.54,1.38,1,0,265,Normal,0.0,0
2025-01-21 10:52:00,4,81.14,48.4,74.16,1.8,1.86,1,0,479,Normal,0.0,0
2025-02-24 13:27:00,35,75.72,55.49,76.71,4.66,3.44,2,0,201,Electrical Fault,0.0,1
2025-02-17 19:56:00,30,82.96,-6.08,51.58,4.93,3.23,2,0,416,Electrical Fault,0.0,1
2025-03-08 07:25:00,48,64.91,50.35,70.24,4.24,3.28,0,0,470,Normal,0.0,0
2025-02-08 19:22:00,2,89.34,50.51,64.7,1.26,2.41,1,0,217,Normal,0.0,0
2025-02-15 14:06:00,10,70.24,68.74,34.64,2.29,1.16,1,0,363,Normal,0.0,0
2025-02-12 02:09:00,27,82.41,41.54,77.81,1.22,4.89,1,0,204,Normal,0.0,0
2025-01-06 02:57:00,22,98.01,32.62,54.85,3.66,3.8,1,1,27,Normal,1.0,1
2025-01-13 05:27:00,1,80.4,49.8,59.59,2.85,1.28,1,0,206,Normal,0.0,0
2025-02-08 21:36:00,46,66.39,65.12,77.19,3.44,3.46,1,0,108,Normal,0.0,0
2025-01-18 05:57:00,23,75.9,43.53,37.25,4.76,3.23,1,0,135,Normal,0.0,0
2025-03-02 07:30:00,13,81.19,59.0,73.72,2.72,4.76,0,0,14,Normal,0.0,1
2025-02-21 18:27:00,49,88.6,75.54,56.08,4.87,4.41,1,0,377,Normal,0.0,0
2025-02-13 09:41:00,29,77.25,40.94,65.59,4.02,3.05,1,0,323,Normal,0.0,0
2025-01-06 12:23:00,3,71.89,32.55,74.68,4.26,2.16,0,0,432,Normal,0.0,0
2025-01-18 00:40:00,16,59.78,48.32,30.89,4.91,1.25,1,0,326,Normal,0.0,0
2025-02-19 17:54:00,31,86.97,38.6,53.81,4.52,1.94,1,0,319,Normal,0.0,0
2025-03-06 13:50:00,12,73.53,45.89,68.23,2.43,1.21,1,0,183,Normal,0.0,0
2025-02-27 07:23:00,31,60.59,70.03,48.06,4.02,0.81,1,0,490,Normal,0.0,0
2025-03-04 18:04:00,30,77.5,43.39,33.34,4.72,2.06,1,0,388,Normal,0.0,0
2025-01-21 23:03:00,32,72.97,35.52,52.88,4.47,4.54,1,0,77,Normal,0.0,0
2025-02-21 18:46:00,3,79.36,56.76,74.97,1.88,1.41,2,0,479,Pressure Drop,0.0,1
2025-01-15 01:06:00,23,64.09,58.89,47.08,1.51,3.69,1,0,334,Normal,0.0,0
2025-02-18 12:16:00,9,43.49,69.1,77.59,4.08,0.52,1,0,12,Normal,0.0,1
2025-03-05 17:02:00,13,66.29,57.16,69.02,2.3,4.48,2,0,429,Vibration Issue,0.0,1
2025-03-09 12:41:00,4,80.43,66.17,71.94,4.8,3.28,1,0,242,Normal,0.0,0
2025-02-19 04:46:00,27,77.74,43.04,53.39,3.7,2.94,0,0,443,Normal,0.0,0
2025-03-05 06:18:00,7,84.88,63.27,45.8,4.65,2.73,1,0,438,Normal,0.0,0
2025-01-19 19:29:00,49,84.86,49.49,45.83,4.15,0.79,2,0,78,Pressure Drop,0.0,1
2025-02-28 03:21:00,4,72.14,43.26,68.86,1.67,0.79,2,0,110,Normal,0.0,1
2025-03-09 02:45:00,25,56.15,39.53,52.58,2.37,1.79,1,0,153,Normal,0.0,0
2025-01-21 03:52:00,7,67.63,66.34,73.88,3.39,3.94,1,0,267,Normal,0.0,0
2025-02-18 00:36:00,22,98.57,53.74,58.91,2.6,3.03,1,1,47,Normal,1.0,1
2025-01-19 08:23:00,46,46.24,66.36,31.02,3.68,4.92,1,0,61,Normal,0.0,0
2025-02-06 10:28:00,21,72.16,42.73,35.82,3.44,0.9,1,0,312,Normal,0.0,0
2025-02-01 22:18:00,14,85.82,30.65,50.55,2.51,3.94,0,0,259,Normal,0.0,0
2025-03-06 16:17:00,29,88.61,45.93,61.04,1.35,2.23,1,0,120,Normal,0.0,0
2025-02-22 08:46:00,46,95.2,67.69,50.28,4.4,4.56,1,1,33,Normal,1.0,1
2025-02-09 10:20:00,1,81.83,35.47,56.15,4.86,1.31,1,0,178,Normal,0.0,0
2025-02-15 22:49:00,3,76.33,72.74,46.87,1.99,3.19,1,0,80,Normal,0.0,0
2025-01-23 07:38:00,34,66.76,45.09,50.59,1.09,0.67,1,0,238,Normal,0.0,0
2025-02-26 17:24:00,50,59.57,65.14,33.37,4.62,1.42,1,0,424,Normal,0.0,0
2025-01-27 18:27:00,8,55.86,83.64,75.34,1.64,1.58,1,1,12,Normal,1.0,1
2025-02-28 15:21:00,7,76.09,44.68,54.01,4.97,3.53,1,0,364,Normal,0.0,0
2025-02-07 11:21:00,35,85.09,44.04,39.97,4.12,0.55,1,0,78,Normal,0.0,0
2025-03-01 08:27:00,35,69.52,39.53,62.85,4.45,4.52,1,0,148,Normal,0.0,0
2025-01-23 13:12:00,16,79.56,72.35,70.43,4.46,2.19,1,0,411,Normal,0.0,0
2025-01-12 16:19:00,22,74.55,57.77,50.05,3.49,2.13,1,0,234,Normal,0.0,0
2025-01-15 14:11:00,1,82.64,69.12,69.27,1.23,1.11,1,0,284,Normal,0.0,0
2025-01-23 17:04:00,46,92.33,33.25,47.93,2.61,4.83,1,1,49,Normal,1.0,1
2025-01-13 09:42:00,34,84.02,50.21,65.47,4.73,3.49,1,0,328,Normal,0.0,0
2025-01-05 12:23:00,27,77.93,67.4,32.28,2.44,1.68,1,0,264,Normal,0.0,0
2025-01-12 09:09:00,4,86.7,49.38,63.03,2.54,2.57,1,0,362,Normal,0.0,0
2025-02-26 14:37:00,22,64.8,34.2,49.69,3.99,4.51,1,0,152,Normal,0.0,0
2025-01-30 16:11:00,5,69.87,36.17,34.79,3.22,4.02,1,0,464,Normal,0.0,0
2025-02-25 13:09:00,12,57.09,21.76,43.92,2.22,2.96,1,0,233,Normal,0.0,0
2025-03-10 08:23:00,13,78.69,38.63,54.4,1.59,3.61,1,0,272,Normal,0.0,0
2025-02-11 06:18:00,29,87.9,40.6,73.62,2.9,4.75,2,0,60,Overheating,0.0,1
2025-01-03 09:12:00,42,99.51,52.06,78.35,4.05,3.08,1,1,7,Normal,1.0,1
2025-02-01 22:29:00,4,79.21,35.83,56.78,2.11,3.05,1,0,171,Normal,0.0,0
2025-02-26 03:15:00,9,84.33,56.54,57.66,1.5,1.35,1,0,227,Normal,0.0,0
2025-02-25 21:56:00,14,68.52,38.26,30.4,2.94,2.99,0,0,78,Normal,0.0,0
2025-02-02 07:53:00,27,60.76,53.17,41.85,4.5,4.01,1,0,18,Normal,0.0,1
2025-02-14 15:12:00,31,88.88,48.4,73.81,4.87,2.76,2,0,14,Vibration Issue,0.0,1
2025-02-10 20:42:00,36,73.52,55.11,77.56,3.47,0.94,1,0,170,Normal,0.0,0
2025-01-23 06:05:00,50,82.13,71.13,76.0,2.21,3.94,1,0,389,Normal,0.0,0
2025-01-26 11:45:00,38,68.21,49.98,60.27,4.95,2.1,1,0,84,Normal,0.0,0
2025-02-28 09:01:00,18,72.16,63.76,55.64,3.24,4.74,1,0,266,Normal,0.0,0
2025-03-07 16:36:00,43,69.13,25.93,76.43,1.81,0.98,1,0,404,Normal,0.0,0
2025-03-10 12:18:00,23,86.34,55.44,69.93,2.12,2.84,1,0,395,Normal,0.0,0
2025-03-08 19:56:00,3,72.29,71.72,41.6,2.18,4.62,1,0,358,Normal,0.0,0
2025-02-01 05:14:00,1,91.85,47.03,44.02,2.51,3.04,2,1,37,Pressure Drop,1.0,1
2025-03-06 20:07:00,45,98.35,65.53,44.12,1.83,1.05,2,1,18,Electrical Fault,1.0,1
2025-02-15 21:48:00,27,92.88,57.17,52.87,4.26,1.05,1,1,11,Normal,1.0,1
2025-02-05 07:05:00,18,96.3,38.84,42.24,1.26,2.3,1,1,14,Normal,1.0,1
2025-01-12 07:21:00,25,80.51,35.87,42.72,2.29,1.24,1,0,115,Normal,0.0,0
2025-02-24 12:17:00,27,61.58,50.76,38.65,2.41,3.19,1,0,47,Normal,0.0,0
2025-03-05 01:35:00,8,95.59,59.0,66.99,3.4,1.42,1,1,49,Normal,1.0,1
2025-03-03 09:16:00,33,70.63,36.74,55.94,1.57,3.33,0,0,374,Normal,0.0,0
2025-03-01 01:20:00,28,74.12,58.89,35.3,4.16,1.1,0,0,437,Normal,0.0,0
2025-03-04 08:22:00,21,78.33,56.33,61.13,4.14,4.49,1,0,479,Normal,0.0,0
2025-01-17 12:55:00,42,75.28,58.54,76.6,3.38,1.46,1,0,484,Normal,0.0,0
2025-01-29 11:14:00,6,61.53,21.81,69.75,1.74,2.86,1,0,275,Normal,0.0,0
2025-02-03 13:15:00,33,59.63,64.65,53.88,4.93,4.94,1,0,25,Normal,0.0,0
2025-02-26 00:43:00,1,62.21,59.26,45.72,1.96,0.99,1,0,433,Normal,0.0,0
2025-03-07 13:52:00,33,76.14,43.61,55.97,3.32,3.25,1,0,151,Normal,0.0,0
2025-03-03 10:50:00,16,80.45,27.98,58.3,1.11,2.72,1,0,385,Normal,0.0,0
2025-01-16 22:14:00,44,56.35,54.27,46.13,5.0,2.43,1,0,286,Normal,0.0,0
2025-03-02 16:13:00,29,63.8,59.1,76.91,2.34,2.98,1,0,191,Normal,0.0,0
2025-03-07 04:08:00,38,67.48,45.45,42.92,3.34,3.91,1,0,92,Normal,0.0,0
2025-03-07 10:08:00,6,87.39,74.67,56.3,2.32,4.19,1,0,276,Normal,0.0,0
2025-02-24 01:30:00,27,66.41,33.73,62.57,5.0,1.16,1,0,344,Normal,0.0,0
2025-01-24 00:55:00,18,70.91,55.32,36.3,2.35,3.64,1,0,190,Normal,0.0,0
2025-02-10 20:55:00,1,78.13,81.44,36.63,4.29,0.68,1,1,4,Normal,1.0,1
2025-02-26 17:02:00,23,59.58,44.87,44.66,2.74,0.97,1,0,345,Normal,0.0,0
2025-01-28 05:55:00,1,72.41,35.68,38.05,1.19,4.09,1,0,322,Normal,0.0,0
2025-01-25 09:52:00,14,71.89,23.29,48.35,2.8,2.96,1,0,145,Normal,0.0,0
2025-01-04 15:42:00,46,79.34,42.59,60.67,2.38,0.85,1,0,13,Normal,0.0,1
2025-02-06 01:26:00,30,75.44,51.04,67.19,3.33,3.89,1,0,499,Normal,0.0,0
2025-02-11 18:52:00,29,73.13,38.92,48.25,2.13,2.8,1,0,347,Normal,0.0,0
2025-01-21 04:46:00,30,78.28,34.87,39.7,4.66,1.04,1,0,300,Normal,0.0,0
2025-03-11 01:16:00,26,81.68,51.51,77.13,2.33,3.04,1,0,356,Normal,0.0,0
2025-03-03 09:54:00,32,72.76,36.2,56.21,1.98,2.43,1,0,105,Normal,0.0,0
2025-01-08 00:10:00,37,61.42,54.07,49.18,1.89,2.19,1,0,462,Normal,0.0,0
2025-01-17 18:00:00,25,88.58,26.13,31.01,4.67,4.65,1,0,341,Normal,0.0,0
2025-01-09 09:15:00,41,80.47,52.07,46.94,3.86,2.13,2,0,131,Electrical Fault,0.0,1
2025-02-13 10:27:00,28,84.77,30.28,44.86,4.65,2.1,1,0,28,Normal,0.0,0
2025-01-02 20:54:00,39,74.14,26.45,43.54,3.91,2.05,1,0,30,Normal,0.0,0
2025-01-29 21:40:00,9,83.89,51.79,72.94,3.42,3.02,0,0,172,Normal,0.0,0
2025-01-31 02:55:00,6,69.52,60.06,52.51,4.17,1.39,1,0,38,Normal,0.0,0
2025-02-20 13:09:00,21,90.21,64.28,51.11,2.18,3.99,0,1,23,Normal,1.0,1
2025-01-05 08:24:00,39,78.53,53.37,42.43,4.78,1.57,1,0,262,Normal,0.0,0
2025-02-05 01:58:00,50,68.97,65.97,75.01,2.81,2.3,1,0,173,Normal,0.0,0
2025-02-16 20:50:00,48,66.19,45.88,72.9,2.88,3.15,1,0,338,Normal,0.0,0
2025-02-08 04:34:00,28,81.95,42.93,59.31,2.2,2.85,0,0,191,Normal,0.0,0
2025-02-04 03:58:00,36,58.69,53.04,30.6,4.86,2.72,0,0,141,Normal,0.0,0
2025-01-12 10:26:00,36,57.19,74.96,32.37,3.35,2.24,1,0,30,Normal,0.0,0
2025-01-31 18:34:00,11,68.23,53.18,66.78,2.35,0.74,1,0,362,Normal,0.0,0
2025-01-23 22:22:00,47,73.44,50.0,68.86,4.9,4.26,1,0,149,Normal,0.0,0
2025-01-17 18:31:00,13,74.06,40.92,35.77,4.26,3.31,0,0,329,Normal,0.0,0
2025-01-09 12:47:00,35,79.03,36.81,76.18,4.28,3.05,2,0,391,Vibration Issue,0.0,1
2025-01-31 04:14:00,47,70.85,31.46,44.0,3.41,3.16,2,0,296,Electrical Fault,0.0,1
2025-03-04 21:52:00,35,81.52,54.27,50.24,4.44,4.08,1,0,346,Normal,0.0,0
2025-01-29 18:58:00,4,76.82,35.87,47.45,1.47,4.78,1,0,84,Normal,0.0,0
2025-01-12 17:06:00,38,75.15,56.69,67.55,1.26,2.08,0,0,427,Normal,0.0,0
2025-02-14 16:47:00,26,76.17,52.24,56.87,3.39,0.79,1,0,260,Normal,0.0,0
2025-02-26 15:13:00,42,67.67,48.09,43.4,1.19,3.22,1,0,369,Normal,0.0,0
2025-02-22 14:10:00,43,80.6,60.65,53.67,3.97,2.21,1,0,211,Normal,0.0,0
2025-01-16 07:01:00,35,76.91,47.53,39.04,2.43,2.95,1,0,30,Normal,0.0,0
2025-02-17 19:48:00,21,66.78,59.24,42.49,3.49,0.93,1,0,426,Normal,0.0,0
2025-02-08 20:42:00,23,75.61,80.05,70.46,4.06,3.77,1,1,46,Normal,1.0,1
2025-01-09 11:06:00,39,54.38,54.31,52.8,3.94,0.63,1,0,257,Normal,0.0,0
2025-01-18 13:10:00,14,66.51,44.34,50.93,4.76,3.74,0,0,84,Normal,0.0,0
2025-01-03 01:20:00,48,73.87,27.57,46.2,4.28,4.07,1,0,34,Normal,0.0,0
2025-01-18 19:48:00,5,85.61,41.57,57.74,4.9,4.54,1,0,323,Normal,0.0,0
2025-02-07 18:04:00,7,62.99,71.84,43.84,3.43,1.69,2,0,71,Normal,0.0,1
2025-03-02 03:24:00,8,72.66,42.43,74.17,3.13,4.12,1,0,27,Normal,0.0,0
2025-02-10 04:36:00,50,77.08,45.03,74.69,2.63,1.14,1,0,380,Normal,0.0,0
2025-01-18 13:47:00,48,67.48,69.4,60.4,3.76,4.67,0,0,326,Normal,0.0,0
2025-03-02 01:15:00,26,76.55,54.5,32.97,1.25,2.55,1,0,395,Normal,0.0,0
2025-01-16 16:57:00,7,77.43,50.79,55.74,2.41,4.14,1,0,313,Normal,0.0,0
2025-01-26 10:53:00,46,81.1,79.87,33.14,1.32,1.71,1,0,465,Normal,0.0,0
2025-02-17 04:45:00,40,58.31,31.54,65.42,3.58,2.88,1,0,77,Normal,0.0,0
2025-01-25 05:44:00,17,75.81,62.63,38.97,1.06,4.8,1,0,173,Normal,0.0,0
2025-02-05 16:38:00,32,82.07,50.78,31.42,3.48,3.3,1,0,165,Normal,0.0,0
2025-01-19 17:27:00,30,70.06,44.44,48.1,4.06,3.29,2,0,82,Normal,0.0,1
2025-01-03 09:17:00,45,93.06,34.49,65.37,2.45,3.35,0,1,46,Normal,1.0,1
2025-02-27 23:12:00,32,71.6,43.21,79.05,1.76,3.81,1,0,372,Normal,0.0,0
2025-03-10 14:45:00,29,90.95,38.7,61.82,2.03,2.53,1,1,9,Normal,1.0,1
2025-01-27 00:07:00,6,87.11,80.03,71.35,2.04,4.09,1,1,18,Normal,1.0,1
2025-03-06 00:19:00,33,72.45,43.97,73.1,4.34,3.36,1,0,90,Normal,0.0,0
2025-01-11 11:05:00,26,82.44,38.21,56.55,1.77,0.98,0,0,382,Normal,0.0,0
2025-01-04 12:53:00,41,66.14,37.99,61.66,2.27,3.78,1,0,194,Normal,0.0,0
2025-02-23 16:09:00,29,72.02,57.89,33.57,2.41,2.78,1,0,472,Normal,0.0,0
2025-01-19 10:21:00,7,67.48,72.46,72.63,1.49,3.37,0,0,101,Normal,0.0,0
2025-03-05 19:56:00,8,59.06,35.84,64.68,2.55,4.07,0,0,310,Normal,0.0,0
2025-02-18 09:37:00,44,56.45,75.45,38.02,3.8,1.8,1,0,239,Normal,0.0,0
2025-03-11 04:03:00,9,82.53,32.63,55.9,4.07,0.83,0,0,484,Normal,0.0,0
2025-03-02 02:26:00,11,73.2,55.87,78.98,4.24,2.11,1,0,388,Normal,0.0,0
2025-02-12 16:19:00,25,83.92,67.24,57.24,2.56,1.66,1,0,216,Normal,0.0,0
2025-01-29 22:40:00,31,66.18,42.42,54.26,4.45,3.19,0,0,164,Normal,0.0,0
2025-02-21 07:22:00,47,63.43,44.64,42.76,1.02,3.09,1,0,64,Normal,0.0,0
2025-01-11 11:20:00,17,81.7,32.17,50.43,3.52,0.6,1,0,284,Normal,0.0,0
2025-01-23 02:54:00,40,71.42,81.2,49.98,1.82,4.07,1,1,41,Normal,1.0,1
2025-01-23 10:34:00,3,83.52,36.0,39.4,2.6,0.77,1,0,430,Normal,0.0,0
2025-01-02 05:55:00,41,78.74,23.08,64.58,1.25,2.48,1,0,264,Normal,0.0,0
2025-01-29 06:41:00,34,56.05,44.64,37.19,1.45,2.21,1,0,338,Normal,0.0,0
2025-03-08 08:02:00,35,64.92,41.37,50.14,4.16,1.33,0,0,199,Normal,0.0,0
2025-01-12 09:40:00,9,72.52,71.55,67.63,3.21,3.58,1,0,42,Normal,0.0,0
2025-01-03 17:10:00,21,72.94,34.84,72.52,1.65,4.24,2,0,30,Electrical Fault,0.0,1
2025-02-04 09:18:00,31,52.69,49.04,70.34,1.3,4.25,1,0,440,Normal,0.0,0
2025-01-06 12:27:00,2,72.1,27.19,69.56,2.48,4.47,1,0,286,Normal,0.0,0
2025-01-31 21:54:00,3,82.88,42.78,64.2,1.06,5.0,1,0,368,Normal,0.0,0
2025-01-29 22:21:00,49,77.53,44.17,34.7,3.93,3.07,1,0,325,Normal,0.0,0
2025-03-06 22:05:00,11,68.63,79.95,35.01,1.58,3.31,1,0,440,Normal,0.0,0
2025-01-20 16:36:00,20,72.06,49.37,66.16,1.61,1.34,1,0,151,Normal,0.0,0
2025-03-03 01:00:00,15,69.05,30.62,73.24,4.0,1.75,1,0,343,Normal,0.0,0
2025-02-22 19:52:00,26,72.11,51.08,67.21,3.53,3.43,1,0,234,Normal,0.0,0
2025-01-01 21:30:00,1,84.78,33.8,71.61,3.8,4.9,1,0,278,Normal,0.0,0
2025-02-04 15:51:00,30,70.73,78.48,78.54,4.28,1.96,2,0,278,Vibration Issue,0.0,1
2025-03-10 15:10:00,12,57.0,44.94,40.14,3.66,0.58,2,0,112,Overheating,0.0,1
2025-01-18 23:22:00,21,85.87,60.9,55.24,4.52,4.33,1,0,425,Normal,0.0,0
2025-02-04 08:59:00,24,74.91,62.49,32.58,4.31,3.26,1,0,244,Normal,0.0,0
2025-01-08 21:28:00,3,84.14,9.31,76.98,1.08,0.85,2,0,198,Overheating,0.0,1
2025-02-18 11:22:00,46,67.58,47.77,38.95,4.19,2.82,1,0,21,Normal,0.0,0
2025-02-17 02:35:00,21,75.06,39.18,48.13,3.21,2.68,1,0,92,Normal,0.0,0
2025-01-23 02:17:00,27,61.71,54.6,77.41,1.86,2.66,0,0,494,Normal,0.0,0
2025-02-10 22:31:00,32,73.11,52.07,49.21,1.71,1.29,1,0,363,Normal,0.0,0
2025-01-24 08:03:00,24,75.9,41.87,48.49,4.63,1.88,1,0,380,Normal,0.0,0
2025-01-06 05:26:00,32,79.07,27.19,63.28,2.98,4.8,1,0,148,Normal,0.0,0
2025-02-03 04:22:00,22,80.83,62.65,38.92,1.04,4.91,0,0,466,Normal,0.0,0
2025-01-17 07:57:00,18,59.55,25.45,47.79,4.78,2.11,1,0,26,Normal,0.0,0
2025-02-03 23:05:00,42,67.45,37.21,63.45,2.97,3.74,2,0,39,Normal,0.0,1
2025-01-09 17:26:00,21,85.68,42.48,36.86,4.04,1.91,1,0,229,Normal,0.0,0
2025-02-20 14:13:00,4,84.48,35.42,75.14,3.1,1.62,1,0,146,Normal,0.0,0
2025-02-22 17:10:00,35,74.32,55.26,44.45,3.27,3.17,0,0,414,Normal,0.0,0
2025-01-30 14:56:00,32,51.54,42.08,35.93,4.85,3.28,2,0,412,Vibration Issue,0.0,1
2025-03-01 00:43:00,22,67.22,57.26,78.43,4.97,3.53,1,0,477,Normal,0.0,0
2025-02-24 22:32:00,47,76.48,64.02,61.95,4.46,3.92,0,0,240,Normal,0.0,0
2025-02-17 21:38:00,4,83.28,44.44,48.14,1.66,1.49,2,0,453,Normal,0.0,1
2025-01-30 13:15:00,39,68.76,36.63,46.54,4.69,2.66,1,0,284,Normal,0.0,0
2025-03-09 00:15:00,9,84.23,55.1,35.19,2.14,2.88,2,0,369,Vibration Issue,0.0,1
2025-01-13 09:39:00,28,84.16,23.43,45.86,3.7,2.48,2,0,329,Pressure Drop,0.0,1
2025-03-09 04:00:00,28,57.4,40.44,70.97,4.51,1.6,1,0,446,Normal,0.0,0
2025-03-04 03:50:00,12,65.81,44.27,37.01,2.77,3.46,1,0,211,Normal,0.0,0
2025-03-09 17:00:00,20,81.21,71.96,39.05,3.84,1.36,1,0,482,Normal,0.0,0
2025-01-27 11:31:00,42,74.3,45.28,37.36,2.61,4.87,1,0,133,Normal,0.0,0
2025-02-11 04:49:00,28,79.98,51.59,30.86,3.17,3.01,1,0,277,Normal,0.0,0
2025-01-26 04:40:00,34,77.15,64.68,54.93,3.98,2.08,1,0,318,Normal,0.0,0
2025-02-28 05:33:00,49,82.57,57.58,52.0,2.96,2.26,1,0,410,Normal,0.0,0
2025-01-08 02:24:00,20,74.0,73.0,64.38,4.57,3.72,0,0,73,Normal,0.0,0
2025-02-05 02:52:00,38,75.65,51.06,60.22,4.87,1.98,1,0,114,Normal,0.0,0
2025-02-25 04:12:00,30,58.27,35.77,56.98,2.65,4.01,1,0,26,Normal,0.0,0
2025-01-18 21:14:00,18,86.68,50.92,34.3,3.65,4.49,1,0,224,Normal,0.0,0
2025-02-12 21:16:00,28,68.16,48.05,76.28,2.97,3.1,1,0,247,Normal,0.0,0
2025-01-01 22:04:00,10,72.12,33.88,42.94,4.24,3.35,0,0,486,Normal,0.0,0
2025-03-06 07:31:00,40,70.23,35.73,48.11,4.16,3.92,1,0,143,Normal,0.0,0
2025-03-04 16:57:00,26,77.66,43.25,61.7,2.07,1.41,1,0,212,Normal,0.0,0
2025-01-15 07:08:00,10,91.49,45.22,62.19,2.98,1.04,1,1,28,Normal,1.0,1
2025-02-25 08:53:00,33,82.42,64.72,61.58,3.87,1.54,1,0,168,Normal,0.0,0
2025-02-14 13:35:00,5,75.39,65.55,50.08,3.05,3.44,1,0,496,Normal,0.0,0
2025-01-14 22:22:00,8,67.67,47.34,52.19,3.38,1.64,1,0,359,Normal,0.0,0
2025-01-21 23:43:00,48,71.03,58.78,78.35,3.6,4.44,0,0,149,Normal,0.0,0
2025-01-19 10:07:00,6,86.75,60.23,60.91,1.84,4.3,1,0,361,Normal,0.0,0
2025-02-28 19:27:00,20,63.96,21.26,59.65,4.45,4.27,1,0,267,Normal,0.0,0
2025-02-09 05:51:00,15,55.55,54.82,69.59,3.9,3.18,1,0,389,Normal,0.0,0
2025-01-25 18:28:00,16,78.56,60.83,69.93,3.35,4.0,2,0,360,Pressure Drop,0.0,1
2025-03-04 21:31:00,37,63.04,41.22,41.63,4.83,2.46,1,0,29,Normal,0.0,0
2025-02-10 21:34:00,33,82.52,81.09,54.78,1.68,3.28,1,1,43,Normal,1.0,1
2025-01-18 19:39:00,12,98.75,20.6,43.02,1.77,1.22,2,1,22,Pressure Drop,1.0,1
2025-02-10 09:37:00,29,80.02,60.73,43.91,1.42,4.67,1,0,467,Normal,0.0,0
2025-02-22 10:45:00,9,78.13,34.15,65.03,4.03,2.24,1,0,216,Normal,0.0,0
2025-01-02 05:01:00,32,77.47,71.31,58.49,2.37,2.96,1,0,145,Normal,0.0,0
2025-02-17 08:26:00,39,83.4,62.8,37.9,4.33,0.77,0,0,134,Normal,0.0,0
2025-01-18 11:58:00,32,99.0,29.97,46.71,4.43,2.68,1,1,17,Normal,1.0,1
2025-01-07 16:56:00,5,72.58,41.39,39.04,3.07,2.57,1,0,291,Normal,0.0,0
2025-02-09 14:47:00,48,73.35,48.59,65.2,4.06,4.09,0,0,20,Normal,0.0,0
2025-01-07 10:52:00,21,81.3,44.48,36.88,4.91,4.9,1,0,222,Normal,0.0,0
2025-02-24 14:22:00,13,64.0,48.85,67.61,1.19,3.46,1,0,465,Normal,0.0,0
2025-01-25 01:31:00,29,81.55,44.59,68.98,2.45,0.78,1,0,431,Normal,0.0,0
2025-03-01 23:17:00,4,65.83,42.11,58.56,2.42,2.87,1,0,345,Normal,0.0,0
2025-02-22 13:05:00,3,76.67,43.16,47.35,2.66,3.64,1,0,119,Normal,0.0,0
2025-02-16 15:33:00,48,69.51,28.37,42.16,1.83,2.43,0,0,498,Normal,0.0,0
2025-01-23 22:58:00,5,84.43,19.03,58.94,4.72,2.98,1,0,456,Normal,0.0,0
2025-02-03 19:44:00,28,66.79,45.15,51.01,1.95,1.38,1,0,10,Normal,0.0,1
2025-01-18 17:58:00,25,56.48,46.64,42.05,2.25,0.59,1,0,106,Normal,0.0,0
2025-02-10 07:05:00,27,51.07,24.55,54.3,2.62,1.33,1,0,181,Normal,0.0,0
2025-01-04 18:17:00,26,87.11,55.52,42.88,1.53,1.47,1,0,344,Normal,0.0,0
2025-02-03 11:01:00,15,64.67,44.74,72.42,1.19,0.88,1,0,194,Normal,0.0,0
2025-01-07 01:22:00,30,78.47,42.65,55.32,2.92,1.4,2,0,365,Vibration Issue,0.0,1
2025-01-23 11:52:00,23,74.4,39.46,47.52,4.74,3.93,2,0,216,Vibration Issue,0.0,1
2025-01-21 20:47:00,2,78.11,45.66,46.85,1.3,1.86,1,0,295,Normal,0.0,0
2025-01-07 20:05:00,25,87.86,63.46,35.81,3.13,0.79,1,0,282,Normal,0.0,0
2025-01-10 10:25:00,28,72.2,41.83,71.45,4.46,1.95,1,0,176,Normal,0.0,0
2025-02-01 07:04:00,24,77.18,60.91,37.03,2.87,4.19,2,0,102,Vibration Issue,0.0,1
2025-02-07 22:39:00,23,66.57,43.5,46.88,2.13,2.47,1,0,240,Normal,0.0,0
2025-02-22 06:19:00,40,67.09,52.43,54.46,2.51,3.28,1,0,472,Normal,0.0,0
2025-01-31 18:42:00,3,78.83,53.5,68.45,4.41,4.84,2,0,51,Vibration Issue,0.0,1
2025-01-26 07:26:00,11,80.91,65.26,70.95,3.53,1.58,1,0,365,Normal,0.0,0
2025-02-22 11:41:00,12,80.49,53.39,60.77,1.09,2.87,2,0,187,Vibration Issue,0.0,1
2025-03-03 03:46:00,12,68.92,48.46,74.54,1.83,4.53,1,0,20,Normal,0.0,0
2025-02-11 17:09:00,31,92.45,56.14,69.62,3.65,3.66,0,1,18,Normal,1.0,1
2025-03-02 03:00:00,10,85.08,56.32,43.1,2.57,4.53,1,0,80,Normal,0.0,0
2025-02-18 15:54:00,15,65.28,51.8,60.99,3.29,1.29,1,0,17,Normal,0.0,1
2025-03-04 08:14:00,27,59.14,55.48,37.9,2.6,3.64,1,0,90,Normal,0.0,0
2025-01-08 15:38:00,4,58.81,61.19,59.04,1.55,1.46,1,0,74,Normal,0.0,0
2025-02-04 03:01:00,22,77.86,55.45,62.49,3.47,0.92,1,0,343,Normal,0.0,0
2025-02-24 17:46:00,4,64.28,49.94,58.77,2.83,5.0,1,0,344,Normal,0.0,0
2025-03-05 08:46:00,2,71.0,29.66,34.18,1.95,0.75,1,0,203,Normal,0.0,0
2025-01-17 16:37:00,26,86.27,49.52,31.73,2.67,2.49,1,0,291,Normal,0.0,0
2025-01-07 02:41:00,24,82.42,54.87,48.28,3.98,4.96,1,0,149,Normal,0.0,0
2025-02-28 00:40:00,31,72.21,25.03,67.77,2.54,3.86,1,0,244,Normal,0.0,0
2025-02-27 04:41:00,43,78.48,56.03,60.75,3.1,1.97,2,0,197,Vibration Issue,0.0,1
2025-01-24 03:21:00,38,70.12,72.93,33.33,1.3,0.72,1,0,316,Normal,0.0,0
2025-01-24 13:30:00,37,84.75,45.18,57.77,1.16,2.54,2,0,382,Pressure Drop,0.0,1
2025-01-11 03:30:00,21,76.7,52.39,45.19,1.12,3.51,1,0,72,Normal,0.0,0
2025-01-22 23:30:00,7,78.07,42.85,76.6,4.61,2.22,2,0,186,Pressure Drop,0.0,1
2025-01-21 21:17:00,1,82.81,59.85,73.74,3.47,2.06,1,0,439,Normal,0.0,0
2025-02-09 06:57:00,17,75.83,36.76,36.02,3.56,3.5,1,0,427,Normal,0.0,0
2025-01-04 00:11:00,17,69.97,59.13,68.82,3.05,3.87,0,0,409,Normal,0.0,0
2025-02-20 09:34:00,5,70.45,43.24,32.03,3.14,3.58,0,0,224,Normal,0.0,0
2025-02-22 12:46:00,42,83.43,54.59,72.17,4.22,4.3,0,0,450,Normal,0.0,0
2025-01-04 22:26:00,17,94.27,36.94,61.32,3.61,2.46,0,1,28,Normal,1.0,1
2025-03-04 14:12:00,32,60.53,61.72,34.67,1.65,2.9,1,0,61,Normal,0.0,0
2025-01-20 15:19:00,44,101.68,64.59,73.65,3.37,4.67,1,1,40,Normal,1.0,1
2025-01-12 20:07:00,9,77.07,66.01,38.42,1.53,1.85,1,0,410,Normal,0.0,0
2025-02-05 10:59:00,39,89.73,64.23,32.53,2.84,3.97,1,0,133,Normal,0.0,0
2025-02-14 16:03:00,12,81.8,54.85,67.88,1.52,0.66,2,0,138,Overheating,0.0,1
2025-01-11 04:53:00,20,75.43,45.75,39.99,1.31,3.85,1,0,118,Normal,0.0,0
2025-03-09 16:54:00,2,79.76,51.41,63.21,3.75,4.91,1,0,342,Normal,0.0,0
2025-01-25 03:21:00,18,75.09,35.56,34.02,2.92,1.17,1,0,315,Normal,0.0,0
2025-03-09 05:40:00,35,78.07,58.23,52.68,2.27,3.24,1,0,273,Normal,0.0,0
2025-01-20 06:09:00,31,82.07,55.52,61.0,2.48,3.11,2,0,12,Pressure Drop,0.0,1
2025-02-18 10:45:00,4,81.55,62.25,65.04,2.59,2.39,1,0,37,Normal,0.0,0
2025-02-18 01:29:00,31,76.33,70.09,46.59,2.66,4.88,0,0,194,Normal,0.0,0
2025-02-14 19:55:00,7,83.53,65.64,55.2,1.08,4.48,1,0,144,Normal,0.0,0
2025-02-25 14:08:00,44,79.8,85.82,61.5,3.08,0.66,1,1,1,Normal,1.0,1
2025-01-26 22:06:00,21,69.15,61.79,74.13,1.68,0.91,1,0,20,Normal,0.0,0
2025-01-26 10:51:00,1,78.3,37.93,66.85,4.68,2.63,2,0,382,Electrical Fault,0.0,1
2025-01-03 02:20:00,24,82.55,56.74,56.33,1.93,2.89,1,0,332,Normal,0.0,0
2025-03-05 03:55:00,30,72.45,52.4,68.6,1.79,1.52,1,0,167,Normal,0.0,0
2025-01-13 19:43:00,38,60.68,60.51,55.95,4.9,4.55,1,0,155,Normal,0.0,0
2025-01-10 20:55:00,24,64.48,32.88,34.06,2.39,3.1,1,0,462,Normal,0.0,0
2025-02-18 01:11:00,14,82.81,56.68,64.23,3.12,1.27,0,0,410,Normal,0.0,0
2025-03-05 02:50:00,7,79.63,73.03,36.99,1.12,2.82,2,0,487,Pressure Drop,0.0,1
2025-03-08 10:48:00,1,65.02,50.03,60.88,2.6,1.13,2,0,129,Pressure Drop,0.0,1
2025-01-30 01:18:00,18,75.93,66.29,35.67,2.61,4.62,1,0,192,Normal,0.0,0
2025-03-05 03:13:00,45,72.14,25.96,30.88,3.36,1.63,1,0,115,Normal,0.0,0
2025-01-25 05:27:00,6,72.3,37.28,45.56,4.49,1.96,1,0,467,Normal,0.0,0
2025-02-17 19:07:00,47,77.42,82.31,61.13,3.63,2.75,1,1,47,Normal,1.0,1
2025-02-06 10:32:00,20,75.04,34.37,47.02,2.85,1.42,0,0,313,Normal,0.0,0
2025-01-10 19:12:00,23,54.75,35.73,58.29,2.87,2.92,1,0,56,Normal,0.0,0
2025-02-11 17:39:00,34,75.76,37.84,60.08,3.13,1.25,0,0,422,Normal,0.0,0
2025-02-07 00:55:00,25,87.9,41.33,34.58,2.88,0.99,1,0,74,Normal,0.0,0
2025-01-06 15:05:00,23,80.81,33.83,42.16,1.97,4.75,1,0,85,Normal,0.0,0
2025-02-11 20:44:00,12,61.67,-15.83,50.06,3.54,0.82,2,0,418,Overheating,0.0,1
2025-02-19 18:16:00,38,79.07,52.12,38.46,3.59,4.38,0,0,339,Normal,0.0,0
2025-01-21 21:49:00,19,72.04,36.37,50.24,3.26,3.1,1,0,136,Normal,0.0,0
2025-02-27 04:04:00,26,75.98,60.38,37.91,1.82,3.1,1,0,176,Normal,0.0,0
2025-02-10 17:45:00,19,70.68,72.65,39.41,2.43,2.19,2,0,90,Vibration Issue,0.0,1
2025-01-07 15:31:00,28,64.91,9.77,72.69,3.97,1.73,1,0,25,Normal,0.0,0
2025-02-23 15:59:00,4,70.1,41.6,52.62,4.88,1.36,1,0,371,Normal,0.0,0
2025-02-26 03:26:00,32,80.06,49.69,37.61,1.17,4.48,1,0,14,Normal,0.0,1
2025-02-18 01:19:00,19,96.65,51.67,44.29,1.72,1.3,1,1,36,Normal,1.0,1
2025-03-03 14:49:00,46,93.55,49.94,58.89,3.44,1.77,0,1,44,Normal,1.0,1
2025-02-25 23:14:00,43,70.31,60.18,69.13,1.36,3.62,1,0,477,Normal,0.0,0
2025-01-08 00:36:00,16,75.86,38.06,36.44,4.31,2.78,1,0,110,Normal,0.0,0
2025-01-05 00:59:00,3,87.29,49.25,67.82,3.74,2.28,1,0,121,Normal,0.0,0
2025-03-09 23:13:00,47,81.58,8.52,60.89,4.81,0.85,0,0,92,Normal,0.0,0
2025-01-25 19:16:00,9,76.41,42.36,51.48,2.4,2.37,1,0,271,Normal,0.0,0
2025-01-18 13:38:00,38,88.62,50.95,48.26,1.12,2.7,1,0,31,Normal,0.0,0
2025-03-02 20:35:00,42,72.98,62.61,76.99,4.89,2.07,1,0,70,Normal,0.0,0
2025-01-08 13:30:00,18,64.84,40.04,56.15,1.85,0.59,1,0,433,Normal,0.0,0
2025-02-08 04:43:00,22,71.54,65.16,65.97,3.25,1.95,1,0,179,Normal,0.0,0
2025-01-22 14:37:00,16,74.2,67.92,78.91,4.55,3.16,1,0,221,Normal,0.0,0
2025-02-06 05:59:00,2,70.58,63.58,42.78,4.31,3.39,0,0,238,Normal,0.0,0
2025-02-26 18:54:00,41,61.71,40.34,72.27,2.42,1.51,0,0,462,Normal,0.0,0
2025-01-21 01:32:00,49,64.87,38.67,63.06,4.43,4.6,1,0,127,Normal,0.0,0
2025-01-04 09:35:00,9,64.34,44.77,44.19,2.9,1.13,1,0,333,Normal,0.0,0
2025-02-10 05:54:00,38,106.19,54.43,38.87,5.0,0.85,1,1,30,Normal,1.0,1
2025-02-05 13:42:00,3,83.84,44.45,72.37,1.28,3.22,1,0,285,Normal,0.0,0
2025-01-26 16:58:00,15,75.75,60.22,47.61,4.0,4.4,1,0,480,Normal,0.0,0
2025-01-24 22:01:00,48,61.51,71.42,55.35,4.3,3.67,1,0,54,Normal,0.0,0
2025-03-05 08:27:00,30,62.9,42.36,69.88,2.33,4.06,0,0,65,Normal,0.0,0
2025-02-02 22:15:00,44,93.89,18.51,56.26,2.68,0.96,1,1,37,Normal,1.0,1
2025-01-03 10:23:00,46,80.17,47.45,56.03,3.93,1.53,1,0,152,Normal,0.0,0
2025-03-08 04:52:00,41,62.17,46.45,30.72,1.24,4.99,1,0,174,Normal,0.0,0
2025-03-09 15:52:00,37,87.2,37.28,43.73,3.74,2.58,1,0,357,Normal,0.0,0
2025-02-28 15:59:00,46,75.51,36.92,76.7,1.11,2.29,1,0,364,Normal,0.0,0
2025-02-05 08:23:00,40,69.0,68.87,62.53,4.92,2.13,1,0,196,Normal,0.0,0
2025-01-12 18:21:00,21,78.21,18.44,65.62,2.51,4.41,1,0,82,Normal,0.0,0
2025-01-19 13:49:00,31,70.55,31.31,72.92,2.39,3.4,1,0,138,Normal,0.0,0
2025-01-31 09:00:00,50,66.18,66.58,47.11,4.52,3.31,1,0,263,Normal,0.0,0
2025-01-18 17:53:00,5,86.06,24.21,39.35,2.11,1.53,2,0,18,Normal,0.0,1
2025-01-17 19:33:00,3,79.3,51.8,49.95,2.5,2.39,1,0,340,Normal,0.0,0
2025-01-08 17:36:00,33,61.22,53.68,37.51,2.33,1.98,1,0,162,Normal,0.0,0
2025-02-17 04:50:00,38,83.31,34.0,58.74,4.53,3.77,1,0,26,Normal,0.0,0
2025-02-24 10:26:00,14,81.12,28.05,33.34,4.19,3.05,0,0,148,Normal,0.0,0
2025-03-02 06:59:00,47,74.93,35.83,75.69,2.45,1.17,2,0,227,Electrical Fault,0.0,1
2025-02-23 23:20:00,25,92.99,60.12,41.73,1.65,3.52,1,1,1,Normal,1.0,1
2025-01-31 10:57:00,36,91.54,60.79,65.19,3.81,1.4,2,1,42,Normal,1.0,1
2025-03-04 06:12:00,47,92.69,44.93,76.23,4.75,4.58,1,1,14,Normal,1.0,1
2025-01-14 12:42:00,25,74.82,42.29,70.84,1.62,1.55,1,0,40,Normal,0.0,0
2025-02-24 05:18:00,28,76.35,42.16,51.55,3.8,0.73,1,0,459,Normal,0.0,0
2025-02-12 11:43:00,23,60.04,30.95,77.58,3.04,3.46,1,0,82,Normal,0.0,0
2025-02-20 08:57:00,4,74.24,45.95,41.81,4.08,3.59,2,0,400,Pressure Drop,0.0,1
2025-02-16 11:31:00,42,77.47,24.88,49.3,2.84,2.85,1,0,313,Normal,0.0,0
2025-02-12 16:35:00,34,57.9,49.3,44.07,4.28,2.11,1,0,243,Normal,0.0,0
2025-02-27 01:32:00,26,64.18,36.51,34.82,4.85,1.93,1,0,478,Normal,0.0,0
2025-02-06 19:22:00,16,60.47,58.33,34.32,2.49,3.11,1,0,206,Normal,0.0,0
2025-02-08 08:03:00,7,83.67,46.23,78.24,2.33,2.08,1,0,422,Normal,0.0,0
2025-01-07 00:33:00,10,72.02,49.26,32.69,2.62,2.18,1,0,109,Normal,0.0,0
2025-03-06 09:47:00,38,65.87,49.77,59.58,2.36,3.38,1,0,24,Normal,0.0,0
2025-01-10 07:22:00,32,84.56,53.66,38.02,4.63,3.81,1,0,180,Normal,0.0,0
2025-02-25 10:03:00,30,57.55,42.46,31.73,3.0,3.25,0,0,196,Normal,0.0,0
2025-03-07 22:31:00,5,77.21,56.29,72.25,3.34,1.07,1,0,300,Normal,0.0,0
2025-03-01 11:09:00,11,73.8,39.46,31.14,4.31,4.97,1,0,197,Normal,0.0,0
2025-01-17 09:12:00,49,64.93,35.74,32.81,1.43,2.9,1,0,151,Normal,0.0,0
2025-02-26 23:59:00,19,67.17,44.39,44.82,4.76,4.72,1,0,107,Normal,0.0,0
2025-02-24 04:12:00,36,72.94,46.98,41.43,2.3,3.36,1,0,318,Normal,0.0,0
2025-02-12 04:27:00,22,75.31,53.15,47.72,2.04,1.8,1,0,116,Normal,0.0,0
2025-01-20 02:25:00,30,61.51,76.99,56.36,4.32,4.43,1,0,134,Normal,0.0,0
2025-01-17 21:56:00,25,86.34,30.83,73.24,3.91,4.5,1,0,325,Normal,0.0,0
2025-03-10 17:06:00,16,72.77,28.7,33.05,2.82,2.01,1,0,119,Normal,0.0,0
2025-01-10 19:44:00,28,65.82,56.55,55.21,4.96,0.67,1,0,117,Normal,0.0,0
2025-01-22 05:34:00,46,85.44,65.25,79.26,3.87,4.78,1,0,191,Normal,0.0,0
2025-02-12 00:32:00,17,62.34,47.16,31.12,3.32,2.68,1,0,263,Normal,0.0,0
2025-01-22 11:28:00,43,63.95,50.75,61.42,3.79,3.22,1,0,457,Normal,0.0,0
2025-02-01 03:04:00,16,86.87,55.39,39.61,1.33,2.34,1,0,235,Normal,0.0,0
2025-01-16 23:36:00,22,67.94,63.31,73.42,4.61,3.67,1,0,252,Normal,0.0,0
2025-03-09 05:13:00,11,72.36,58.18,40.64,1.65,2.86,1,0,23,Normal,0.0,0
2025-02-06 09:25:00,40,65.17,63.75,43.72,4.93,4.06,2,0,448,Vibration Issue,0.0,1
2025-01-07 01:49:00,26,94.56,14.53,79.23,3.74,1.52,1,1,47,Normal,1.0,1
2025-01-04 23:29:00,39,77.54,42.94,45.6,1.81,1.41,1,0,487,Normal,0.0,0
2025-01-04 19:15:00,44,73.7,35.38,40.39,2.93,0.59,1,0,115,Normal,0.0,0
2025-01-07 14:12:00,35,76.61,51.67,58.86,4.34,1.73,1,0,224,Normal,0.0,0
2025-02-06 13:34:00,21,83.72,59.67,51.58,1.07,2.97,1,0,499,Normal,0.0,0
2025-01-06 02:50:00,3,70.9,56.07,77.81,4.33,1.87,1,0,489,Normal,0.0,0
2025-01-15 16:32:00,40,73.26,51.21,74.21,2.76,1.52,1,0,109,Normal,0.0,0
2025-03-10 09:09:00,21,93.67,48.68,53.64,3.78,0.57,0,1,37,Normal,1.0,1
2025-01-09 04:33:00,22,64.97,63.27,45.27,1.65,3.82,2,0,220,Normal,0.0,1
2025-03-11 03:53:00,6,94.22,60.25,72.32,3.23,2.14,1,1,45,Normal,1.0,1
2025-01-18 23:13:00,14,72.57,45.16,48.28,1.11,1.57,1,0,242,Normal,0.0,0
2025-02-06 04:40:00,46,72.32,49.56,35.69,2.45,4.82,1,0,309,Normal,0.0,0
2025-02-16 02:06:00,44,72.11,50.53,64.96,2.74,3.47,2,0,130,Vibration Issue,0.0,1
2025-01-18 13:20:00,44,81.75,48.33,41.87,3.66,1.5,1,0,110,Normal,0.0,0
2025-02-16 13:13:00,12,82.93,50.22,54.49,1.22,3.8,1,0,48,Normal,0.0,0
2025-02-14 03:34:00,48,75.85,50.72,36.97,4.82,3.33,1,0,440,Normal,0.0,0
2025-01-14 22:29:00,2,67.23,54.0,47.87,3.68,2.15,1,0,463,Normal,0.0,0
2025-01-13 03:03:00,22,67.64,26.65,67.57,3.8,1.44,1,0,94,Normal,0.0,0
2025-02-04 05:07:00,5,80.96,48.96,30.92,3.08,4.45,1,0,99,Normal,0.0,0
2025-01-01 09:54:00,25,61.91,39.11,46.05,1.82,2.19,1,0,185,Normal,0.0,0
2025-03-07 02:43:00,4,75.74,44.34,45.7,4.93,2.36,1,0,418,Normal,0.0,0
2025-03-01 10:33:00,14,71.04,69.14,49.49,2.28,4.82,1,0,264,Normal,0.0,0
2025-01-08 08:57:00,43,55.08,40.55,70.1,3.94,3.6,1,0,358,Normal,0.0,0
2025-01-18 22:47:00,48,69.72,61.6,37.13,2.71,3.91,1,0,216,Normal,0.0,0
2025-01-13 07:36:00,29,71.36,64.8,39.84,2.71,1.92,1,0,274,Normal,0.0,0
2025-01-02 14:11:00,12,71.36,47.77,33.12,4.24,1.44,1,0,169,Normal,0.0,0
2025-01-29 16:56:00,46,66.67,44.85,44.35,4.98,2.83,2,0,327,Vibration Issue,0.0,1
2025-01-15 07:20:00,18,80.08,37.53,31.79,3.88,3.78,1,0,265,Normal,0.0,0
2025-02-25 13:11:00,33,65.64,47.91,68.46,3.77,3.99,1,0,254,Normal,0.0,0
2025-01-27 11:15:00,14,67.41,57.87,44.31,3.33,5.0,1,0,81,Normal,0.0,0
2025-02-07 07:59:00,8,83.31,63.79,79.63,2.41,2.41,1,0,176,Normal,0.0,0
2025-03-03 15:19:00,36,57.58,40.01,33.49,4.45,2.85,1,0,328,Normal,0.0,0
2025-02-08 13:46:00,37,70.98,61.11,65.42,4.6,3.49,1,0,170,Normal,0.0,0
2025-02-15 16:15:00,40,78.72,42.71,40.77,3.49,4.24,1,0,21,Normal,0.0,0
2025-02-06 02:39:00,21,70.51,63.52,39.38,2.04,0.95,1,0,443,Normal,0.0,0
2025-02-13 07:08:00,30,73.0,22.72,62.96,2.71,4.29,1,0,93,Normal,0.0,0
2025-01-15 16:16:00,44,75.58,39.23,34.74,4.81,1.76,2,0,344,Electrical Fault,0.0,1
2025-02-25 22:49:00,28,74.02,28.32,67.11,4.95,4.04,1,0,107,Normal,0.0,0
2025-02-08 22:28:00,49,61.32,56.83,53.08,3.99,4.36,1,0,69,Normal,0.0,0
2025-01-15 02:46:00,22,70.33,55.86,59.55,4.65,0.96,1,0,147,Normal,0.0,0
2025-02-18 04:54:00,11,86.51,38.97,68.59,1.41,4.39,2,0,279,Normal,0.0,1
2025-01-12 04:45:00,40,60.34,50.27,66.59,4.75,2.73,1,0,455,Normal,0.0,0
2025-01-09 14:28:00,44,80.0,33.33,33.35,4.26,0.95,1,0,461,Normal,0.0,0
2025-01-19 18:57:00,9,59.34,55.84,46.08,1.35,2.62,1,0,396,Normal,0.0,0
2025-01-16 12:08:00,29,49.05,65.63,34.12,2.9,1.05,1,0,146,Normal,0.0,0
2025-03-07 20:38:00,39,77.34,52.5,76.62,4.71,4.09,1,0,397,Normal,0.0,0
2025-02-17 09:03:00,46,75.76,25.97,56.73,1.35,4.93,1,0,177,Normal,0.0,0
2025-03-07 05:29:00,3,71.76,32.73,56.73,3.45,4.17,1,0,11,Normal,0.0,1
2025-02-02 20:22:00,8,101.08,50.19,69.13,4.6,2.59,1,1,22,Normal,1.0,1
2025-02-18 23:42:00,14,72.15,57.65,64.4,4.03,2.78,1,0,247,Normal,0.0,0
2025-01-11 05:50:00,45,81.91,76.06,39.67,1.26,1.08,1,0,452,Normal,0.0,0
2025-01-05 12:09:00,3,65.28,47.4,67.32,3.2,1.55,1,0,432,Normal,0.0,0
2025-02-06 21:11:00,44,77.34,42.0,63.13,3.5,2.36,1,0,373,Normal,0.0,0
2025-01-10 01:30:00,9,69.71,53.46,35.01,3.81,3.3,2,0,74,Pressure Drop,0.0,1
2025-01-29 19:43:00,16,74.03,57.58,38.3,2.34,2.24,1,0,451,Normal,0.0,0
2025-02-20 05:12:00,40,88.64,40.13,64.49,2.89,4.31,1,0,406,Normal,0.0,0
2025-02-04 14:58:00,8,55.79,40.58,65.3,2.9,1.54,1,0,421,Normal,0.0,0
2025-01-25 01:33:00,17,72.34,69.5,72.76,4.88,4.22,1,0,203,Normal,0.0,0
2025-01-30 14:29:00,47,74.05,50.87,38.96,4.15,3.19,1,0,435,Normal,0.0,0
2025-01-15 09:46:00,42,75.27,46.61,72.44,1.32,4.34,1,0,281,Normal,0.0,0
2025-02-27 20:41:00,28,82.97,25.43,48.96,3.12,0.73,1,0,109,Normal,0.0,0
2025-02-20 15:34:00,17,70.11,55.86,45.02,2.33,4.35,1,0,408,Normal,0.0,0
2025-02-03 13:38:00,5,80.37,55.29,39.57,2.56,2.83,1,0,179,Normal,0.0,0
2025-02-14 07:54:00,47,71.74,16.72,31.73,1.4,1.43,1,0,289,Normal,0.0,0
2025-02-24 00:31:00,11,74.22,49.1,65.5,4.14,3.97,1,0,54,Normal,0.0,0
2025-01-06 03:42:00,38,76.3,39.6,73.28,1.96,1.41,1,0,490,Normal,0.0,0
2025-01-17 18:52:00,47,71.26,46.87,58.29,4.61,1.3,1,0,330,Normal,0.0,0
2025-01-13 20:40:00,34,57.99,50.5,56.61,2.15,0.84,1,0,245,Normal,0.0,0
2025-01-15 19:45:00,14,78.13,60.23,32.62,2.28,3.93,1,0,72,Normal,0.0,0
2025-01-03 18:59:00,15,86.77,60.53,37.43,3.4,3.63,1,0,261,Normal,0.0,0
2025-03-08 00:15:00,1,77.3,47.75,73.19,2.26,1.57,1,0,389,Normal,0.0,0
2025-03-05 19:39:00,32,82.75,36.7,36.3,1.85,4.4,1,0,198,Normal,0.0,0
2025-01-19 10:38:00,32,85.6,41.1,60.92,2.41,4.17,1,0,129,Normal,0.0,0
2025-01-22 07:34:00,49,59.65,55.87,34.96,3.46,0.59,1,0,286,Normal,0.0,0
2025-01-05 11:17:00,17,64.66,54.9,37.81,2.22,4.34,1,0,424,Normal,0.0,0
2025-02-03 04:03:00,29,72.92,69.13,44.31,1.88,0.64,1,0,339,Normal,0.0,0
2025-01-06 09:48:00,46,73.38,39.87,65.74,3.87,3.64,1,0,127,Normal,0.0,0
2025-02-20 02:47:00,42,81.07,42.42,64.05,3.13,3.22,1,0,154,Normal,0.0,0
2025-01-20 22:09:00,47,87.86,48.69,65.86,4.44,1.09,0,0,287,Normal,0.0,0
2025-02-08 23:06:00,5,76.85,37.03,33.02,1.53,2.17,1,0,91,Normal,0.0,0
2025-02-19 23:39:00,26,68.42,68.41,61.61,1.89,3.49,1,0,477,Normal,0.0,0
2025-01-27 23:01:00,37,76.16,10.8,77.47,4.6,4.69,1,0,246,Normal,0.0,0
2025-03-09 01:43:00,34,58.0,43.4,48.24,2.06,2.34,1,0,83,Normal,0.0,0
2025-02-09 10:13:00,48,88.33,58.37,50.51,4.93,1.02,0,0,300,Normal,0.0,0
2025-03-05 11:04:00,32,63.86,39.33,45.54,2.32,2.72,2,0,27,Overheating,0.0,1
2025-02-01 11:16:00,14,61.73,44.68,69.06,3.91,1.7,1,0,471,Normal,0.0,0
2025-02-20 23:23:00,10,73.22,31.45,65.18,1.93,4.28,1,0,94,Normal,0.0,0
2025-01-06 05:22:00,41,81.93,50.25,73.14,1.51,4.83,1,0,196,Normal,0.0,0
2025-02-23 11:31:00,28,77.26,44.73,40.87,3.54,4.66,1,0,50,Normal,0.0,0
2025-01-21 19:44:00,31,82.15,77.45,77.76,3.56,3.97,1,0,328,Normal,0.0,0
2025-02-26 11:46:00,48,93.13,62.67,31.52,1.65,0.67,1,1,45,Normal,1.0,1
2025-02-21 23:17:00,28,62.1,76.71,41.52,2.18,1.11,1,0,280,Normal,0.0,0
2025-02-11 15:31:00,3,65.51,27.66,32.82,4.3,2.41,1,0,488,Normal,0.0,0
2025-01-11 09:34:00,30,79.0,75.84,56.43,3.21,1.52,1,0,184,Normal,0.0,0
2025-01-11 13:04:00,14,82.71,64.15,35.25,1.36,4.59,0,0,96,Normal,0.0,0
2025-02-09 08:03:00,14,69.67,37.62,30.78,2.15,4.98,1,0,178,Normal,0.0,0
2025-02-15 07:40:00,44,90.12,58.05,31.37,4.62,1.0,1,1,18,Normal,1.0,1
2025-02-26 23:27:00,37,80.52,28.57,30.58,1.8,4.93,2,0,299,Overheating,0.0,1
2025-02-04 19:54:00,45,68.89,58.75,72.16,3.89,3.09,2,0,112,Overheating,0.0,1
2025-02-18 09:52:00,19,67.82,62.96,53.6,2.19,0.54,1,0,76,Normal,0.0,0
2025-02-09 13:51:00,25,80.92,61.23,47.86,2.15,1.79,1,0,312,Normal,0.0,0
2025-03-05 10:31:00,7,66.09,27.19,56.16,2.15,4.55,1,0,352,Normal,0.0,0
2025-03-06 22:26:00,47,71.04,81.2,54.61,4.31,3.5,1,1,31,Normal,1.0,1
2025-03-05 21:18:00,22,83.3,42.71,43.64,3.11,1.53,1,0,367,Normal,0.0,0
2025-02-26 11:16:00,15,74.21,38.92,46.0,4.57,0.89,2,0,201,Normal,0.0,1
2025-03-07 22:50:00,9,71.3,49.72,79.47,2.59,1.42,2,0,85,Overheating,0.0,1
2025-02-07 07:32:00,28,72.74,63.61,70.38,1.97,3.15,1,0,257,Normal,0.0,0
2025-01-23 01:56:00,30,73.71,38.17,44.03,2.52,3.72,1,0,253,Normal,0.0,0
2025-02-24 12:39:00,42,74.01,60.61,37.96,3.02,3.39,1,0,438,Normal,0.0,0
2025-02-04 07:54:00,35,81.12,69.94,58.55,3.49,2.18,1,0,469,Normal,0.0,0
2025-01-10 22:07:00,5,62.75,35.89,53.22,4.4,3.05,1,0,169,Normal,0.0,0
2025-01-12 17:26:00,40,73.05,59.68,42.98,2.7,1.44,1,0,164,Normal,0.0,0
2025-01-19 06:34:00,23,75.47,38.98,75.11,2.37,4.86,1,0,472,Normal,0.0,0
2025-02-03 10:00:00,4,97.81,21.22,38.26,4.07,3.48,1,1,43,Normal,1.0,1
2025-01-29 00:45:00,1,75.12,39.39,74.49,2.97,0.69,1,0,150,Normal,0.0,0
2025-02-04 21:26:00,31,87.7,31.72,44.28,2.62,1.76,1,0,49,Normal,0.0,0
2025-01-31 02:32:00,24,48.67,50.94,30.95,1.89,1.26,1,0,105,Normal,0.0,0
2025-01-10 18:09:00,12,77.75,36.35,33.2,2.13,4.52,2,0,220,Normal,0.0,1
2025-01-22 09:43:00,9,85.43,50.07,56.59,4.37,3.81,0,0,296,Normal,0.0,0
2025-01-07 15:41:00,49,67.48,27.03,41.66,3.72,2.11,1,0,249,Normal,0.0,0
2025-02-05 23:18:00,35,68.16,42.5,52.81,1.87,4.91,1,0,288,Normal,0.0,0
2025-01-19 14:03:00,14,74.82,39.95,53.6,1.89,2.03,1,0,188,Normal,0.0,0
2025-02-13 02:17:00,2,84.95,57.81,54.14,2.9,1.9,0,0,147,Normal,0.0,0
2025-02-03 00:54:00,23,58.81,44.21,65.87,4.76,2.54,1,0,306,Normal,0.0,0
2025-01-13 03:14:00,12,71.38,31.45,33.64,2.75,2.55,1,0,239,Normal,0.0,0
2025-01-28 03:05:00,40,84.36,61.27,78.94,3.11,3.47,2,0,125,Vibration Issue,0.0,1
2025-01-12 17:58:00,22,76.2,23.35,42.61,3.66,0.78,1,0,207,Normal,0.0,0
2025-02-28 06:52:00,9,87.98,50.9,44.26,4.47,1.46,1,0,347,Normal,0.0,0
2025-02-20 05:31:00,20,63.76,70.35,35.0,3.16,4.98,0,0,45,Normal,0.0,0
2025-01-24 18:57:00,49,78.66,56.09,41.45,3.94,2.43,1,0,188,Normal,0.0,0
2025-01-24 18:13:00,23,79.49,46.4,71.9,4.37,2.99,1,0,453,Normal,0.0,0
2025-01-19 03:39:00,45,68.12,47.54,60.93,4.14,0.62,1,0,371,Normal,0.0,0
2025-02-08 00:57:00,15,79.45,67.08,67.72,2.5,4.02,1,0,282,Normal,0.0,0
2025-02-11 04:32:00,12,66.73,56.27,37.66,1.74,3.63,1,0,394,Normal,0.0,0
2025-02-21 17:07:00,39,67.52,33.58,58.61,2.91,1.64,1,0,255,Normal,0.0,0
2025-01-18 07:26:00,20,63.86,35.83,76.51,4.51,0.81,1,0,414,Normal,0.0,0
2025-01-02 05:11:00,6,80.73,35.24,75.31,4.69,1.17,1,0,350,Normal,0.0,0
2025-02-16 02:44:00,37,81.27,32.43,30.63,1.03,0.97,1,0,32,Normal,0.0,0
2025-01-28 15:14:00,11,72.81,59.13,60.45,3.3,3.29,1,0,200,Normal,0.0,0
2025-02-15 16:57:00,30,87.05,30.1,38.4,1.59,2.27,1,0,254,Normal,0.0,0
2025-03-05 11:08:00,27,70.82,75.91,64.56,2.81,3.54,1,0,347,Normal,0.0,0
2025-01-10 07:45:00,47,83.79,38.23,36.61,4.72,1.1,1,0,365,Normal,0.0,0
2025-01-19 00:41:00,44,89.28,15.59,55.0,3.63,3.17,1,0,136,Normal,0.0,0
2025-01-27 01:38:00,38,79.68,33.71,48.27,3.81,1.49,0,0,231,Normal,0.0,0
2025-01-29 16:40:00,21,69.58,46.72,57.08,4.72,2.31,1,0,338,Normal,0.0,0
2025-02-19 22:22:00,8,79.75,51.56,42.46,2.21,4.87,1,0,36,Normal,0.0,0
2025-01-05 14:39:00,7,76.88,47.85,49.6,3.52,2.22,1,0,273,Normal,0.0,0
2025-03-06 22:07:00,3,65.32,37.54,49.97,4.23,1.18,1,0,215,Normal,0.0,0
2025-02-17 15:31:00,1,82.74,74.92,72.16,2.03,2.71,1,0,374,Normal,0.0,0
2025-03-02 18:15:00,6,73.21,66.7,33.56,1.86,2.79,1,0,337,Normal,0.0,0
2025-02-25 17:56:00,48,74.12,25.13,62.96,4.07,0.93,1,0,444,Normal,0.0,0
2025-02-10 18:42:00,39,60.21,66.16,33.29,1.25,1.4,1,0,44,Normal,0.0,0
2025-02-02 09:42:00,37,59.86,43.87,46.98,2.46,4.64,1,0,410,Normal,0.0,0
2025-03-06 11:55:00,14,75.29,82.33,55.17,3.22,2.39,1,1,16,Normal,1.0,1
2025-02-08 12:32:00,18,81.25,33.77,33.89,1.98,4.41,1,0,483,Normal,0.0,0
2025-01-13 14:12:00,12,52.3,66.66,51.54,2.81,3.94,1,0,364,Normal,0.0,0
2025-02-14 01:33:00,34,83.85,44.94,66.95,2.74,3.02,1,0,131,Normal,0.0,0
2025-02-17 11:47:00,13,81.79,57.18,61.12,1.76,4.89,1,0,99,Normal,0.0,0
2025-02-08 06:07:00,6,72.13,24.43,72.84,1.52,2.67,1,0,452,Normal,0.0,0
2025-01-18 03:09:00,47,73.77,53.33,62.55,4.31,3.48,2,0,98,Overheating,0.0,1
2025-02-02 03:45:00,43,75.4,43.99,33.31,1.08,1.69,1,0,64,Normal,0.0,0
2025-01-31 08:04:00,29,81.67,69.55,43.82,2.6,2.56,1,0,292,Normal,0.0,0
2025-03-07 17:51:00,44,73.72,58.29,33.62,1.37,2.67,1,0,385,Normal,0.0,0
2025-02-05 03:47:00,36,88.4,48.62,69.76,4.69,3.18,2,0,236,Electrical Fault,0.0,1
2025-01-19 05:17:00,12,90.47,10.61,36.49,1.02,2.06,1,1,42,Normal,1.0,1
2025-02-26 18:04:00,36,81.21,56.42,71.39,2.15,1.08,1,0,268,Normal,0.0,0
2025-02-19 15:36:00,15,68.8,22.27,41.55,1.48,3.44,1,0,252,Normal,0.0,0
2025-01-05 05:50:00,34,79.65,52.68,37.09,4.03,1.56,2,0,465,Overheating,0.0,1
2025-01-29 17:37:00,50,64.5,70.34,70.78,2.88,3.84,1,0,317,Normal,0.0,0
2025-01-03 23:08:00,42,74.23,44.13,64.22,1.77,1.31,1,0,117,Normal,0.0,0
2025-01-18 07:32:00,23,72.62,78.85,38.29,1.32,4.82,1,0,242,Normal,0.0,0
2025-01-15 06:38:00,47,74.2,64.17,46.47,1.05,0.63,2,0,308,Electrical Fault,0.0,1
2025-03-05 20:09:00,43,61.13,52.22,44.13,2.39,4.62,1,0,109,Normal,0.0,0
2025-02-10 18:08:00,42,60.91,46.73,62.13,2.46,3.98,1,0,171,Normal,0.0,0
2025-01-07 01:11:00,8,76.89,74.35,78.62,3.06,3.43,0,0,37,Normal,0.0,0
2025-01-07 22:13:00,39,65.25,89.92,53.67,1.55,1.73,1,1,4,Normal,1.0,1
2025-01-25 06:47:00,33,89.79,69.46,43.49,3.08,0.92,2,0,261,Normal,0.0,1
2025-01-27 10:14:00,9,70.43,50.85,79.25,2.35,1.2,1,0,59,Normal,0.0,0
2025-01-01 17:43:00,5,79.23,40.7,47.58,1.71,1.91,2,0,76,Vibration Issue,0.0,1
2025-01-04 20:53:00,26,68.51,32.75,62.82,1.55,3.97,0,0,457,Normal,0.0,0
2025-02-05 19:28:00,38,75.19,56.52,52.35,1.25,1.05,2,0,428,Overheating,0.0,1
2025-02-13 04:14:00,49,64.33,39.7,77.72,3.02,1.34,1,0,401,Normal,0.0,0
2025-02-27 16:20:00,22,79.67,45.79,55.18,2.26,0.65,1,0,111,Normal,0.0,0
2025-02-26 06:58:00,8,75.5,38.86,73.6,3.47,3.56,1,0,452,Normal,0.0,0
2025-01-27 06:25:00,28,79.75,29.94,70.81,2.89,4.48,1,0,415,Normal,0.0,0
2025-02-22 05:06:00,20,75.41,61.65,57.32,4.13,2.51,1,0,16,Normal,0.0,1
2025-01-01 07:00:00,23,79.15,24.94,58.38,4.41,1.93,2,0,439,Overheating,0.0,1
2025-01-03 14:12:00,27,83.75,27.37,65.6,3.68,3.83,1,0,55,Normal,0.0,0
2025-03-04 06:56:00,7,77.54,30.15,57.89,2.04,4.92,1,0,83,Normal,0.0,0
2025-01-08 01:39:00,28,80.25,63.94,44.28,4.36,4.32,1,0,247,Normal,0.0,0
2025-02-17 15:45:00,3,62.4,60.15,67.11,3.88,3.98,1,0,23,Normal,0.0,0
2025-01-31 22:04:00,41,96.49,63.15,59.58,2.02,2.35,0,1,10,Normal,1.0,1
2025-01-07 08:28:00,22,81.99,40.01,68.68,1.18,1.72,2,0,178,Overheating,0.0,1
2025-01-17 01:13:00,26,77.2,53.64,72.65,4.31,3.48,1,0,472,Normal,0.0,0
2025-03-09 14:15:00,3,81.49,14.04,67.73,4.3,2.16,0,0,22,Normal,0.0,0
2025-01-31 22:30:00,39,65.41,35.14,56.71,2.11,3.45,1,0,410,Normal,0.0,0
2025-02-22 10:46:00,26,78.48,53.4,76.99,2.45,3.67,1,0,430,Normal,0.0,0
2025-03-09 19:28:00,30,69.41,41.23,49.21,3.75,4.97,1,0,489,Normal,0.0,0
2025-02-05 05:30:00,30,62.91,31.74,75.7,4.43,2.74,1,0,424,Normal,0.0,0
2025-02-01 19:04:00,12,75.64,48.87,63.18,3.58,0.52,1,0,393,Normal,0.0,0
2025-02-15 17:07:00,46,70.32,62.93,58.05,2.84,3.11,0,0,182,Normal,0.0,0
2025-02-10 09:09:00,14,76.76,53.0,41.25,2.51,3.1,1,0,317,Normal,0.0,0
2025-03-10 14:17:00,47,76.02,33.48,43.38,2.46,2.39,1,0,226,Normal,0.0,0
2025-01-23 06:11:00,34,72.06,69.7,41.3,3.66,4.81,1,0,154,Normal,0.0,0
2025-01-12 03:30:00,41,63.19,75.7,53.69,2.2,3.32,1,0,185,Normal,0.0,0
2025-01-14 10:21:00,15,58.1,43.18,56.27,3.77,0.9,1,0,459,Normal,0.0,0
2025-01-28 18:36:00,43,83.25,45.79,60.16,4.66,4.34,1,0,58,Normal,0.0,0
2025-02-02 20:23:00,25,81.84,40.56,69.0,3.49,2.79,1,0,497,Normal,0.0,0
2025-01-26 12:49:00,26,80.66,27.25,54.37,3.08,1.42,1,0,308,Normal,0.0,0
2025-01-18 11:12:00,36,82.05,50.45,60.16,4.22,2.85,1,0,10,Normal,0.0,1
2025-01-22 15:53:00,27,56.06,50.26,33.45,4.07,3.13,1,0,223,Normal,0.0,0
2025-01-04 04:20:00,37,87.9,44.86,63.61,1.33,4.59,1,0,459,Normal,0.0,0
2025-01-25 04:30:00,20,85.87,39.51,40.43,4.81,4.18,2,0,430,Overheating,0.0,1
2025-02-06 00:15:00,34,65.43,43.12,56.04,1.41,3.13,1,0,448,Normal,0.0,0
2025-02-11 09:31:00,15,81.89,41.84,73.64,2.88,4.54,1,0,186,Normal,0.0,0
2025-01-18 15:51:00,42,81.73,74.24,32.96,3.43,1.52,1,0,275,Normal,0.0,0
2025-01-30 09:15:00,20,70.75,48.28,47.74,1.07,1.23,1,0,78,Normal,0.0,0
2025-01-07 22:29:00,5,68.48,62.21,78.78,3.3,3.36,1,0,174,Normal,0.0,0
2025-02-01 01:48:00,49,67.04,48.95,55.28,3.44,4.41,1,0,428,Normal,0.0,0
2025-01-06 08:01:00,41,69.67,50.4,67.21,3.16,0.81,1,0,112,Normal,0.0,0
2025-01-18 18:16:00,22,66.85,53.92,51.43,4.85,3.9,1,0,498,Normal,0.0,0
2025-01-02 09:27:00,32,66.45,68.84,38.05,2.69,3.79,2,0,248,Normal,0.0,1
2025-01-30 05:05:00,4,89.16,82.58,40.91,3.13,4.11,1,1,13,Normal,1.0,1
2025-02-24 02:06:00,13,84.4,32.91,33.29,1.69,2.99,1,0,191,Normal,0.0,0
2025-02-03 00:08:00,6,85.16,47.83,55.69,3.01,4.76,1,0,208,Normal,0.0,0
2025-02-06 01:36:00,13,59.1,76.16,43.34,1.5,4.23,1,0,36,Normal,0.0,0
2025-02-09 12:14:00,22,74.42,30.19,54.93,1.42,3.98,1,0,31,Normal,0.0,0
2025-01-20 07:11:00,10,58.54,37.5,42.43,3.08,4.32,1,0,306,Normal,0.0,0
2025-01-11 06:31:00,46,82.34,45.91,74.65,1.12,3.21,1,0,274,Normal,0.0,0
2025-01-27 09:49:00,29,78.33,35.69,60.16,2.95,4.85,1,0,261,Normal,0.0,0
2025-02-16 04:24:00,11,78.42,43.5,40.33,2.18,1.17,1,0,203,Normal,0.0,0
2025-01-12 16:37:00,11,85.12,45.52,64.16,4.7,2.62,1,0,489,Normal,0.0,0
2025-01-16 17:41:00,1,73.63,47.3,62.89,2.33,2.26,1,0,462,Normal,0.0,0
2025-01-05 01:40:00,5,82.18,61.87,41.78,2.4,2.13,0,0,383,Normal,0.0,0
2025-01-13 11:58:00,26,80.73,42.42,46.2,2.05,3.06,2,0,383,Pressure Drop,0.0,1
2025-02-05 05:11:00,26,74.47,26.3,49.29,4.53,3.77,2,0,128,Pressure Drop,0.0,1
2025-02-18 21:09:00,26,67.14,40.09,46.42,4.08,2.78,0,0,168,Normal,0.0,0
2025-03-04 02:40:00,36,63.19,54.75,30.3,2.15,4.51,1,0,101,Normal,0.0,0
2025-01-13 06:52:00,4,66.19,44.53,72.47,3.36,2.03,1,0,41,Normal,0.0,0
2025-01-21 15:18:00,16,78.08,55.21,34.08,2.23,1.26,1,0,83,Normal,0.0,0
2025-02-16 14:32:00,38,74.31,51.64,74.07,2.68,3.7,0,0,101,Normal,0.0,0
2025-02-14 06:14:00,19,66.9,29.86,55.7,4.16,3.99,1,0,146,Normal,0.0,0
2025-02-06 05:01:00,7,87.8,46.93,34.52,3.11,1.01,1,0,472,Normal,0.0,0
2025-01-30 03:37:00,20,101.03,80.28,68.62,2.77,1.37,1,1,34,Normal,1.0,1
2025-02-14 15:17:00,38,73.97,73.56,48.13,3.35,3.07,1,0,370,Normal,0.0,0
2025-01-15 21:01:00,13,80.25,59.73,45.86,2.85,4.95,1,0,387,Normal,0.0,0
2025-03-10 02:57:00,44,76.46,58.86,49.71,4.86,3.11,1,0,423,Normal,0.0,0
2025-02-28 15:28:00,40,72.4,61.01,51.09,3.16,3.29,1,0,356,Normal,0.0,0
2025-01-08 19:08:00,31,53.96,25.71,78.12,4.71,3.25,1,0,316,Normal,0.0,0
2025-01-18 18:38:00,25,65.21,76.63,60.97,4.7,4.51,1,0,14,Normal,0.0,1
2025-01-15 12:13:00,6,76.0,52.11,35.24,3.39,0.53,2,0,373,Electrical Fault,0.0,1
2025-02-22 21:39:00,40,78.8,54.31,63.86,3.18,1.78,1,0,133,Normal,0.0,0
2025-02-23 12:11:00,48,88.49,43.83,62.79,1.81,0.77,1,0,302,Normal,0.0,0
2025-03-11 03:26:00,50,80.17,60.82,51.8,4.13,3.84,0,0,41,Normal,0.0,0
2025-03-10 00:46:00,9,93.03,71.76,30.63,2.07,1.77,1,1,21,Normal,1.0,1
2025-01-23 21:01:00,44,81.73,42.42,67.33,4.2,3.82,1,0,263,Normal,0.0,0
2025-02-13 10:59:00,7,72.79,40.44,32.53,3.51,2.25,1,0,77,Normal,0.0,0
2025-02-19 05:42:00,40,61.38,54.26,33.55,3.47,4.76,1,0,288,Normal,0.0,0
2025-02-16 17:22:00,25,84.1,54.81,59.36,4.22,3.02,1,0,396,Normal,0.0,0
2025-03-06 19:42:00,23,92.24,47.52,44.35,3.32,4.59,1,1,11,Normal,1.0,1
2025-01-12 22:08:00,31,96.57,49.64,56.97,4.74,4.32,1,1,24,Normal,1.0,1
2025-01-16 01:29:00,41,68.85,17.32,42.19,1.46,0.87,1,0,51,Normal,0.0,0
2025-01-25 18:45:00,21,62.65,59.12,68.83,1.35,4.98,1,0,207,Normal,0.0,0
2025-03-03 20:41:00,14,79.6,42.61,76.65,4.31,4.93,1,0,323,Normal,0.0,0
2025-03-03 19:55:00,20,74.88,58.61,40.87,4.91,4.15,2,0,371,Normal,0.0,1
2025-02-05 22:26:00,45,75.65,67.41,30.56,1.16,1.03,1,0,308,Normal,0.0,0
2025-03-02 07:38:00,47,74.96,89.32,64.62,1.53,0.93,1,1,24,Normal,1.0,1
2025-02-10 18:57:00,31,86.39,56.96,36.59,4.87,2.45,2,0,97,Vibration Issue,0.0,1
2025-02-08 08:04:00,48,88.73,82.69,48.68,1.72,2.19,1,1,24,Normal,1.0,1
2025-02-24 18:21:00,11,75.74,57.01,74.89,3.63,1.79,0,0,478,Normal,0.0,0
2025-03-06 21:39:00,3,87.99,60.42,34.43,2.79,3.71,0,0,58,Normal,0.0,0
2025-02-14 19:01:00,19,71.32,51.25,62.65,4.03,1.18,2,0,397,Normal,0.0,1
2025-01-30 02:05:00,45,83.0,58.23,32.48,2.97,4.4,2,0,192,Vibration Issue,0.0,1
2025-01-09 07:09:00,45,75.9,59.08,55.93,4.81,4.52,1,0,367,Normal,0.0,0
2025-01-12 06:16:00,47,88.04,32.79,46.25,4.52,3.48,1,0,12,Normal,0.0,1
2025-02-16 11:46:00,49,63.6,20.91,48.42,3.69,0.65,1,0,436,Normal,0.0,0
2025-03-09 10:54:00,17,75.18,52.93,74.99,1.53,1.22,1,0,273,Normal,0.0,0
2025-02-12 04:03:00,37,79.14,59.33,76.16,1.22,0.89,1,0,29,Normal,0.0,0
2025-01-08 03:31:00,26,80.58,48.65,37.88,1.32,3.67,2,0,379,Vibration Issue,0.0,1
2025-03-09 08:27:00,49,67.19,68.21,43.33,2.64,3.56,1,0,190,Normal,0.0,0
2025-01-22 02:08:00,33,85.51,68.59,73.29,1.73,1.71,1,0,274,Normal,0.0,0
2025-02-10 19:55:00,3,77.24,51.34,41.98,2.84,2.68,1,0,237,Normal,0.0,0
2025-02-16 08:28:00,23,79.22,22.97,60.57,4.75,1.61,1,0,138,Normal,0.0,0
2025-03-02 21:55:00,5,73.79,54.52,49.92,2.39,4.95,1,0,19,Normal,0.0,1
2025-02-14 02:59:00,3,79.66,60.57,55.31,4.68,2.76,1,0,264,Normal,0.0,0
2025-01-04 22:52:00,8,82.31,23.42,60.19,1.09,2.37,1,0,166,Normal,0.0,0
2025-02-09 12:45:00,32,76.61,16.56,40.51,2.2,3.11,1,0,440,Normal,0.0,0
2025-02-06 15:28:00,44,57.49,58.12,65.9,1.75,1.73,0,0,176,Normal,0.0,0
2025-01-22 05:26:00,18,90.93,45.6,38.24,4.81,1.46,1,1,41,Normal,1.0,1
2025-01-27 21:26:00,10,67.51,64.21,48.77,1.62,1.62,1,0,70,Normal,0.0,0
2025-03-03 00:37:00,39,69.6,56.89,49.0,1.51,1.02,1,0,387,Normal,0.0,0
2025-01-05 22:08:00,36,71.87,41.95,62.37,4.59,0.88,1,0,83,Normal,0.0,0
2025-02-14 13:49:00,43,64.46,34.75,46.87,3.48,4.87,2,0,64,Vibration Issue,0.0,1
2025-02-04 17:00:00,35,80.38,38.6,77.31,1.56,3.51,2,0,211,Electrical Fault,0.0,1
2025-01-26 02:26:00,2,71.74,43.39,74.14,1.48,3.64,1,0,69,Normal,0.0,0
2025-01-23 06:21:00,11,81.81,36.66,52.28,3.96,2.21,1,0,158,Normal,0.0,0
2025-03-04 12:33:00,46,57.96,71.85,52.57,1.8,3.18,1,0,390,Normal,0.0,0
2025-01-21 16:25:00,27,47.05,30.51,72.17,4.15,1.71,1,0,50,Normal,0.0,0
2025-01-11 09:20:00,45,65.63,36.95,76.64,1.62,1.1,1,0,186,Normal,0.0,0
2025-01-16 17:08:00,41,74.91,68.04,35.43,2.67,3.79,1,0,68,Normal,0.0,0
2025-01-13 00:51:00,21,72.16,19.06,61.92,4.11,0.63,1,0,389,Normal,0.0,0
2025-02-23 02:36:00,29,83.09,63.61,31.6,3.8,4.14,1,0,347,Normal,0.0,0
2025-02-07 09:44:00,26,80.65,54.33,79.37,2.74,3.43,2,0,402,Vibration Issue,0.0,1
2025-02-02 20:19:00,34,58.79,63.42,49.05,1.9,3.25,1,0,413,Normal,0.0,0
2025-01-13 15:52:00,44,76.68,56.96,64.23,4.82,1.07,1,0,347,Normal,0.0,0
2025-02-22 12:02:00,37,61.62,25.67,71.99,3.78,3.02,1,0,173,Normal,0.0,0
2025-02-18 14:42:00,37,77.55,29.98,76.18,4.48,0.73,1,0,300,Normal,0.0,0
2025-01-05 06:25:00,27,67.66,57.71,32.88,3.89,2.64,1,0,59,Normal,0.0,0
2025-02-11 14:21:00,35,73.63,65.91,61.13,1.99,3.12,1,0,175,Normal,0.0,0
2025-02-03 00:00:00,38,71.27,50.27,40.38,4.91,2.16,1,0,417,Normal,0.0,0
2025-02-06 10:56:00,44,86.64,45.92,56.77,4.64,3.56,1,0,441,Normal,0.0,0
2025-01-15 21:49:00,50,72.56,70.64,64.09,3.31,3.69,1,0,46,Normal,0.0,0
2025-03-08 18:12:00,17,62.0,49.11,67.67,2.64,0.97,1,0,164,Normal,0.0,0
2025-01-17 01:25:00,30,71.89,64.5,31.08,1.83,4.51,1,0,406,Normal,0.0,0
2025-01-20 22:45:00,3,54.82,60.53,60.19,1.61,1.5,1,0,144,Normal,0.0,0
2025-03-04 08:47:00,41,80.94,54.02,67.53,2.91,1.45,1,0,178,Normal,0.0,0
2025-02-17 07:19:00,3,71.34,64.07,30.9,3.47,1.22,1,0,170,Normal,0.0,0
2025-01-19 08:38:00,25,89.22,64.58,45.03,2.61,3.82,2,0,32,Normal,0.0,1
2025-01-12 03:40:00,49,86.13,35.53,38.31,2.5,1.07,1,0,471,Normal,0.0,0
2025-03-07 23:25:00,11,76.55,51.62,69.28,4.18,2.56,1,0,188,Normal,0.0,0
2025-01-28 18:26:00,6,62.81,42.68,78.67,1.72,2.77,1,0,140,Normal,0.0,0
2025-01-08 22:52:00,46,89.32,51.47,54.77,3.84,4.68,2,0,73,Vibration Issue,0.0,1
2025-02-25 08:43:00,40,75.23,60.56,40.79,1.73,1.66,1,0,400,Normal,0.0,0
2025-01-10 13:49:00,23,51.68,38.84,71.02,4.8,2.55,0,0,49,Normal,0.0,0
2025-01-18 22:58:00,46,92.48,67.7,57.43,4.77,3.45,1,1,36,Normal,1.0,1
2025-01-03 19:33:00,5,74.76,54.55,44.21,4.67,3.99,1,0,370,Normal,0.0,0
2025-01-24 17:51:00,40,88.07,14.23,68.95,3.76,0.67,2,0,271,Pressure Drop,0.0,1
2025-02-08 17:27:00,32,77.7,52.88,59.79,2.2,3.22,1,0,477,Normal,0.0,0
2025-01-06 08:15:00,11,77.38,49.98,32.17,3.88,3.48,1,0,162,Normal,0.0,0
2025-03-07 00:17:00,11,77.47,46.93,43.81,4.04,1.73,1,0,296,Normal,0.0,0
2025-01-16 09:57:00,47,77.88,33.55,67.62,4.65,1.51,1,0,373,Normal,0.0,0
2025-01-19 19:36:00,1,69.93,44.5,42.58,3.71,3.27,1,0,380,Normal,0.0,0
2025-03-03 17:35:00,31,54.57,63.35,56.18,2.46,3.08,2,0,326,Normal,0.0,1
2025-01-01 23:17:00,22,74.85,25.55,73.82,4.65,4.87,1,0,497,Normal,0.0,0
2025-02-09 17:19:00,29,67.31,81.59,62.76,3.2,3.63,1,1,11,Normal,1.0,1
2025-01-05 09:58:00,31,84.57,51.56,59.36,1.69,1.53,1,0,182,Normal,0.0,0
2025-03-08 14:36:00,50,78.73,53.38,65.35,3.79,0.75,2,0,144,Normal,0.0,1
2025-01-29 05:32:00,38,81.38,43.32,35.48,4.31,2.31,1,0,317,Normal,0.0,0
2025-03-01 20:18:00,2,90.23,35.93,45.01,1.63,4.12,1,1,24,Normal,1.0,1
2025-02-01 04:05:00,16,74.47,49.33,65.27,4.56,4.63,1,0,124,Normal,0.0,0
2025-02-25 04:26:00,31,69.04,78.36,63.27,3.84,4.24,1,0,266,Normal,0.0,0
2025-01-29 23:46:00,19,71.3,68.6,33.86,1.66,3.17,1,0,79,Normal,0.0,0
2025-01-29 04:47:00,42,93.43,39.28,72.0,1.92,1.32,1,1,36,Normal,1.0,1
2025-01-01 05:45:00,33,79.65,65.18,33.11,4.93,4.05,1,0,22,Normal,0.0,0
2025-01-21 06:52:00,34,76.91,19.49,31.78,1.92,4.76,2,0,371,Electrical Fault,0.0,1
2025-01-21 19:56:00,6,79.27,60.63,42.03,4.21,4.77,1,0,45,Normal,0.0,0
2025-02-08 23:17:00,4,90.33,53.55,68.33,1.55,3.16,2,1,20,Overheating,1.0,1
2025-03-03 06:17:00,34,77.66,74.81,43.51,4.52,0.64,1,0,221,Normal,0.0,0
2025-02-06 18:05:00,45,75.46,77.36,75.52,1.58,2.86,0,0,473,Normal,0.0,0
2025-01-20 09:38:00,42,64.43,67.43,47.48,1.12,1.67,1,0,455,Normal,0.0,0
2025-01-10 12:06:00,39,80.68,42.55,70.44,2.16,0.89,1,0,74,Normal,0.0,0
2025-01-10 14:43:00,48,80.89,70.77,53.17,1.34,2.04,2,0,103,Electrical Fault,0.0,1
2025-01-25 10:26:00,9,83.34,49.85,65.79,1.81,2.65,1,0,303,Normal,0.0,0
2025-01-30 16:37:00,29,90.21,44.73,39.64,3.35,2.87,1,1,5,Normal,1.0,1
2025-01-23 03:32:00,33,95.18,26.76,77.42,3.14,2.16,1,1,20,Normal,1.0,1
2025-01-25 18:30:00,13,77.11,58.05,54.32,1.06,4.84,1,0,164,Normal,0.0,0
2025-01-10 19:45:00,31,86.78,75.63,43.06,3.01,4.78,0,0,357,Normal,0.0,0
2025-01-10 17:55:00,7,61.61,46.66,77.71,3.17,2.13,0,0,274,Normal,0.0,0
2025-03-10 05:08:00,12,81.3,64.87,77.77,4.47,0.98,1,0,56,Normal,0.0,0
2025-01-02 01:02:00,40,63.66,38.01,47.03,3.77,1.95,0,0,342,Normal,0.0,0
2025-01-27 00:08:00,32,83.89,71.04,60.94,1.46,2.38,1,0,499,Normal,0.0,0
2025-01-11 10:24:00,29,62.18,58.42,58.86,3.41,1.97,1,0,157,Normal,0.0,0
2025-01-17 18:11:00,47,76.92,31.85,66.21,2.57,1.14,1,0,284,Normal,0.0,0
2025-02-12 18:12:00,18,67.04,63.83,39.41,4.22,2.93,1,0,39,Normal,0.0,0
2025-01-03 15:41:00,18,83.08,86.86,66.54,2.86,0.54,1,1,35,Normal,1.0,1
2025-02-16 09:46:00,30,57.96,45.0,76.69,2.84,0.55,1,0,438,Normal,0.0,0
2025-02-25 03:10:00,4,63.87,61.23,42.24,4.45,2.41,2,0,392,Pressure Drop,0.0,1
2025-01-27 08:47:00,9,59.62,50.65,63.0,4.07,4.52,1,0,127,Normal,0.0,0
2025-02-07 05:35:00,22,68.96,25.54,36.0,3.9,4.23,1,0,338,Normal,0.0,0
2025-01-24 21:50:00,36,76.56,24.89,78.21,1.06,4.48,1,0,113,Normal,0.0,0
2025-02-01 11:15:00,34,84.83,56.07,61.38,1.03,3.7,0,0,38,Normal,0.0,0
2025-01-29 22:28:00,18,86.6,24.88,69.17,1.86,4.29,1,0,113,Normal,0.0,0
2025-02-08 17:42:00,26,93.26,68.12,30.72,2.29,1.24,1,1,16,Normal,1.0,1
2025-01-19 23:05:00,44,79.93,37.25,51.49,4.9,4.17,2,0,165,Vibration Issue,0.0,1
2025-03-04 13:23:00,38,71.97,51.2,42.82,1.78,0.92,2,0,196,Overheating,0.0,1
2025-01-06 06:34:00,48,85.83,24.43,63.22,1.79,4.98,1,0,415,Normal,0.0,0
2025-01-16 20:47:00,14,75.9,68.45,62.01,1.5,3.46,1,0,274,Normal,0.0,0
2025-02-11 13:28:00,34,74.51,57.87,54.83,2.16,1.0,1,0,355,Normal,0.0,0
2025-01-10 21:05:00,49,69.85,43.45,60.06,3.44,4.33,2,0,22,Normal,0.0,1
2025-02-14 12:45:00,36,78.93,58.13,68.23,4.57,2.91,1,0,122,Normal,0.0,0
2025-02-15 20:41:00,22,72.37,40.49,47.31,3.14,3.71,2,0,208,Overheating,0.0,1
2025-02-20 23:40:00,39,66.21,73.99,31.11,4.79,4.45,1,0,328,Normal,0.0,0
2025-03-10 10:26:00,39,83.04,48.19,44.94,2.73,1.8,1,0,218,Normal,0.0,0
2025-01-04 06:36:00,10,62.49,39.71,51.64,3.6,2.96,2,0,392,Overheating,0.0,1
2025-02-09 16:42:00,3,63.82,18.8,59.76,1.99,4.42,1,0,431,Normal,0.0,0
2025-02-27 02:27:00,27,75.7,15.33,57.79,2.41,3.76,1,0,86,Normal,0.0,0
2025-01-03 14:19:00,34,85.48,43.79,69.54,1.93,3.39,1,0,268,Normal,0.0,0
2025-01-27 03:28:00,9,70.98,39.59,76.1,3.22,0.54,1,0,11,Normal,0.0,1
2025-02-20 08:53:00,37,81.27,87.32,46.23,1.6,1.27,1,1,9,Normal,1.0,1
2025-01-21 13:18:00,24,67.81,80.59,39.72,3.75,3.71,1,1,46,Normal,1.0,1
2025-03-07 14:57:00,50,88.03,41.05,58.74,4.12,2.71,1,0,316,Normal,0.0,0
2025-02-23 16:03:00,15,58.78,60.1,50.53,4.62,2.87,1,0,388,Normal,0.0,0
2025-01-10 16:39:00,28,79.99,36.92,48.48,3.98,0.67,1,0,322,Normal,0.0,0
2025-03-07 06:16:00,31,89.1,53.3,70.51,3.64,1.59,1,0,430,Normal,0.0,0
2025-02-13 03:05:00,50,69.01,88.35,56.32,2.19,4.1,1,1,11,Normal,1.0,1
2025-02-02 08:22:00,21,64.66,37.79,41.53,4.62,1.0,1,0,107,Normal,0.0,0
2025-02-12 04:24:00,30,62.3,72.45,30.36,2.06,3.04,1,0,227,Normal,0.0,0
2025-01-20 06:04:00,40,90.2,59.58,33.28,1.76,3.64,1,1,42,Normal,1.0,1
2025-03-07 16:32:00,40,76.21,18.77,66.68,4.73,0.53,1,0,220,Normal,0.0,0
2025-01-22 21:22:00,5,86.6,60.08,54.6,2.58,2.71,1,0,161,Normal,0.0,0
2025-01-16 21:10:00,31,75.48,74.0,48.61,2.56,1.49,1,0,152,Normal,0.0,0
2025-03-02 16:06:00,6,69.28,31.68,61.25,1.74,2.63,1,0,401,Normal,0.0,0
2025-02-24 16:01:00,22,63.19,79.8,40.75,1.01,2.06,0,0,167,Normal,0.0,0
2025-02-28 15:46:00,50,67.21,36.42,67.31,3.03,3.37,1,0,316,Normal,0.0,0
2025-01-16 07:14:00,37,73.41,31.26,35.49,1.28,4.51,1,0,73,Normal,0.0,0
2025-02-22 02:53:00,5,79.56,58.49,56.23,4.49,2.72,1,0,185,Normal,0.0,0
2025-02-14 02:22:00,4,77.12,46.12,67.73,1.02,2.46,1,0,53,Normal,0.0,0
2025-01-21 23:59:00,23,84.47,63.18,53.44,3.87,3.14,1,0,59,Normal,0.0,0
2025-03-05 12:02:00,29,52.31,60.88,38.91,3.9,4.53,1,0,338,Normal,0.0,0
2025-02-07 07:48:00,26,73.16,50.35,63.08,4.22,4.08,0,0,60,Normal,0.0,0
2025-02-09 08:41:00,50,87.54,86.44,36.18,3.66,1.96,1,1,41,Normal,1.0,1
2025-02-15 21:49:00,30,73.58,63.34,42.09,1.03,3.47,0,0,117,Normal,0.0,0
2025-02-24 11:09:00,49,64.42,41.86,56.35,2.17,2.2,1,0,458,Normal,0.0,0
2025-01-12 08:31:00,34,74.04,76.41,32.14,2.5,3.9,2,0,227,Electrical Fault,0.0,1
2025-02-16 16:50:00,25,57.64,45.54,42.75,2.16,4.96,1,0,159,Normal,0.0,0
2025-02-26 14:19:00,35,73.05,53.16,74.72,4.21,2.87,2,0,188,Vibration Issue,0.0,1
2025-02-08 05:36:00,10,74.89,65.4,68.97,3.92,1.58,1,0,327,Normal,0.0,0
2025-01-16 10:09:00,12,90.26,37.9,78.9,1.48,2.28,1,1,3,Normal,1.0,1
2025-02-21 23:46:00,11,70.52,27.45,46.19,1.05,4.8,1,0,193,Normal,0.0,0
2025-02-14 10:45:00,21,72.55,61.19,31.78,2.07,2.98,0,0,169,Normal,0.0,0
2025-02-12 00:23:00,37,93.39,11.48,69.25,3.51,2.22,1,1,4,Normal,1.0,1
2025-03-02 10:31:00,32,87.9,25.74,35.46,4.39,1.82,0,0,256,Normal,0.0,0
2025-01-15 16:44:00,14,78.11,39.98,34.06,2.83,4.91,1,0,305,Normal,0.0,0
2025-01-02 21:03:00,50,83.37,36.56,71.2,4.68,1.35,1,0,55,Normal,0.0,0
2025-01-27 10:34:00,36,76.61,48.8,66.86,1.34,4.56,1,0,313,Normal,0.0,0
2025-02-17 20:21:00,2,65.43,63.88,34.04,3.77,3.95,1,0,126,Normal,0.0,0
2025-03-09 22:10:00,47,62.11,40.8,43.96,1.39,2.26,1,0,69,Normal,0.0,0
2025-02-11 22:09:00,18,74.08,32.3,66.31,4.25,3.86,1,0,48,Normal,0.0,0
2025-03-02 10:06:00,27,65.97,41.91,54.1,2.14,4.71,1,0,245,Normal,0.0,0
2025-01-28 13:44:00,32,77.08,58.07,32.18,2.56,3.4,1,0,433,Normal,0.0,0
2025-01-19 19:00:00,47,88.96,42.79,33.35,1.77,1.64,0,0,447,Normal,0.0,0
2025-01-06 00:18:00,33,77.25,48.17,39.25,3.56,1.09,1,0,496,Normal,0.0,0
2025-01-25 04:08:00,24,65.43,45.34,51.68,1.34,2.32,0,0,278,Normal,0.0,0
2025-01-07 07:56:00,43,65.33,58.14,62.54,4.19,0.56,1,0,46,Normal,0.0,0
2025-01-26 15:58:00,33,78.58,35.25,77.58,3.42,2.56,1,0,385,Normal,0.0,0
2025-01-30 05:34:00,17,76.09,54.45,34.97,4.73,4.56,1,0,408,Normal,0.0,0
2025-01-20 14:10:00,33,84.34,25.12,55.75,3.52,1.01,1,0,82,Normal,0.0,0
2025-01-04 21:09:00,45,51.66,63.51,73.41,2.24,4.42,1,0,279,Normal,0.0,0
2025-02-25 10:46:00,10,66.61,26.61,45.67,1.95,3.33,1,0,72,Normal,0.0,0
2025-02-20 21:20:00,12,69.83,42.77,44.24,1.29,1.61,2,0,331,Overheating,0.0,1
2025-02-24 15:13:00,21,73.58,50.98,62.16,1.8,0.55,1,0,363,Normal,0.0,0
2025-02-18 07:20:00,5,79.8,36.54,62.4,3.91,2.06,1,0,40,Normal,0.0,0
2025-02-12 04:04:00,15,87.74,53.36,73.62,1.37,4.07,2,0,95,Overheating,0.0,1
2025-01-22 12:34:00,19,88.6,38.11,72.09,3.55,1.03,1,0,374,Normal,0.0,0
2025-02-15 01:20:00,23,95.81,38.3,49.05,4.68,4.22,1,1,30,Normal,1.0,1
2025-03-11 06:02:00,49,70.15,47.83,73.98,1.62,0.67,1,0,477,Normal,0.0,0
2025-01-16 08:33:00,43,83.26,35.57,55.7,4.4,2.01,1,0,334,Normal,0.0,0
2025-01-31 11:22:00,8,86.42,63.53,75.29,2.16,3.34,2,0,477,Overheating,0.0,1
2025-02-17 21:43:00,36,71.97,48.9,32.76,3.47,1.34,1,0,135,Normal,0.0,0
2025-02-01 17:31:00,11,84.29,63.54,45.88,4.37,2.68,1,0,40,Normal,0.0,0
2025-02-23 00:15:00,33,65.94,65.11,72.28,3.33,4.02,1,0,493,Normal,0.0,0
2025-02-21 20:44:00,21,69.54,32.67,41.6,1.92,4.37,1,0,366,Normal,0.0,0
2025-02-21 06:39:00,34,71.88,72.15,48.4,2.36,3.35,1,0,52,Normal,0.0,0
2025-01-30 20:46:00,33,93.68,19.6,67.98,2.64,2.01,1,1,49,Normal,1.0,1
2025-01-17 17:50:00,10,62.26,57.69,55.55,2.17,0.63,1,0,296,Normal,0.0,0
2025-01-26 12:29:00,47,76.66,40.03,76.1,4.34,2.22,1,0,13,Normal,0.0,1
2025-01-11 17:37:00,1,92.02,49.87,52.93,3.24,1.91,1,1,19,Normal,1.0,1
2025-01-25 09:50:00,43,82.17,79.53,45.89,1.84,1.03,1,0,192,Normal,0.0,0
2025-01-22 22:56:00,32,66.64,53.57,40.6,3.67,3.46,1,0,281,Normal,0.0,0
2025-03-07 12:22:00,39,86.57,39.45,70.64,2.29,4.02,1,0,473,Normal,0.0,0
2025-02-27 17:06:00,11,83.29,41.55,55.79,4.07,0.56,1,0,406,Normal,0.0,0
2025-01-18 21:38:00,7,70.68,44.05,44.28,2.18,3.85,2,0,33,Normal,0.0,1
2025-01-21 17:47:00,50,72.84,45.14,33.22,4.91,1.33,1,0,381,Normal,0.0,0
2025-01-04 02:14:00,5,87.32,40.12,78.81,2.32,4.98,1,0,69,Normal,0.0,0
2025-01-12 16:26:00,47,68.94,44.29,49.49,4.26,3.39,1,0,108,Normal,0.0,0
2025-01-17 02:56:00,30,57.71,45.36,36.92,3.88,0.77,1,0,440,Normal,0.0,0
2025-02-04 15:34:00,30,67.9,75.08,34.15,1.57,3.04,1,0,251,Normal,0.0,0
2025-01-06 02:05:00,34,71.29,70.66,51.4,1.82,3.94,1,0,321,Normal,0.0,0
2025-03-01 06:40:00,10,62.11,71.75,41.53,4.0,4.84,2,0,490,Vibration Issue,0.0,1
2025-01-09 02:56:00,33,75.24,66.42,41.24,4.34,1.17,1,0,91,Normal,0.0,0
2025-01-19 18:49:00,38,65.55,63.2,63.77,1.2,0.59,1,0,419,Normal,0.0,0
2025-01-27 10:17:00,20,80.94,71.23,65.18,1.9,1.33,0,0,435,Normal,0.0,0
2025-01-30 08:52:00,32,62.83,63.44,58.79,1.2,4.94,1,0,342,Normal,0.0,0
2025-03-02 18:54:00,45,70.84,54.19,78.33,2.77,2.14,1,0,129,Normal,0.0,0
2025-02-17 16:40:00,36,76.67,58.39,69.26,3.04,1.41,1,0,311,Normal,0.0,0
2025-02-24 23:40:00,32,81.31,14.8,47.15,1.46,3.89,0,0,90,Normal,0.0,0
2025-02-06 09:59:00,26,79.58,63.21,49.03,1.21,4.99,1,0,265,Normal,0.0,0
2025-02-22 01:15:00,18,78.44,32.63,39.98,2.81,1.91,1,0,442,Normal,0.0,0
2025-01-16 19:35:00,6,65.63,61.75,30.81,3.98,1.07,2,0,69,Vibration Issue,0.0,1
2025-03-02 08:57:00,17,85.22,57.04,52.03,1.8,2.17,1,0,301,Normal,0.0,0
2025-03-02 20:37:00,16,63.13,40.63,64.31,4.22,1.49,1,0,294,Normal,0.0,0
2025-01-27 11:23:00,11,68.09,73.08,38.83,3.32,2.96,1,0,425,Normal,0.0,0
2025-03-05 06:43:00,20,84.16,54.37,74.07,3.81,3.65,1,0,385,Normal,0.0,0
2025-03-01 03:54:00,2,67.26,37.76,57.8,3.84,3.42,0,0,400,Normal,0.0,0
2025-02-23 11:12:00,22,84.89,32.15,78.73,2.85,1.74,1,0,286,Normal,0.0,0
2025-02-17 07:54:00,34,78.42,64.65,51.04,4.85,0.6,1,0,411,Normal,0.0,0
2025-01-15 18:34:00,32,77.06,52.51,67.35,4.94,0.82,1,0,336,Normal,0.0,0
2025-01-21 15:19:00,36,49.71,51.42,53.38,1.05,1.32,1,0,184,Normal,0.0,0
2025-03-04 14:51:00,12,52.48,54.05,67.17,4.2,2.92,1,0,435,Normal,0.0,0
2025-01-06 02:28:00,16,70.38,39.15,55.03,2.99,4.14,1,0,148,Normal,0.0,0
2025-02-13 19:42:00,43,75.97,65.27,65.7,1.45,4.47,2,0,351,Overheating,0.0,1
2025-02-20 09:51:00,26,62.6,39.6,66.46,4.22,4.26,1,0,437,Normal,0.0,0
2025-02-02 02:44:00,10,85.59,42.63,76.32,2.68,2.71,1,0,15,Normal,0.0,1
2025-01-21 18:41:00,40,88.32,55.26,78.26,3.49,2.04,1,0,411,Normal,0.0,0
2025-01-15 04:45:00,23,80.23,60.94,46.2,3.54,2.66,0,0,418,Normal,0.0,0
2025-01-16 18:19:00,24,87.2,33.3,54.18,4.3,2.96,1,0,452,Normal,0.0,0
2025-02-17 05:32:00,24,66.75,70.54,32.78,3.37,1.95,1,0,336,Normal,0.0,0
2025-01-25 07:34:00,37,67.42,50.84,49.46,4.23,4.86,1,0,464,Normal,0.0,0
2025-02-21 17:13:00,25,75.98,75.62,52.67,1.99,2.76,1,0,292,Normal,0.0,0
2025-02-19 00:41:00,6,50.24,57.2,46.42,1.9,3.77,1,0,160,Normal,0.0,0
2025-01-30 09:06:00,28,75.06,48.73,57.24,3.06,1.94,1,0,60,Normal,0.0,0
2025-01-10 22:08:00,41,72.52,65.38,63.97,1.34,4.11,0,0,47,Normal,0.0,0
2025-01-29 21:27:00,32,88.59,80.68,52.76,4.49,3.06,1,1,46,Normal,1.0,1
2025-02-16 23:49:00,39,88.49,53.82,74.93,4.08,3.93,1,0,47,Normal,0.0,0
2025-03-01 18:04:00,35,71.31,72.29,67.3,4.89,2.91,1,0,438,Normal,0.0,0
2025-01-25 19:56:00,29,69.55,62.06,76.56,4.83,1.77,1,0,293,Normal,0.0,0
2025-02-01 02:33:00,34,75.5,60.91,59.41,4.66,3.44,1,0,329,Normal,0.0,0
2025-03-02 20:41:00,18,74.47,35.41,59.35,4.23,2.13,1,0,309,Normal,0.0,0
2025-01-26 12:33:00,22,71.16,41.73,66.7,4.52,4.19,1,0,350,Normal,0.0,0
2025-03-06 05:16:00,48,79.83,55.02,35.01,2.27,1.98,1,0,467,Normal,0.0,0
2025-02-02 17:25:00,21,64.15,80.76,58.62,4.72,3.16,1,1,20,Normal,1.0,1
2025-01-11 15:43:00,12,77.5,46.28,43.0,1.75,3.77,1,0,145,Normal,0.0,0
2025-01-18 20:31:00,11,62.44,85.65,54.46,3.74,2.76,1,1,4,Normal,1.0,1
2025-02-24 22:27:00,25,74.67,56.0,74.99,3.89,4.25,0,0,291,Normal,0.0,0
2025-01-12 13:18:00,22,71.86,40.73,68.07,3.89,0.54,2,0,103,Electrical Fault,0.0,1
2025-03-09 06:23:00,10,68.01,37.13,75.5,2.73,3.18,0,0,200,Normal,0.0,0
2025-02-09 15:58:00,41,88.31,43.05,58.16,4.68,1.81,1,0,439,Normal,0.0,0
2025-02-22 13:35:00,43,71.33,31.88,49.04,1.52,0.55,1,0,287,Normal,0.0,0
2025-02-23 16:53:00,30,62.61,57.71,77.42,3.84,0.51,1,0,19,Normal,0.0,1
2025-03-07 05:32:00,4,84.49,46.8,77.43,3.09,1.69,1,0,67,Normal,0.0,0
2025-01-05 01:18:00,43,81.79,33.82,58.57,4.74,0.75,2,0,317,Vibration Issue,0.0,1
2025-01-15 14:03:00,31,65.3,24.66,77.01,3.58,3.02,1,0,484,Normal,0.0,0
2025-02-20 11:31:00,27,69.92,44.2,44.36,4.54,3.6,1,0,228,Normal,0.0,0
2025-01-18 03:08:00,45,76.66,24.47,40.16,3.77,4.62,0,0,222,Normal,0.0,0
2025-03-02 06:57:00,9,77.89,41.92,38.21,1.54,0.95,1,0,99,Normal,0.0,0
2025-03-07 19:35:00,40,64.98,39.87,60.23,3.16,2.62,1,0,122,Normal,0.0,0
2025-02-01 03:44:00,18,55.57,56.08,59.26,1.41,0.96,1,0,213,Normal,0.0,0
2025-02-07 11:55:00,12,61.83,66.8,51.68,1.44,3.97,1,0,436,Normal,0.0,0
2025-01-10 18:01:00,20,92.74,39.08,55.8,2.81,3.84,1,1,45,Normal,1.0,1
2025-01-20 01:15:00,48,68.93,47.2,42.17,3.67,3.78,1,0,291,Normal,0.0,0
2025-03-04 13:38:00,36,59.04,66.25,45.98,2.06,4.67,1,0,161,Normal,0.0,0
2025-02-19 14:52:00,32,82.68,35.95,72.31,4.73,4.0,1,0,102,Normal,0.0,0
2025-02-01 12:03:00,23,80.0,55.34,76.3,4.31,4.07,1,0,319,Normal,0.0,0
2025-03-07 12:52:00,5,53.33,38.17,37.06,1.87,2.65,1,0,200,Normal,0.0,0
2025-01-22 18:27:00,19,75.28,61.1,58.35,4.62,4.1,2,0,167,Electrical Fault,0.0,1
2025-02-26 03:19:00,35,73.94,46.91,64.14,1.79,1.88,1,0,65,Normal,0.0,0
2025-02-20 14:12:00,46,69.72,59.32,32.21,1.02,1.96,1,0,206,Normal,0.0,0
2025-01-14 12:16:00,8,76.07,46.79,49.53,1.29,1.04,1,0,180,Normal,0.0,0
2025-02-11 04:22:00,22,83.19,48.95,56.56,2.73,0.52,2,0,314,Overheating,0.0,1
2025-02-17 08:33:00,27,73.15,42.25,48.98,3.13,3.52,2,0,14,Overheating,0.0,1
2025-02-23 01:33:00,2,57.7,61.46,64.64,3.65,3.23,1,0,79,Normal,0.0,0
2025-03-02 23:59:00,23,48.46,43.03,37.32,4.3,1.63,1,0,31,Normal,0.0,0
2025-01-26 23:53:00,26,69.84,64.97,42.12,2.97,3.6,1,0,385,Normal,0.0,0
2025-01-02 13:01:00,22,73.41,54.46,40.68,1.14,4.87,1,0,84,Normal,0.0,0
2025-01-03 19:21:00,26,64.11,57.21,75.07,2.61,4.03,1,0,133,Normal,0.0,0
2025-01-03 02:39:00,45,72.96,31.7,66.81,1.87,1.65,0,0,458,Normal,0.0,0
2025-01-14 13:32:00,27,82.55,29.69,51.98,2.86,2.13,1,0,441,Normal,0.0,0
2025-02-04 11:37:00,36,68.12,29.43,52.33,4.43,1.26,1,0,324,Normal,0.0,0
2025-03-04 19:23:00,21,69.78,61.63,44.1,4.77,2.02,1,0,478,Normal,0.0,0
2025-01-30 21:17:00,21,67.1,31.26,75.94,4.52,3.54,1,0,81,Normal,0.0,0
2025-01-10 06:39:00,11,66.12,47.41,78.51,2.71,2.04,1,0,197,Normal,0.0,0
2025-01-30 08:08:00,20,75.1,70.6,66.83,3.36,1.99,1,0,200,Normal,0.0,0
2025-02-28 13:43:00,43,67.6,51.79,37.2,3.25,4.09,2,0,360,Pressure Drop,0.0,1
2025-03-03 22:12:00,42,58.42,74.18,79.72,1.53,1.27,1,0,421,Normal,0.0,0
2025-01-05 20:33:00,2,82.38,42.73,57.87,2.67,4.46,1,0,318,Normal,0.0,0
2025-02-19 14:49:00,26,87.66,33.42,62.68,4.48,4.22,1,0,255,Normal,0.0,0
2025-01-28 07:58:00,23,82.56,31.63,77.19,2.23,1.93,1,0,413,Normal,0.0,0
2025-03-06 11:47:00,34,76.51,44.82,67.27,3.83,1.28,2,0,301,Normal,0.0,1
2025-02-24 19:49:00,25,72.06,25.85,42.84,4.48,3.51,1,0,168,Normal,0.0,0
2025-01-02 21:44:00,34,76.4,50.29,31.14,4.14,4.5,1,0,202,Normal,0.0,0
2025-02-09 17:04:00,8,77.74,47.32,31.74,2.35,2.78,1,0,340,Normal,0.0,0
2025-01-01 16:51:00,24,93.47,68.38,61.31,3.19,1.29,1,1,42,Normal,1.0,1
2025-03-08 15:26:00,48,72.85,51.09,68.45,4.68,4.37,1,0,84,Normal,0.0,0
2025-01-15 07:13:00,24,87.82,26.48,32.66,2.83,3.29,2,0,223,Normal,0.0,1
2025-03-01 11:56:00,45,64.88,63.65,56.85,3.31,2.29,1,0,443,Normal,0.0,0
2025-02-22 07:46:00,40,66.0,50.81,36.12,2.38,0.8,1,0,240,Normal,0.0,0
2025-01-05 05:55:00,21,65.53,34.28,77.61,1.13,4.92,1,0,452,Normal,0.0,0
2025-02-05 05:16:00,37,76.85,51.01,52.31,1.81,2.4,1,0,21,Normal,0.0,0
2025-01-29 17:07:00,50,80.28,43.32,73.57,4.28,0.52,1,0,176,Normal,0.0,0
2025-01-02 04:19:00,9,82.75,85.21,42.9,1.87,2.67,1,1,35,Normal,1.0,1
2025-01-05 15:17:00,12,62.59,31.17,33.6,2.7,1.46,1,0,394,Normal,0.0,0
2025-03-10 18:49:00,43,77.61,51.12,69.19,2.42,3.73,2,0,426,Vibration Issue,0.0,1
2025-02-17 21:06:00,29,65.05,60.75,36.31,2.19,4.63,1,0,427,Normal,0.0,0
2025-01-02 07:19:00,29,77.79,45.18,40.62,4.22,1.09,1,0,274,Normal,0.0,0
2025-02-17 09:14:00,24,71.32,37.08,72.04,1.38,1.32,2,0,87,Overheating,0.0,1
2025-02-01 04:16:00,28,69.36,72.84,58.08,4.95,2.49,2,0,112,Vibration Issue,0.0,1
2025-01-08 20:53:00,50,61.19,52.02,53.73,4.55,3.06,0,0,367,Normal,0.0,0
2025-01-21 11:10:00,16,68.61,18.64,40.22,3.62,4.75,0,0,190,Normal,0.0,0
2025-01-26 09:39:00,40,94.01,63.02,66.25,3.42,0.78,1,1,13,Normal,1.0,1
2025-01-02 05:25:00,36,89.75,52.57,67.97,3.63,4.26,1,0,206,Normal,0.0,0
2025-02-05 02:53:00,14,57.28,64.55,70.12,1.6,2.39,0,0,380,Normal,0.0,0
2025-01-12 15:53:00,29,82.99,72.9,40.61,1.48,1.91,2,0,178,Pressure Drop,0.0,1
2025-02-02 15:23:00,34,77.78,26.36,50.54,3.54,4.75,1,0,53,Normal,0.0,0
2025-02-06 05:12:00,24,71.98,31.18,43.92,3.75,2.5,1,0,121,Normal,0.0,0
2025-02-02 23:53:00,9,80.78,52.31,45.8,4.44,3.8,1,0,276,Normal,0.0,0
2025-02-17 11:03:00,50,65.47,66.61,36.04,1.86,1.34,1,0,207,Normal,0.0,0
2025-02-22 16:29:00,7,69.57,60.58,67.55,1.25,4.37,1,0,214,Normal,0.0,0
2025-02-05 00:15:00,34,65.05,53.13,58.56,2.85,4.72,0,0,165,Normal,0.0,0
2025-02-05 09:11:00,46,74.31,41.18,48.94,2.03,4.42,1,0,264,Normal,0.0,0
2025-01-20 12:52:00,19,99.28,49.83,57.51,3.29,4.18,1,1,24,Normal,1.0,1
2025-02-03 05:42:00,29,79.42,71.04,50.32,2.5,4.66,1,0,22,Normal,0.0,0
2025-02-25 21:28:00,39,65.27,59.78,60.9,1.09,3.85,2,0,405,Pressure Drop,0.0,1
2025-02-19 13:26:00,15,68.72,35.77,55.2,4.77,0.77,1,0,495,Normal,0.0,0
2025-02-18 12:51:00,22,60.93,58.79,42.28,1.61,2.85,2,0,391,Vibration Issue,0.0,1
2025-01-01 18:33:00,25,85.06,39.0,50.49,1.31,0.7,1,0,485,Normal,0.0,0
2025-02-19 10:50:00,11,84.73,64.87,66.72,2.39,0.65,1,0,221,Normal,0.0,0
2025-03-01 22:37:00,44,59.5,26.52,61.92,3.5,1.34,1,0,417,Normal,0.0,0
2025-01-01 14:59:00,21,72.78,53.53,54.9,4.16,2.43,1,0,274,Normal,0.0,0
2025-02-18 13:27:00,24,81.31,20.0,79.99,2.09,3.08,1,0,28,Normal,0.0,0
2025-01-04 09:30:00,39,65.99,68.3,72.37,3.71,1.48,1,0,335,Normal,0.0,0
2025-01-10 11:08:00,22,72.82,56.81,46.55,4.75,3.97,0,0,177,Normal,0.0,0
2025-01-31 04:13:00,8,90.05,52.53,74.54,1.37,0.78,1,1,33,Normal,1.0,1
2025-01-09 05:22:00,33,61.14,56.71,60.78,1.56,4.63,1,0,108,Normal,0.0,0
2025-01-25 05:24:00,3,65.86,58.04,42.14,2.9,3.93,1,0,328,Normal,0.0,0
2025-02-11 00:55:00,42,74.88,33.71,77.04,2.17,1.13,1,0,314,Normal,0.0,0
2025-01-02 02:39:00,16,64.32,26.9,32.28,2.07,3.79,1,0,58,Normal,0.0,0
2025-02-23 22:16:00,43,88.0,37.72,57.24,4.66,4.56,1,0,293,Normal,0.0,0
2025-02-07 05:51:00,40,77.47,57.36,60.06,4.66,4.72,0,0,461,Normal,0.0,0
2025-03-02 13:35:00,5,73.72,34.39,33.71,3.84,1.8,2,0,57,Normal,0.0,1
2025-01-17 07:29:00,24,95.09,46.74,53.25,1.58,0.61,1,1,36,Normal,1.0,1
2025-01-22 14:36:00,4,82.52,35.63,49.64,1.95,2.64,1,0,493,Normal,0.0,0
2025-02-16 14:03:00,44,87.28,62.48,50.05,3.13,0.98,1,0,424,Normal,0.0,0
2025-01-31 21:51:00,35,74.39,49.92,77.18,3.11,1.86,0,0,68,Normal,0.0,0
2025-02-01 03:06:00,26,64.5,74.39,31.49,2.83,1.48,1,0,171,Normal,0.0,0
2025-01-10 20:53:00,50,83.07,43.44,51.56,3.73,4.32,1,0,446,Normal,0.0,0
2025-01-13 21:50:00,30,79.46,40.02,39.78,4.1,2.6,1,0,151,Normal,0.0,0
2025-01-03 19:13:00,11,97.2,54.52,46.04,2.08,3.3,1,1,4,Normal,1.0,1
2025-01-01 22:41:00,14,54.01,54.55,76.15,1.31,0.87,1,0,385,Normal,0.0,0
2025-01-08 14:47:00,9,81.79,42.78,32.82,2.84,1.96,1,0,234,Normal,0.0,0
2025-02-28 00:02:00,30,75.26,42.5,48.74,4.96,2.02,1,0,333,Normal,0.0,0
2025-01-18 23:54:00,17,67.05,38.87,79.64,1.22,1.26,2,0,285,Vibration Issue,0.0,1
2025-03-05 01:23:00,5,73.53,40.02,44.06,3.12,3.37,1,0,159,Normal,0.0,0
2025-03-09 23:19:00,46,71.81,27.94,58.11,3.02,0.99,1,0,324,Normal,0.0,0
2025-01-05 09:08:00,49,65.65,71.81,60.47,4.55,2.91,1,0,44,Normal,0.0,0
2025-01-17 14:42:00,9,71.27,40.01,76.47,1.48,0.87,1,0,209,Normal,0.0,0
2025-02-04 00:32:00,28,78.72,63.94,33.58,4.86,2.32,1,0,62,Normal,0.0,0
2025-02-05 16:55:00,2,66.1,42.31,36.3,3.84,3.46,1,0,129,Normal,0.0,0
2025-02-20 02:22:00,37,57.77,23.04,68.97,4.43,1.67,1,0,16,Normal,0.0,1
2025-03-08 20:18:00,2,84.61,47.91,30.64,4.46,4.61,1,0,198,Normal,0.0,0
2025-01-22 20:30:00,16,80.31,64.46,35.83,1.64,2.72,1,0,220,Normal,0.0,0
2025-02-24 22:09:00,44,62.31,45.81,79.95,1.8,1.38,1,0,140,Normal,0.0,0
2025-03-10 09:52:00,20,55.56,38.45,66.38,1.47,2.49,1,0,247,Normal,0.0,0
2025-02-19 06:38:00,2,76.32,30.9,49.35,4.0,3.66,1,0,151,Normal,0.0,0
2025-02-05 03:25:00,8,72.97,39.32,67.13,1.12,2.54,1,0,59,Normal,0.0,0
2025-02-21 18:32:00,32,90.72,38.81,67.59,3.64,2.48,1,1,8,Normal,1.0,1
2025-02-02 21:17:00,14,69.96,50.16,53.03,1.06,2.29,1,0,201,Normal,0.0,0
2025-01-23 22:31:00,36,54.3,26.65,53.89,4.34,3.76,1,0,86,Normal,0.0,0
2025-01-03 20:40:00,44,70.37,59.39,79.45,2.6,0.84,1,0,349,Normal,0.0,0
2025-02-02 09:59:00,37,70.33,49.31,66.11,4.09,0.66,1,0,193,Normal,0.0,0
2025-01-13 07:40:00,2,61.91,52.66,54.8,1.71,3.29,1,0,114,Normal,0.0,0
2025-01-06 13:24:00,39,65.34,41.44,53.85,3.0,0.92,1,0,59,Normal,0.0,0
2025-03-06 11:29:00,27,72.49,29.67,65.21,1.41,4.74,1,0,128,Normal,0.0,0
2025-01-11 05:45:00,16,60.59,47.17,36.5,1.64,2.11,1,0,348,Normal,0.0,0
2025-01-19 09:52:00,50,72.61,53.08,76.72,4.47,2.88,1,0,311,Normal,0.0,0
2025-01-23 04:39:00,28,57.48,59.47,49.82,1.18,4.62,1,0,299,Normal,0.0,0
2025-02-28 20:42:00,5,79.13,27.03,76.24,2.7,1.24,2,0,451,Overheating,0.0,1
2025-01-24 14:33:00,48,81.25,49.15,30.7,4.04,1.94,1,0,253,Normal,0.0,0
2025-01-20 00:08:00,13,71.22,33.51,43.57,4.8,4.85,2,0,276,Vibration Issue,0.0,1
2025-01-07 21:41:00,46,81.49,48.96,64.93,4.73,2.57,2,0,401,Electrical Fault,0.0,1
2025-03-02 01:46:00,12,65.44,47.85,59.84,4.16,4.03,1,0,22,Normal,0.0,0
2025-01-22 07:36:00,14,69.41,76.81,33.27,4.04,4.51,1,0,413,Normal,0.0,0
2025-02-03 07:17:00,29,104.85,42.39,75.15,4.76,2.69,1,1,44,Normal,1.0,1
2025-02-24 09:47:00,36,75.97,64.65,72.3,3.32,2.91,1,0,288,Normal,0.0,0
2025-01-22 03:44:00,7,68.53,70.06,30.82,3.79,2.16,0,0,279,Normal,0.0,0
2025-01-15 14:41:00,46,70.05,48.6,58.4,1.89,3.28,1,0,480,Normal,0.0,0
2025-01-28 00:11:00,25,78.48,41.01,39.55,2.75,2.07,1,0,423,Normal,0.0,0
2025-01-02 05:50:00,32,82.96,52.41,54.77,2.39,2.19,1,0,203,Normal,0.0,0
2025-02-20 17:27:00,33,72.77,43.69,67.84,1.48,0.91,2,0,315,Vibration Issue,0.0,1
2025-03-02 06:23:00,31,57.93,64.38,58.78,2.47,3.88,1,0,310,Normal,0.0,0
2025-02-14 17:57:00,14,66.76,6.31,40.53,2.25,3.59,1,0,220,Normal,0.0,0
2025-03-01 23:35:00,10,61.12,36.12,62.26,2.83,1.21,1,0,371,Normal,0.0,0
2025-01-25 09:41:00,44,78.34,40.44,41.29,3.61,3.54,2,0,480,Overheating,0.0,1
2025-01-10 22:47:00,32,76.61,51.89,40.77,3.23,1.57,1,0,80,Normal,0.0,0
2025-02-24 17:58:00,38,78.21,41.78,34.44,2.56,2.84,1,0,335,Normal,0.0,0
2025-02-02 18:49:00,38,70.67,43.02,56.32,4.11,3.23,1,0,153,Normal,0.0,0
2025-01-08 18:06:00,12,63.53,54.63,33.74,2.98,2.12,1,0,23,Normal,0.0,0
2025-01-06 01:50:00,20,70.24,62.58,45.01,4.92,1.17,1,0,95,Normal,0.0,0
2025-01-30 13:10:00,6,74.22,50.06,46.94,1.31,1.67,1,0,42,Normal,0.0,0
2025-02-27 08:51:00,48,95.88,49.72,44.49,3.33,1.11,0,1,12,Normal,1.0,1
2025-03-03 09:44:00,46,79.86,54.99,66.49,3.27,4.02,1,0,250,Normal,0.0,0
2025-02-17 05:34:00,22,72.7,50.69,74.88,1.06,0.71,1,0,151,Normal,0.0,0
2025-01-21 13:00:00,39,77.18,13.89,58.0,3.9,0.72,0,0,75,Normal,0.0,0
2025-02-06 21:37:00,49,65.55,40.6,64.21,3.48,1.56,1,0,169,Normal,0.0,0
2025-01-09 03:41:00,42,74.16,46.13,64.87,2.77,2.79,2,0,460,Overheating,0.0,1
2025-01-31 02:51:00,18,84.39,63.58,33.64,4.45,3.75,1,0,197,Normal,0.0,0
2025-01-25 18:52:00,41,66.58,67.4,59.52,4.04,3.31,1,0,317,Normal,0.0,0
2025-02-27 21:13:00,6,85.38,58.26,72.33,4.34,3.68,1,0,73,Normal,0.0,0
2025-03-02 00:34:00,27,67.78,45.69,64.53,1.93,1.67,1,0,343,Normal,0.0,0
2025-01-28 09:50:00,6,73.96,37.33,77.68,2.27,3.09,1,0,176,Normal,0.0,0
2025-02-24 03:00:00,42,89.69,48.41,51.31,1.46,4.4,1,0,180,Normal,0.0,0
2025-01-22 17:50:00,41,80.76,45.68,52.79,2.84,1.23,1,0,33,Normal,0.0,0
2025-01-08 21:11:00,49,63.98,57.72,64.64,3.18,3.11,2,0,222,Vibration Issue,0.0,1
2025-01-21 23:23:00,9,91.14,47.0,74.62,2.38,2.46,1,1,2,Normal,1.0,1
2025-01-18 12:08:00,18,77.79,32.49,31.7,1.89,4.0,1,0,185,Normal,0.0,0
2025-01-20 20:32:00,44,72.51,43.09,59.07,4.39,4.09,1,0,447,Normal,0.0,0
2025-02-17 03:39:00,3,72.34,73.59,33.78,1.35,0.68,2,0,228,Pressure Drop,0.0,1
2025-01-29 10:42:00,47,65.72,53.22,31.77,1.49,4.77,0,0,81,Normal,0.0,0
2025-01-24 18:14:00,41,91.89,23.96,35.03,1.18,4.02,1,1,12,Normal,1.0,1
2025-01-21 05:31:00,45,90.71,50.69,31.8,2.33,2.92,0,1,23,Normal,1.0,1
2025-01-30 00:05:00,30,69.83,53.59,37.08,4.36,0.89,1,0,150,Normal,0.0,0
2025-01-30 19:18:00,5,77.24,35.04,32.46,2.83,4.96,1,0,414,Normal,0.0,0
2025-03-03 13:20:00,16,52.88,54.73,57.51,2.94,3.82,1,0,458,Normal,0.0,0
2025-01-27 04:22:00,35,80.31,45.07,31.88,3.36,1.69,1,0,196,Normal,0.0,0
2025-01-15 17:08:00,35,67.05,55.98,47.9,3.2,4.47,1,0,301,Normal,0.0,0
2025-02-17 21:29:00,22,79.44,50.92,71.98,2.54,3.62,1,0,472,Normal,0.0,0
2025-01-28 16:39:00,48,82.24,62.49,63.25,1.86,0.89,0,0,15,Normal,0.0,1
2025-01-12 02:09:00,9,83.84,34.85,47.4,3.28,4.09,1,0,220,Normal,0.0,0
2025-02-25 14:24:00,35,72.18,56.62,57.8,3.75,1.66,2,0,294,Vibration Issue,0.0,1
2025-01-30 05:10:00,50,57.37,51.88,38.03,1.24,2.63,1,0,342,Normal,0.0,0
2025-01-12 02:16:00,17,78.32,76.7,55.28,1.09,2.45,1,0,151,Normal,0.0,0
2025-01-08 15:25:00,15,84.88,49.26,62.46,2.67,0.64,1,0,209,Normal,0.0,0
2025-01-01 23:13:00,9,59.88,76.86,48.23,4.25,2.31,1,0,88,Normal,0.0,0
2025-02-05 00:22:00,12,71.54,41.09,45.47,2.15,0.97,1,0,63,Normal,0.0,0
2025-02-05 04:36:00,16,73.58,34.68,71.28,4.1,1.36,1,0,450,Normal,0.0,0
2025-02-22 19:07:00,50,70.99,62.58,68.58,3.7,2.69,1,0,23,Normal,0.0,0
2025-01-17 04:31:00,31,69.03,27.79,50.28,2.03,2.85,1,0,158,Normal,0.0,0
2025-01-28 08:51:00,42,62.71,54.8,51.07,4.96,3.0,1,0,184,Normal,0.0,0
2025-01-15 12:55:00,18,73.67,35.45,41.59,2.1,1.19,1,0,168,Normal,0.0,0
2025-02-28 12:49:00,5,57.94,46.3,33.56,3.82,1.64,0,0,287,Normal,0.0,0
2025-02-22 02:13:00,4,83.82,64.32,57.34,4.12,3.91,1,0,22,Normal,0.0,0
2025-02-15 20:25:00,13,80.97,73.18,61.16,2.86,2.85,1,0,26,Normal,0.0,0
2025-02-14 06:19:00,13,86.38,63.44,63.06,2.27,2.46,1,0,55,Normal,0.0,0
2025-02-19 10:02:00,8,78.24,36.74,59.02,3.24,1.35,1,0,198,Normal,0.0,0
2025-03-01 06:12:00,36,86.4,42.91,36.0,2.59,1.71,1,0,132,Normal,0.0,0
2025-02-04 01:30:00,47,76.95,41.86,35.31,3.72,1.65,1,0,91,Normal,0.0,0
2025-02-17 10:20:00,40,80.33,58.32,72.42,4.81,2.05,1,0,276,Normal,0.0,0
2025-01-18 01:39:00,3,86.58,50.92,73.7,1.33,4.72,1,0,292,Normal,0.0,0
2025-01-30 13:26:00,42,70.17,39.6,41.37,3.33,1.71,1,0,231,Normal,0.0,0
2025-03-01 18:58:00,6,72.16,45.7,52.06,3.29,0.71,1,0,253,Normal,0.0,0
2025-02-21 17:51:00,46,85.99,30.66,36.9,3.86,2.25,1,0,447,Normal,0.0,0
2025-01-15 11:45:00,50,53.79,73.82,47.94,4.4,1.11,2,0,315,Pressure Drop,0.0,1
2025-03-02 09:02:00,15,89.41,67.13,74.41,1.08,1.68,1,0,420,Normal,0.0,0
2025-01-30 12:05:00,38,76.27,53.11,68.89,3.62,3.22,2,0,360,Pressure Drop,0.0,1
2025-02-01 06:06:00,46,68.25,42.21,30.36,3.84,2.51,1,0,445,Normal,0.0,0
2025-02-25 04:39:00,2,72.41,72.84,78.45,4.65,1.7,1,0,258,Normal,0.0,0
2025-02-02 05:21:00,6,79.57,32.62,57.35,2.9,4.92,1,0,196,Normal,0.0,0
2025-02-07 21:55:00,49,73.18,27.01,78.61,4.74,2.24,2,0,12,Pressure Drop,0.0,1
2025-01-06 12:14:00,8,62.69,29.67,37.3,1.25,0.77,1,0,457,Normal,0.0,0
2025-02-18 11:13:00,47,80.3,42.42,56.82,4.48,1.15,1,0,317,Normal,0.0,0
2025-02-05 08:46:00,35,66.21,18.26,42.79,3.33,3.99,1,0,252,Normal,0.0,0
2025-02-11 08:20:00,10,92.68,46.76,55.94,3.67,3.44,1,1,38,Normal,1.0,1
2025-02-05 06:51:00,40,87.12,50.52,65.06,2.45,2.8,1,0,190,Normal,0.0,0
2025-01-07 09:22:00,45,73.7,59.23,51.71,1.88,1.02,1,0,355,Normal,0.0,0
2025-02-15 23:52:00,27,76.72,69.49,50.87,3.21,3.92,0,0,169,Normal,0.0,0
2025-02-05 20:36:00,49,75.76,31.3,43.95,3.9,3.11,1,0,344,Normal,0.0,0
2025-01-07 22:37:00,31,63.02,26.85,74.79,4.5,1.12,2,0,273,Overheating,0.0,1
2025-02-18 16:18:00,10,77.73,26.66,65.77,3.22,4.58,1,0,445,Normal,0.0,0
2025-01-25 03:12:00,21,76.34,22.28,50.25,2.0,4.75,1,0,188,Normal,0.0,0
2025-02-11 05:15:00,30,59.06,43.38,41.94,3.29,1.74,1,0,11,Normal,0.0,1
2025-02-27 16:11:00,45,80.33,19.56,66.23,2.32,2.0,1,0,249,Normal,0.0,0
2025-02-02 18:22:00,43,67.11,46.15,54.16,3.33,0.65,1,0,61,Normal,0.0,0
2025-02-19 09:31:00,1,77.04,51.99,36.13,4.57,2.57,0,0,10,Normal,0.0,1
2025-03-07 18:00:00,22,87.68,26.68,68.12,3.45,3.35,1,0,460,Normal,0.0,0
2025-02-06 21:17:00,25,59.97,73.62,64.8,3.19,3.4,2,0,14,Normal,0.0,1
2025-02-21 05:01:00,33,61.97,12.92,76.26,2.89,3.1,2,0,153,Electrical Fault,0.0,1
2025-03-09 21:38:00,40,74.94,25.8,67.93,3.69,4.3,1,0,56,Normal,0.0,0
2025-02-26 08:20:00,36,73.72,64.81,75.58,4.1,4.31,2,0,266,Pressure Drop,0.0,1
2025-02-09 06:17:00,28,86.25,76.59,51.21,2.94,3.45,2,0,299,Pressure Drop,0.0,1
2025-02-09 23:37:00,8,72.66,58.2,77.4,2.69,2.95,1,0,28,Normal,0.0,0
2025-03-08 14:35:00,3,71.41,52.99,65.67,1.74,1.44,1,0,123,Normal,0.0,0
2025-02-07 06:26:00,26,78.1,67.78,78.31,3.49,4.24,1,0,180,Normal,0.0,0
2025-02-14 20:14:00,49,66.06,48.77,43.03,2.68,3.68,2,0,201,Pressure Drop,0.0,1
2025-02-10 04:20:00,23,87.43,34.21,43.83,1.63,1.78,1,0,190,Normal,0.0,0
2025-03-06 04:29:00,21,73.04,47.33,46.72,2.96,1.38,0,0,283,Normal,0.0,0
2025-01-06 15:02:00,26,74.78,66.26,74.79,4.33,0.81,1,0,145,Normal,0.0,0
2025-01-30 14:48:00,13,55.64,69.98,52.66,2.93,4.26,1,0,188,Normal,0.0,0
2025-02-19 14:08:00,22,97.92,50.15,70.96,4.19,1.82,2,1,18,Overheating,1.0,1
2025-01-20 22:30:00,48,79.02,39.65,49.61,3.77,1.21,1,0,15,Normal,0.0,1
2025-01-23 11:23:00,10,71.92,49.06,66.07,1.89,0.72,1,0,432,Normal,0.0,0
2025-02-22 16:21:00,49,81.54,36.06,68.18,1.08,1.16,0,0,424,Normal,0.0,0
2025-01-21 03:07:00,13,75.36,57.87,50.01,2.74,1.27,2,0,275,Overheating,0.0,1
2025-01-03 08:59:00,49,82.62,65.83,77.1,3.16,4.57,1,0,137,Normal,0.0,0
2025-01-21 22:04:00,49,73.3,60.33,53.17,1.28,1.72,1,0,333,Normal,0.0,0
2025-03-02 00:16:00,49,83.3,59.32,45.42,4.4,2.26,1,0,33,Normal,0.0,0
2025-01-21 04:52:00,46,77.23,46.88,56.58,3.22,4.49,1,0,20,Normal,0.0,0
2025-01-05 19:15:00,23,79.74,33.33,52.83,2.39,2.73,1,0,101,Normal,0.0,0
2025-01-07 20:44:00,36,55.55,41.04,38.58,3.02,2.2,1,0,270,Normal,0.0,0
2025-01-03 00:42:00,37,55.31,53.24,42.13,3.95,2.46,1,0,466,Normal,0.0,0
2025-01-01 13:51:00,5,83.4,46.45,40.26,2.25,1.7,1,0,75,Normal,0.0,0
2025-01-03 22:16:00,7,82.08,45.71,34.16,2.47,4.97,1,0,155,Normal,0.0,0
2025-03-01 16:59:00,34,79.47,45.19,44.22,2.96,3.43,1,0,74,Normal,0.0,0
2025-01-04 12:07:00,50,67.62,18.19,38.4,4.72,3.44,1,0,309,Normal,0.0,0
2025-02-24 23:44:00,18,72.72,63.18,64.98,2.21,4.29,1,0,323,Normal,0.0,0
2025-03-05 10:29:00,34,62.26,29.18,57.31,3.49,2.52,1,0,69,Normal,0.0,0
2025-01-02 19:37:00,27,76.78,46.7,57.4,1.5,3.56,0,0,44,Normal,0.0,0
2025-01-05 19:48:00,39,77.17,42.47,37.87,1.05,2.31,1,0,403,Normal,0.0,0
2025-01-01 04:53:00,20,75.73,58.12,63.95,2.73,1.13,1,0,364,Normal,0.0,0
2025-01-15 16:33:00,3,71.54,78.88,45.2,3.19,2.68,1,0,257,Normal,0.0,0
2025-02-14 11:38:00,44,87.6,52.58,71.33,2.52,1.48,1,0,480,Normal,0.0,0
2025-01-30 04:58:00,1,78.76,51.51,35.01,4.69,4.15,1,0,356,Normal,0.0,0
2025-02-13 07:49:00,18,81.2,49.55,45.95,1.06,0.59,1,0,239,Normal,0.0,0
2025-02-09 23:44:00,14,63.61,29.88,44.96,3.27,0.91,1,0,240,Normal,0.0,0
2025-02-12 05:36:00,50,79.68,29.86,31.3,2.96,3.28,1,0,287,Normal,0.0,0
2025-03-07 23:49:00,46,76.13,46.26,74.02,4.11,3.52,1,0,269,Normal,0.0,0
2025-02-22 09:26:00,11,66.93,52.74,44.92,1.8,1.91,1,0,39,Normal,0.0,0
2025-01-10 10:01:00,24,78.01,37.25,59.59,1.6,4.9,1,0,377,Normal,0.0,0
2025-01-01 16:55:00,40,71.44,62.6,66.35,2.59,4.73,1,0,420,Normal,0.0,0
2025-01-30 06:04:00,21,98.22,60.44,63.68,4.17,4.42,1,1,44,Normal,1.0,1
2025-02-22 18:07:00,40,77.02,54.45,73.67,4.79,1.15,1,0,248,Normal,0.0,0
2025-02-16 08:11:00,46,78.01,30.17,59.19,3.6,0.77,1,0,347,Normal,0.0,0
2025-02-06 22:58:00,10,88.08,53.23,42.53,3.33,1.87,1,0,43,Normal,0.0,0
2025-02-24 12:32:00,19,56.94,36.73,40.35,3.67,4.78,0,0,31,Normal,0.0,0
2025-02-21 05:19:00,49,85.31,56.77,70.27,2.2,4.32,1,0,114,Normal,0.0,0
2025-01-17 20:01:00,10,86.92,19.29,66.34,4.82,4.84,1,0,367,Normal,0.0,0
2025-01-04 14:05:00,19,83.3,20.74,77.22,3.35,1.22,0,0,129,Normal,0.0,0
2025-01-23 23:36:00,7,60.75,52.72,63.9,4.71,2.7,1,0,66,Normal,0.0,0
2025-01-07 21:31:00,3,76.5,17.24,75.13,4.23,3.53,1,0,201,Normal,0.0,0
2025-02-14 23:51:00,7,67.9,45.39,74.53,4.18,1.27,1,0,245,Normal,0.0,0
2025-01-30 18:18:00,50,53.0,49.33,70.55,4.0,2.32,1,0,435,Normal,0.0,0
2025-02-13 06:32:00,45,78.73,54.43,64.23,4.15,2.27,1,0,328,Normal,0.0,0
2025-03-09 07:50:00,34,57.96,53.32,74.75,3.8,1.11,1,0,247,Normal,0.0,0
2025-01-17 05:38:00,38,64.19,30.24,76.81,3.68,3.44,1,0,217,Normal,0.0,0
2025-01-30 16:54:00,2,68.49,32.89,70.36,1.12,1.57,2,0,49,Overheating,0.0,1
2025-03-07 00:06:00,11,68.88,53.05,62.73,1.0,2.65,1,0,356,Normal,0.0,0
2025-02-13 13:11:00,15,76.37,81.16,39.78,3.69,4.62,1,1,13,Normal,1.0,1
2025-01-25 12:43:00,13,82.52,35.73,64.76,2.02,1.34,2,0,25,Vibration Issue,0.0,1
2025-01-01 16:29:00,44,83.97,26.43,79.87,4.08,1.57,1,0,370,Normal,0.0,0
2025-02-20 18:14:00,40,86.75,40.86,33.49,2.89,4.71,0,0,41,Normal,0.0,0
2025-02-08 13:00:00,29,90.03,53.31,38.08,4.79,3.49,2,1,24,Normal,1.0,1
2025-03-05 22:10:00,11,73.6,53.58,31.66,1.84,2.44,1,0,108,Normal,0.0,0
2025-01-22 12:13:00,37,60.61,63.28,77.3,4.72,4.71,0,0,269,Normal,0.0,0
2025-02-02 12:59:00,10,67.59,44.06,31.07,3.13,1.38,1,0,252,Normal,0.0,0
2025-02-07 13:12:00,1,86.43,49.39,38.82,3.04,4.61,1,0,180,Normal,0.0,0
2025-01-30 19:16:00,16,84.45,44.63,43.15,4.52,2.99,1,0,146,Normal,0.0,0
2025-03-09 06:52:00,11,68.27,53.76,68.67,1.34,2.82,1,0,487,Normal,0.0,0
2025-01-15 04:26:00,14,78.49,33.05,39.64,1.76,3.94,1,0,47,Normal,0.0,0
2025-02-09 04:25:00,48,60.08,45.52,53.32,1.68,4.11,1,0,155,Normal,0.0,0
2025-01-30 00:28:00,11,71.57,52.54,44.35,1.79,1.8,1,0,147,Normal,0.0,0
2025-01-20 16:44:00,49,69.21,32.58,47.23,2.69,1.25,1,0,400,Normal,0.0,0
2025-02-24 13:46:00,16,69.17,43.92,59.16,1.77,3.66,1,0,83,Normal,0.0,0
2025-02-03 05:23:00,39,94.44,33.66,39.46,2.63,2.48,1,1,22,Normal,1.0,1
2025-01-21 22:44:00,45,72.75,56.63,44.45,4.71,4.47,1,0,326,Normal,0.0,0
2025-02-13 06:18:00,47,85.69,52.35,62.95,3.89,2.84,0,0,44,Normal,0.0,0
2025-01-22 10:40:00,23,60.85,49.86,40.67,3.63,3.87,1,0,353,Normal,0.0,0
2025-01-03 03:26:00,39,70.9,34.34,52.79,4.33,0.54,1,0,148,Normal,0.0,0
2025-02-02 18:06:00,12,54.16,24.65,43.42,2.64,4.71,1,0,233,Normal,0.0,0
2025-02-24 12:57:00,9,59.46,56.97,51.17,4.34,4.46,1,0,431,Normal,0.0,0
2025-01-25 18:55:00,20,69.87,47.81,75.94,3.42,3.32,1,0,210,Normal,0.0,0
2025-02-06 09:21:00,37,69.48,65.95,37.33,3.3,0.8,1,0,302,Normal,0.0,0
2025-03-02 13:20:00,18,75.64,60.58,72.25,4.96,3.08,1,0,177,Normal,0.0,0
2025-01-03 17:26:00,40,77.94,55.41,62.45,3.59,2.93,2,0,466,Vibration Issue,0.0,1
2025-01-09 16:45:00,3,64.04,61.52,57.21,1.22,2.29,1,0,212,Normal,0.0,0
2025-01-21 22:27:00,17,74.52,53.41,47.75,3.89,2.34,1,0,265,Normal,0.0,0
2025-02-22 15:40:00,19,88.68,53.64,56.22,2.35,3.32,2,0,365,Overheating,0.0,1
2025-02-06 11:36:00,48,66.0,44.62,48.82,3.66,1.94,1,0,399,Normal,0.0,0
2025-02-11 22:05:00,5,70.19,59.04,34.51,1.36,1.4,1,0,339,Normal,0.0,0
2025-02-10 15:29:00,23,80.77,48.6,41.24,1.7,2.74,2,0,66,Normal,0.0,1
2025-01-31 11:51:00,42,77.43,56.86,42.31,2.84,1.48,1,0,163,Normal,0.0,0
2025-01-02 03:06:00,39,76.02,39.59,67.63,3.9,0.7,1,0,24,Normal,0.0,0
2025-02-20 09:54:00,3,67.06,57.89,73.88,1.11,3.79,1,0,328,Normal,0.0,0
2025-02-23 03:02:00,26,73.5,52.44,70.55,2.12,2.63,1,0,328,Normal,0.0,0
2025-02-02 00:42:00,9,87.01,43.26,76.83,3.6,3.11,1,0,149,Normal,0.0,0
2025-02-09 19:37:00,42,62.3,46.76,68.46,3.41,0.86,1,0,384,Normal,0.0,0
2025-01-25 06:16:00,21,92.37,62.34,46.04,3.14,4.02,0,1,36,Normal,1.0,1
2025-02-08 17:03:00,12,57.5,36.71,35.27,1.56,1.45,0,0,143,Normal,0.0,0
2025-02-21 10:30:00,18,83.83,43.9,43.6,4.14,3.07,1,0,261,Normal,0.0,0
2025-02-03 08:38:00,6,64.51,49.61,62.56,1.9,2.21,1,0,176,Normal,0.0,0
2025-01-17 20:17:00,40,73.36,43.81,60.43,2.42,3.64,1,0,267,Normal,0.0,0
2025-03-09 03:51:00,34,82.87,47.55,32.04,1.41,4.89,1,0,290,Normal,0.0,0
2025-01-29 05:35:00,25,82.95,60.17,47.04,1.6,2.82,1,0,115,Normal,0.0,0
2025-02-23 01:28:00,44,83.9,40.33,32.57,4.94,4.58,0,0,427,Normal,0.0,0
2025-03-04 23:20:00,5,79.17,77.14,43.81,1.47,3.91,1,0,483,Normal,0.0,0
2025-01-18 21:08:00,31,63.02,39.24,49.52,2.03,1.3,1,0,159,Normal,0.0,0
2025-01-07 20:10:00,14,70.42,71.96,42.83,3.14,2.75,1,0,496,Normal,0.0,0
2025-01-25 18:32:00,22,89.2,37.68,76.5,3.55,4.55,1,0,266,Normal,0.0,0
2025-01-26 17:49:00,30,59.52,31.75,39.19,3.69,2.46,1,0,235,Normal,0.0,0
2025-02-18 23:37:00,21,70.5,20.94,67.14,4.66,4.11,1,0,366,Normal,0.0,0
2025-02-26 19:15:00,25,69.8,50.27,62.34,1.81,0.95,2,0,480,Electrical Fault,0.0,1
2025-01-25 08:31:00,6,72.18,43.54,47.48,2.04,4.94,2,0,308,Electrical Fault,0.0,1
2025-01-16 20:37:00,5,77.19,31.89,43.52,4.41,2.09,1,0,367,Normal,0.0,0
2025-02-08 02:49:00,39,75.66,38.93,64.64,2.72,3.73,1,0,70,Normal,0.0,0
2025-01-22 18:29:00,3,68.16,52.63,52.64,3.03,3.85,2,0,84,Overheating,0.0,1
2025-01-12 06:26:00,45,65.06,27.19,56.29,3.05,4.56,0,0,134,Normal,0.0,0
2025-01-27 15:50:00,26,84.43,44.99,48.78,2.1,2.46,1,0,241,Normal,0.0,0
2025-03-08 23:07:00,14,70.92,50.76,40.07,3.02,3.07,0,0,107,Normal,0.0,0
2025-03-05 13:45:00,17,64.89,47.55,58.72,3.81,2.24,1,0,110,Normal,0.0,0
2025-02-04 05:31:00,42,78.41,36.25,63.49,1.85,4.9,2,0,420,Normal,0.0,1
2025-03-08 03:21:00,10,68.73,47.93,32.12,4.24,4.47,1,0,213,Normal,0.0,0
2025-03-11 05:33:00,44,85.86,50.32,50.19,3.05,4.85,1,0,424,Normal,0.0,0
2025-01-29 01:14:00,8,69.18,39.55,38.31,3.53,4.04,1,0,261,Normal,0.0,0
2025-01-17 20:29:00,17,84.91,50.23,72.16,3.65,1.37,1,0,325,Normal,0.0,0
2025-02-10 20:48:00,33,65.26,44.36,77.63,4.69,4.09,1,0,56,Normal,0.0,0
2025-03-09 09:42:00,33,75.43,16.2,34.5,3.69,2.69,1,0,478,Normal,0.0,0
2025-02-17 13:29:00,2,75.43,42.86,68.98,1.71,3.71,1,0,122,Normal,0.0,0
2025-01-06 21:49:00,12,69.82,55.07,66.19,1.58,3.56,1,0,432,Normal,0.0,0
2025-01-18 13:04:00,10,67.78,83.31,53.1,3.92,2.62,1,1,23,Normal,1.0,1
2025-01-08 22:19:00,12,68.39,73.27,46.2,2.3,1.82,1,0,232,Normal,0.0,0
2025-01-02 04:31:00,25,77.75,40.15,72.51,4.63,2.59,1,0,316,Normal,0.0,0
2025-01-16 10:03:00,40,71.57,41.74,44.45,3.79,4.48,1,0,160,Normal,0.0,0
2025-02-07 18:58:00,30,79.12,43.05,41.32,3.6,0.7,1,0,72,Normal,0.0,0
2025-01-31 13:51:00,49,60.16,30.72,30.26,4.76,0.61,0,0,222,Normal,0.0,0
2025-02-08 08:57:00,46,70.04,68.09,49.02,2.89,1.91,1,0,169,Normal,0.0,0
2025-01-09 10:40:00,5,67.37,71.73,42.33,4.82,4.52,1,0,386,Normal,0.0,0
2025-01-27 18:23:00,15,71.62,34.78,52.26,1.81,4.98,1,0,21,Normal,0.0,0
2025-02-11 14:49:00,2,80.81,42.38,41.88,1.33,4.86,1,0,417,Normal,0.0,0
2025-01-13 05:56:00,18,52.67,51.88,66.57,1.31,3.49,2,0,90,Pressure Drop,0.0,1
2025-01-01 10:10:00,19,69.48,36.44,68.44,1.26,2.71,1,0,101,Normal,0.0,0
2025-02-01 18:04:00,20,76.19,58.47,50.25,4.92,3.15,2,0,103,Pressure Drop,0.0,1
2025-01-05 18:35:00,50,74.03,62.22,41.74,2.43,3.42,1,0,144,Normal,0.0,0
2025-01-18 11:59:00,38,71.59,56.46,66.31,3.21,2.5,1,0,344,Normal,0.0,0
2025-02-27 21:20:00,35,84.04,77.96,72.39,4.3,1.45,1,0,170,Normal,0.0,0
2025-01-20 07:34:00,44,87.01,48.44,73.86,3.91,1.47,0,0,80,Normal,0.0,0
2025-01-18 16:24:00,36,79.3,41.15,48.97,3.71,3.07,1,0,157,Normal,0.0,0
2025-01-18 13:34:00,46,80.36,46.18,38.19,2.67,4.26,0,0,241,Normal,0.0,0
2025-02-05 09:32:00,35,78.82,38.76,33.93,4.56,4.48,1,0,79,Normal,0.0,0
2025-01-14 11:12:00,40,85.89,32.2,78.11,2.93,3.2,1,0,428,Normal,0.0,0
2025-03-02 09:53:00,20,79.72,29.14,49.99,4.66,0.83,0,0,209,Normal,0.0,0
2025-01-30 02:29:00,45,73.49,56.66,64.09,3.25,4.37,1,0,59,Normal,0.0,0
2025-02-20 22:28:00,24,71.62,55.56,34.4,2.77,3.52,1,0,182,Normal,0.0,0
2025-01-25 16:48:00,43,85.55,24.97,78.84,1.29,3.22,1,0,434,Normal,0.0,0
2025-01-16 09:31:00,38,91.18,59.89,79.85,3.95,3.83,1,1,43,Normal,1.0,1
2025-01-13 19:59:00,15,67.36,43.71,78.33,3.39,4.31,1,0,51,Normal,0.0,0
2025-01-28 03:03:00,42,72.25,41.9,63.92,3.2,1.28,1,0,414,Normal,0.0,0
2025-02-27 20:50:00,26,75.92,52.2,73.9,2.47,1.43,1,0,77,Normal,0.0,0
2025-02-02 20:12:00,26,79.83,36.56,58.07,2.92,2.88,1,0,133,Normal,0.0,0
2025-01-25 04:03:00,18,79.08,50.0,45.8,3.16,4.84,1,0,169,Normal,0.0,0
2025-01-07 18:26:00,44,71.85,71.42,76.25,2.55,1.17,2,0,245,Normal,0.0,1
2025-01-03 20:15:00,17,69.31,41.84,48.73,1.76,1.37,1,0,304,Normal,0.0,0
2025-01-04 17:35:00,22,67.64,48.78,59.48,3.94,2.74,1,0,445,Normal,0.0,0
2025-03-02 16:59:00,36,60.03,23.45,30.55,1.76,1.48,1,0,31,Normal,0.0,0
2025-01-27 12:24:00,33,73.47,53.4,50.04,1.84,1.72,1,0,231,Normal,0.0,0
2025-02-21 06:07:00,32,62.72,50.99,55.59,2.75,4.64,1,0,14,Normal,0.0,1
2025-02-20 19:07:00,12,67.83,26.94,32.26,3.17,1.3,1,0,441,Normal,0.0,0
2025-02-14 12:08:00,16,76.96,55.12,39.11,3.78,1.95,2,0,439,Overheating,0.0,1
2025-02-24 01:42:00,37,88.72,73.62,32.68,1.9,4.26,0,0,493,Normal,0.0,0
2025-01-09 03:24:00,9,81.46,22.59,57.89,1.92,4.8,1,0,35,Normal,0.0,0
2025-02-06 19:29:00,3,79.9,53.22,31.24,3.17,2.42,1,0,382,Normal,0.0,0
2025-01-10 04:56:00,43,84.52,60.82,79.22,4.4,3.67,1,0,490,Normal,0.0,0
2025-01-19 19:06:00,48,64.75,59.1,42.48,3.98,2.45,1,0,355,Normal,0.0,0
2025-01-09 21:54:00,26,55.12,49.63,66.16,4.22,4.26,1,0,69,Normal,0.0,0
2025-02-02 20:38:00,21,90.69,72.18,75.57,1.46,2.48,1,1,31,Normal,1.0,1
2025-01-05 18:20:00,24,86.46,60.58,60.8,4.23,2.65,1,0,19,Normal,0.0,1
2025-02-22 00:06:00,30,72.11,39.5,48.2,4.25,1.32,1,0,160,Normal,0.0,0
2025-02-27 17:43:00,11,83.93,89.06,63.99,2.86,1.2,1,1,33,Normal,1.0,1
2025-02-10 09:26:00,6,79.98,75.91,66.43,1.6,4.98,1,0,215,Normal,0.0,0
2025-01-05 05:38:00,47,83.57,58.98,40.01,1.75,0.82,0,0,83,Normal,0.0,0
2025-01-10 12:46:00,10,80.03,57.9,39.08,1.17,4.57,1,0,167,Normal,0.0,0
2025-02-08 18:35:00,42,68.58,67.67,37.36,1.64,4.76,2,0,382,Vibration Issue,0.0,1
2025-03-11 05:40:00,1,65.42,62.71,56.91,2.35,3.77,1,0,195,Normal,0.0,0
2025-02-19 00:44:00,48,73.87,53.07,48.73,2.19,4.51,1,0,141,Normal,0.0,0
2025-01-05 04:18:00,30,65.21,85.26,74.95,3.81,4.97,0,1,20,Normal,1.0,1
2025-02-15 22:25:00,14,92.55,55.92,33.11,3.07,2.52,1,1,47,Normal,1.0,1
2025-01-17 14:36:00,33,69.2,43.79,57.58,3.59,2.57,2,0,51,Vibration Issue,0.0,1
2025-01-20 08:28:00,24,91.64,62.36,59.85,4.84,3.29,1,1,35,Normal,1.0,1
2025-01-08 12:26:00,48,79.77,50.98,54.83,4.96,2.74,1,0,137,Normal,0.0,0
2025-02-06 22:26:00,1,75.92,64.22,48.75,2.28,4.89,1,0,403,Normal,0.0,0
2025-01-08 10:51:00,2,55.34,50.16,38.98,4.66,1.94,1,0,461,Normal,0.0,0
2025-01-11 14:33:00,25,77.12,60.61,31.06,2.82,1.05,1,0,344,Normal,0.0,0
2025-01-03 13:44:00,23,94.56,43.14,38.76,1.45,1.7,1,1,13,Normal,1.0,1
2025-02-17 10:58:00,7,82.0,63.23,69.17,1.45,0.94,1,0,186,Normal,0.0,0
2025-02-09 15:06:00,31,83.42,68.69,47.59,3.02,1.01,1,0,136,Normal,0.0,0
2025-02-19 22:51:00,15,81.2,47.3,68.32,3.2,1.68,1,0,330,Normal,0.0,0
2025-01-09 13:45:00,38,82.26,50.2,61.42,1.07,1.26,1,0,241,Normal,0.0,0
2025-01-13 23:34:00,5,77.02,39.04,42.92,2.96,2.49,1,0,53,Normal,0.0,0
2025-03-10 11:55:00,19,79.35,38.55,35.55,3.47,1.03,2,0,147,Vibration Issue,0.0,1
2025-01-09 15:20:00,35,62.4,61.79,34.33,3.27,2.83,1,0,326,Normal,0.0,0
2025-01-18 08:32:00,46,80.59,47.91,60.45,4.89,1.86,2,0,84,Normal,0.0,1
2025-02-21 14:23:00,26,64.21,50.99,59.59,4.89,2.83,1,0,59,Normal,0.0,0
2025-03-06 19:38:00,3,51.54,52.37,33.87,3.13,2.99,1,0,421,Normal,0.0,0
2025-02-12 00:29:00,43,87.35,49.21,76.24,3.77,3.26,2,0,106,Normal,0.0,1
2025-01-01 14:55:00,29,58.24,56.12,72.86,2.99,3.02,1,0,354,Normal,0.0,0
2025-02-01 23:05:00,20,59.3,57.35,69.52,2.04,3.76,1,0,23,Normal,0.0,0
2025-02-20 12:00:00,12,74.1,33.89,51.2,4.76,0.66,1,0,180,Normal,0.0,0
2025-01-11 23:13:00,44,84.98,86.11,55.79,3.48,4.02,1,1,15,Normal,1.0,1
2025-03-08 17:55:00,28,80.95,62.11,74.04,2.52,3.67,1,0,455,Normal,0.0,0
2025-03-03 22:52:00,38,81.69,29.37,70.18,3.1,1.89,1,0,344,Normal,0.0,0
2025-03-06 14:38:00,9,74.43,38.91,58.76,2.76,2.54,1,0,126,Normal,0.0,0
2025-01-01 15:32:00,49,81.0,45.05,42.93,1.95,2.55,2,0,98,Vibration Issue,0.0,1
2025-03-09 11:41:00,6,73.68,50.44,36.47,3.1,2.09,2,0,204,Vibration Issue,0.0,1
2025-03-07 00:41:00,39,64.38,43.18,46.24,2.5,4.97,1,0,92,Normal,0.0,0
2025-02-28 07:56:00,4,66.96,77.24,76.23,1.44,0.88,1,0,207,Normal,0.0,0
2025-01-08 11:38:00,38,62.59,65.3,35.29,4.14,2.84,1,0,65,Normal,0.0,0
2025-02-17 16:29:00,3,58.97,10.23,46.6,1.8,1.59,1,0,150,Normal,0.0,0
2025-01-31 22:38:00,32,59.05,26.13,50.53,4.01,3.1,1,0,495,Normal,0.0,0
2025-02-12 00:49:00,30,67.06,32.44,56.21,4.7,3.96,1,0,215,Normal,0.0,0
2025-02-25 21:52:00,30,76.68,17.73,73.54,3.06,1.12,1,0,103,Normal,0.0,0
2025-01-18 14:45:00,18,82.06,63.5,61.0,2.22,3.43,1,0,483,Normal,0.0,0
2025-02-27 18:16:00,28,69.56,80.98,53.67,3.85,3.63,2,1,32,Overheating,1.0,1
2025-01-24 01:20:00,35,81.32,59.84,71.74,4.55,3.23,1,0,475,Normal,0.0,0
2025-01-08 19:26:00,47,79.4,59.63,58.58,4.27,2.73,0,0,254,Normal,0.0,0
2025-01-23 04:09:00,4,72.66,30.39,74.07,1.89,3.29,1,0,361,Normal,0.0,0
2025-01-11 12:27:00,29,78.53,52.62,32.17,3.01,3.9,1,0,244,Normal,0.0,0
2025-03-04 09:29:00,11,79.63,49.87,53.22,4.46,3.0,1,0,289,Normal,0.0,0
2025-01-24 05:45:00,41,73.06,45.26,73.92,2.0,4.83,1,0,437,Normal,0.0,0
2025-01-18 15:35:00,49,69.24,57.25,75.27,1.67,3.09,1,0,78,Normal,0.0,0
2025-01-25 06:45:00,19,75.34,54.07,74.31,4.69,2.42,1,0,203,Normal,0.0,0
2025-01-08 09:36:00,9,89.78,64.82,57.38,2.82,4.5,1,0,493,Normal,0.0,0
2025-03-08 23:08:00,37,72.49,45.55,31.81,2.56,0.69,1,0,181,Normal,0.0,0
2025-01-23 13:49:00,22,65.46,57.11,64.15,2.46,3.9,1,0,249,Normal,0.0,0
2025-02-01 06:08:00,2,72.81,42.85,54.85,3.99,0.61,0,0,461,Normal,0.0,0
2025-02-04 21:23:00,30,73.36,69.3,38.23,2.94,4.6,1,0,263,Normal,0.0,0
2025-03-07 06:03:00,45,82.54,36.09,79.86,3.58,1.67,1,0,385,Normal,0.0,0
2025-01-22 06:30:00,29,83.27,75.1,60.54,3.32,4.09,1,0,210,Normal,0.0,0
2025-03-05 04:39:00,34,81.05,20.76,68.76,2.63,1.41,2,0,94,Overheating,0.0,1
2025-01-24 12:00:00,50,57.65,85.54,58.89,3.22,0.73,1,1,20,Normal,1.0,1
2025-02-28 09:29:00,29,60.36,67.24,67.45,4.18,1.83,1,0,400,Normal,0.0,0
2025-03-07 14:54:00,22,73.18,54.93,31.28,3.36,1.65,1,0,403,Normal,0.0,0
2025-03-10 15:52:00,6,41.35,41.54,56.72,1.51,2.32,2,0,35,Vibration Issue,0.0,1
2025-02-02 19:44:00,39,78.75,48.02,30.37,3.11,2.66,0,0,50,Normal,0.0,0
2025-02-21 14:58:00,48,98.18,50.26,36.19,1.16,1.86,1,1,3,Normal,1.0,1
2025-02-10 23:07:00,23,65.5,62.27,32.87,3.17,1.72,0,0,298,Normal,0.0,0
2025-02-03 17:40:00,22,77.93,31.39,36.06,4.56,2.49,1,0,415,Normal,0.0,0
2025-02-10 13:08:00,3,69.98,39.32,37.89,4.5,1.88,1,0,447,Normal,0.0,0
2025-02-19 23:54:00,33,65.01,41.58,41.94,1.09,1.37,1,0,236,Normal,0.0,0
2025-03-06 19:07:00,19,99.2,73.34,53.8,1.63,1.1,1,1,37,Normal,1.0,1
2025-02-22 21:47:00,11,68.01,71.31,79.8,4.57,3.76,2,0,21,Electrical Fault,0.0,1
2025-01-04 05:22:00,19,66.34,37.46,41.07,3.16,4.99,1,0,440,Normal,0.0,0
2025-03-10 17:21:00,9,71.65,71.19,77.58,2.93,2.37,1,0,58,Normal,0.0,0
2025-01-16 17:29:00,28,82.94,73.54,59.11,2.19,4.79,1,0,182,Normal,0.0,0
2025-02-10 05:43:00,34,70.78,68.15,74.2,2.88,0.89,1,0,217,Normal,0.0,0
2025-03-02 11:29:00,13,61.0,74.34,37.8,3.68,3.5,2,0,116,Vibration Issue,0.0,1
2025-01-13 09:29:00,10,69.78,45.53,56.47,1.24,4.74,2,0,52,Electrical Fault,0.0,1
2025-02-11 10:38:00,32,81.05,23.54,61.99,4.92,1.42,1,0,202,Normal,0.0,0
2025-01-11 03:55:00,49,74.76,45.69,56.63,2.13,0.52,1,0,141,Normal,0.0,0
2025-02-18 23:29:00,38,79.81,46.29,76.27,4.45,0.69,1,0,94,Normal,0.0,0
2025-02-20 02:14:00,38,78.56,36.92,42.99,1.28,3.01,1,0,473,Normal,0.0,0
2025-02-23 01:52:00,29,61.83,8.14,68.97,3.25,1.88,1,0,493,Normal,0.0,0
2025-01-16 09:46:00,49,82.46,42.58,61.7,2.91,1.55,1,0,425,Normal,0.0,0
2025-03-02 15:19:00,17,59.74,52.36,45.56,4.56,2.92,1,0,336,Normal,0.0,0
2025-03-03 20:16:00,37,91.41,51.58,63.65,1.78,2.02,1,1,38,Normal,1.0,1
2025-02-12 12:08:00,42,66.37,63.47,37.92,1.2,4.65,1,0,183,Normal,0.0,0
2025-02-24 17:18:00,26,82.36,47.93,71.73,2.69,2.63,0,0,37,Normal,0.0,0
2025-01-04 01:42:00,7,51.03,44.04,32.03,3.56,2.03,1,0,111,Normal,0.0,0
2025-01-30 11:18:00,48,74.43,46.26,73.52,1.36,4.07,1,0,436,Normal,0.0,0
2025-01-22 00:32:00,50,73.08,68.61,40.13,2.79,1.0,1,0,269,Normal,0.0,0
2025-03-09 23:11:00,29,67.39,40.55,63.99,4.44,0.86,1,0,246,Normal,0.0,0
2025-02-13 05:34:00,35,96.04,81.97,66.23,2.8,2.86,1,1,9,Normal,1.0,1
2025-01-17 14:49:00,44,74.51,20.34,53.1,1.83,1.02,1,0,19,Normal,0.0,1
2025-02-08 00:26:00,4,71.13,39.73,38.45,3.22,3.61,1,0,249,Normal,0.0,0
2025-01-18 04:02:00,3,78.43,4.93,62.37,3.6,1.01,1,0,283,Normal,0.0,0
2025-03-04 01:35:00,19,64.43,71.67,39.99,3.28,1.48,1,0,64,Normal,0.0,0
2025-01-14 20:54:00,44,83.23,52.4,38.87,4.5,4.5,2,0,32,Vibration Issue,0.0,1
2025-02-07 22:21:00,23,70.01,53.29,52.25,1.94,1.24,1,0,258,Normal,0.0,0
2025-01-30 13:09:00,38,88.5,64.86,55.36,3.87,1.1,1,0,125,Normal,0.0,0
2025-03-07 20:04:00,1,83.61,40.27,68.4,1.63,2.52,1,0,460,Normal,0.0,0
2025-01-10 05:02:00,14,71.34,49.54,64.24,3.28,2.44,1,0,242,Normal,0.0,0
2025-01-26 20:19:00,6,69.26,38.81,74.48,4.32,4.93,1,0,22,Normal,0.0,0
2025-01-16 13:12:00,35,80.85,33.49,33.88,4.61,4.29,2,0,458,Vibration Issue,0.0,1
2025-01-21 07:36:00,21,73.82,89.05,39.19,3.05,4.42,1,1,18,Normal,1.0,1
2025-01-02 13:50:00,38,81.1,62.87,62.36,1.8,4.94,1,0,344,Normal,0.0,0
2025-01-11 14:54:00,3,78.8,79.11,53.6,1.2,1.55,1,0,70,Normal,0.0,0
2025-02-02 16:06:00,43,67.13,69.25,47.59,4.3,0.83,1,0,167,Normal,0.0,0
2025-02-12 11:59:00,23,84.21,65.12,62.56,2.66,1.82,1,0,292,Normal,0.0,0
2025-02-04 03:52:00,9,96.75,45.31,52.73,1.08,4.51,1,1,31,Normal,1.0,1
2025-01-25 20:24:00,20,85.46,33.54,79.56,2.56,1.08,1,0,318,Normal,0.0,0
2025-02-10 17:44:00,31,71.82,73.29,45.31,2.15,3.79,1,0,36,Normal,0.0,0
2025-01-07 17:34:00,11,73.89,52.11,58.0,4.03,2.97,0,0,272,Normal,0.0,0
2025-02-24 11:28:00,32,68.24,64.89,68.03,4.21,1.28,1,0,262,Normal,0.0,0
2025-02-14 08:12:00,45,59.5,28.6,58.16,2.2,4.41,2,0,344,Overheating,0.0,1
2025-02-13 14:02:00,44,98.62,77.49,46.91,2.87,4.49,0,1,43,Normal,1.0,1
2025-01-31 11:50:00,23,76.9,56.16,34.42,3.32,3.99,1,0,99,Normal,0.0,0
2025-03-01 00:17:00,4,62.23,69.83,53.65,3.77,4.18,1,0,146,Normal,0.0,0
2025-02-08 08:17:00,3,77.4,71.06,38.48,3.81,2.2,1,0,368,Normal,0.0,0
2025-01-29 02:55:00,19,67.49,74.7,64.82,4.0,1.24,1,0,53,Normal,0.0,0
2025-02-20 02:36:00,20,85.12,52.9,55.55,1.52,2.66,1,0,465,Normal,0.0,0
2025-02-16 16:33:00,33,85.27,51.03,71.48,3.9,2.25,1,0,239,Normal,0.0,0
2025-02-05 15:56:00,38,61.47,31.03,38.98,3.13,3.55,1,0,315,Normal,0.0,0
2025-02-24 04:08:00,34,54.32,12.71,64.27,2.31,4.65,1,0,482,Normal,0.0,0
2025-02-27 14:48:00,30,65.14,53.14,55.2,4.45,1.38,1,0,413,Normal,0.0,0
2025-01-25 05:15:00,45,86.95,49.9,35.21,3.89,3.72,1,0,364,Normal,0.0,0
2025-02-28 05:28:00,5,84.26,53.18,79.98,4.54,3.31,1,0,107,Normal,0.0,0
2025-03-04 01:45:00,13,76.12,67.39,47.45,3.18,2.47,1,0,355,Normal,0.0,0
2025-02-25 17:59:00,41,76.07,69.17,59.14,2.02,5.0,1,0,51,Normal,0.0,0
2025-03-10 16:48:00,28,88.7,57.93,52.07,3.2,1.54,1,0,173,Normal,0.0,0
2025-01-09 21:33:00,35,87.11,50.47,37.99,4.83,4.77,1,0,40,Normal,0.0,0
2025-01-30 22:41:00,25,67.09,53.82,64.67,2.84,2.3,2,0,194,Electrical Fault,0.0,1
2025-02-04 16:38:00,49,81.75,35.57,45.97,3.77,1.37,1,0,245,Normal,0.0,0
2025-02-17 17:03:00,43,84.28,44.58,63.58,1.59,2.51,1,0,393,Normal,0.0,0
2025-03-04 02:36:00,30,79.22,58.29,33.91,3.71,1.58,1,0,357,Normal,0.0,0
2025-02-03 23:40:00,30,68.77,71.88,62.84,3.5,1.07,1,0,483,Normal,0.0,0
2025-01-13 06:46:00,30,82.51,44.57,55.49,4.32,1.79,1,0,356,Normal,0.0,0
2025-02-16 22:10:00,14,50.86,68.7,72.74,1.06,2.77,1,0,308,Normal,0.0,0
2025-01-30 00:16:00,25,68.76,66.57,62.16,1.2,2.77,1,0,474,Normal,0.0,0
2025-01-30 12:57:00,27,89.31,47.66,41.59,1.73,2.65,1,0,430,Normal,0.0,0
2025-02-05 13:24:00,3,80.29,56.16,48.89,4.26,2.91,1,0,229,Normal,0.0,0
2025-03-04 10:54:00,29,64.04,62.85,45.37,1.99,1.56,1,0,18,Normal,0.0,1
2025-01-27 15:17:00,44,50.28,64.87,34.48,4.89,4.61,1,0,250,Normal,0.0,0
2025-02-19 07:52:00,15,75.81,51.12,74.46,2.58,4.97,1,0,448,Normal,0.0,0
2025-02-18 09:25:00,23,65.34,51.23,60.07,4.18,2.0,1,0,170,Normal,0.0,0
2025-02-14 02:21:00,2,67.17,51.64,31.21,4.9,0.52,1,0,242,Normal,0.0,0
2025-02-08 11:45:00,15,70.58,53.77,59.64,1.54,0.89,1,0,276,Normal,0.0,0
2025-01-07 18:40:00,33,95.89,66.05,33.64,1.76,4.79,0,1,25,Normal,1.0,1
2025-02-10 02:50:00,29,76.42,16.13,33.18,4.24,1.06,1,0,384,Normal,0.0,0
2025-02-10 09:21:00,23,52.6,59.06,64.12,2.53,1.02,2,0,108,Normal,0.0,1
2025-02-04 21:30:00,4,66.12,64.98,71.21,3.4,0.67,1,0,432,Normal,0.0,0
2025-02-28 14:05:00,43,78.9,38.57,55.72,2.21,1.67,1,0,470,Normal,0.0,0
2025-01-09 21:36:00,50,92.2,71.16,35.99,1.62,3.11,2,1,44,Normal,1.0,1
2025-01-15 03:31:00,28,62.74,53.09,67.42,3.92,2.77,1,0,64,Normal,0.0,0
2025-01-23 14:19:00,21,86.28,43.57,30.81,4.59,1.91,2,0,103,Vibration Issue,0.0,1
2025-02-28 10:40:00,48,89.83,36.74,31.82,2.92,1.24,2,0,144,Electrical Fault,0.0,1
2025-01-14 07:45:00,27,82.37,56.8,75.44,4.21,4.56,1,0,72,Normal,0.0,0
2025-02-20 10:46:00,44,66.46,61.63,58.35,3.85,0.51,1,0,348,Normal,0.0,0
2025-02-02 05:24:00,8,59.22,55.61,33.16,2.96,2.85,1,0,200,Normal,0.0,0
2025-01-14 06:45:00,18,75.97,39.23,55.99,3.58,2.85,1,0,442,Normal,0.0,0
2025-02-25 12:14:00,13,76.47,42.63,67.72,1.12,1.38,1,0,456,Normal,0.0,0
2025-02-26 00:59:00,11,69.68,47.6,57.51,4.69,2.92,0,0,258,Normal,0.0,0
2025-02-09 21:57:00,4,91.96,60.68,67.01,2.87,4.78,0,1,32,Normal,1.0,1
2025-01-24 04:47:00,46,92.15,54.37,37.38,3.82,3.98,1,1,32,Normal,1.0,1
2025-02-07 19:46:00,10,88.71,53.97,77.21,2.33,1.26,1,0,48,Normal,0.0,0
2025-03-04 19:59:00,29,81.83,40.72,48.2,2.67,2.63,2,0,450,Vibration Issue,0.0,1
2025-01-23 01:35:00,9,75.44,49.38,52.34,3.67,4.24,1,0,127,Normal,0.0,0
2025-01-05 02:11:00,12,78.28,51.66,30.84,4.17,3.5,2,0,421,Normal,0.0,1
2025-01-26 19:07:00,40,72.43,56.85,70.11,1.43,3.39,1,0,109,Normal,0.0,0
2025-01-16 17:04:00,41,75.26,48.71,62.21,4.01,2.5,2,0,127,Vibration Issue,0.0,1
2025-02-05 23:45:00,1,71.0,38.9,60.31,1.83,1.48,1,0,14,Normal,0.0,1
2025-02-03 19:08:00,27,64.77,61.01,43.95,3.37,1.59,1,0,139,Normal,0.0,0
2025-01-24 11:49:00,50,90.08,32.14,50.78,1.01,1.36,1,1,15,Normal,1.0,1
2025-01-29 04:04:00,32,80.33,54.97,49.46,3.89,2.9,1,0,453,Normal,0.0,0
2025-01-30 10:04:00,13,87.86,51.06,55.05,4.11,4.79,1,0,393,Normal,0.0,0
2025-02-27 18:44:00,46,82.65,65.97,63.03,1.02,2.04,1,0,476,Normal,0.0,0
2025-02-12 18:17:00,36,89.19,59.91,38.02,2.21,4.03,1,0,126,Normal,0.0,0
2025-02-12 08:12:00,20,68.63,53.75,61.18,4.51,1.69,1,0,18,Normal,0.0,1
2025-02-14 18:39:00,7,76.26,81.57,37.76,1.13,4.36,2,1,44,Normal,1.0,1
2025-02-27 04:08:00,24,77.99,51.3,77.15,2.11,2.33,1,0,348,Normal,0.0,0
2025-02-13 03:51:00,27,68.09,62.22,75.28,3.01,0.89,1,0,445,Normal,0.0,0
2025-02-13 22:13:00,21,74.41,48.2,60.65,1.67,4.42,1,0,320,Normal,0.0,0
2025-03-06 15:41:00,38,83.87,61.69,33.1,3.17,1.36,1,0,275,Normal,0.0,0
2025-01-15 04:08:00,38,85.91,55.37,69.98,2.51,2.34,1,0,363,Normal,0.0,0
2025-03-03 02:31:00,23,83.31,69.3,33.92,1.47,4.43,1,0,407,Normal,0.0,0
2025-02-12 12:18:00,12,78.39,71.16,50.68,1.74,1.7,1,0,256,Normal,0.0,0
2025-02-16 01:20:00,36,68.61,32.1,44.57,1.67,0.7,1,0,121,Normal,0.0,0
2025-02-27 05:54:00,12,76.14,55.87,74.44,2.43,4.33,1,0,72,Normal,0.0,0
2025-02-15 03:30:00,26,72.21,49.17,75.32,2.05,2.7,1,0,473,Normal,0.0,0
2025-02-15 17:34:00,24,85.95,16.14,63.02,4.73,0.56,1,0,244,Normal,0.0,0
2025-03-09 11:56:00,5,57.23,54.49,66.81,1.33,4.05,1,0,261,Normal,0.0,0
2025-02-07 00:36:00,29,79.53,52.0,49.14,4.45,3.68,1,0,243,Normal,0.0,0
2025-02-22 08:41:00,14,72.57,44.23,70.52,4.71,0.92,1,0,328,Normal,0.0,0
2025-01-02 21:51:00,29,80.28,83.04,36.51,2.02,1.76,1,1,29,Normal,1.0,1
2025-02-08 07:40:00,25,81.21,44.2,58.87,3.76,3.59,1,0,411,Normal,0.0,0
2025-01-16 00:32:00,40,84.13,49.04,69.07,1.14,3.34,1,0,238,Normal,0.0,0
2025-03-09 17:58:00,5,69.93,71.0,61.2,1.17,2.59,1,0,231,Normal,0.0,0
2025-01-13 15:33:00,37,65.47,58.02,77.6,1.57,3.46,1,0,155,Normal,0.0,0
2025-02-27 01:54:00,7,67.21,38.05,60.63,2.28,2.76,2,0,63,Vibration Issue,0.0,1
2025-02-20 00:35:00,11,89.21,65.0,69.75,3.52,1.09,1,0,71,Normal,0.0,0
2025-03-02 08:22:00,45,74.9,41.1,65.76,2.06,4.23,1,0,54,Normal,0.0,0
2025-02-27 00:17:00,1,56.21,63.19,56.16,2.4,4.42,1,0,32,Normal,0.0,0
2025-01-20 08:50:00,42,69.77,38.53,55.84,2.07,1.61,1,0,14,Normal,0.0,1
2025-01-08 23:12:00,2,64.17,45.27,33.04,2.57,1.06,1,0,116,Normal,0.0,0
2025-01-17 00:46:00,32,82.29,49.41,31.87,4.77,3.64,1,0,217,Normal,0.0,0
2025-02-24 18:43:00,1,72.33,85.8,32.73,4.6,2.77,1,1,8,Normal,1.0,1
2025-01-31 10:39:00,30,86.93,88.5,45.13,4.5,3.22,1,1,8,Normal,1.0,1
2025-01-19 11:14:00,33,67.42,36.71,69.85,2.04,2.95,2,0,287,Vibration Issue,0.0,1
2025-01-02 14:49:00,48,86.21,71.15,37.24,1.99,4.3,1,0,334,Normal,0.0,0
2025-02-23 02:17:00,33,75.99,83.16,42.96,3.7,2.74,1,1,7,Normal,1.0,1
2025-03-10 11:44:00,19,94.59,55.43,62.45,2.21,2.73,0,1,13,Normal,1.0,1
2025-01-16 00:13:00,29,66.98,51.43,60.92,2.14,3.88,1,0,446,Normal,0.0,0
2025-01-31 10:59:00,44,73.63,49.48,76.71,2.75,4.43,1,0,143,Normal,0.0,0
2025-01-25 15:14:00,11,74.99,71.17,71.27,2.22,4.98,1,0,238,Normal,0.0,0
2025-02-10 04:44:00,23,76.75,44.09,47.88,2.08,4.97,1,0,277,Normal,0.0,0
2025-01-17 23:56:00,3,74.68,57.11,47.13,4.62,4.8,1,0,202,Normal,0.0,0
2025-02-22 20:11:00,20,71.27,36.24,43.66,3.88,2.93,1,0,461,Normal,0.0,0
2025-02-12 08:50:00,32,80.13,43.44,31.31,2.28,2.75,0,0,96,Normal,0.0,0
2025-01-04 10:45:00,49,76.5,50.62,63.44,1.28,2.75,1,0,396,Normal,0.0,0
2025-01-19 21:03:00,38,92.99,59.31,77.87,4.83,1.39,1,1,24,Normal,1.0,1
2025-02-18 03:07:00,27,79.16,58.13,48.52,3.92,4.07,1,0,463,Normal,0.0,0
2025-01-04 15:30:00,22,74.69,77.98,42.44,4.13,0.95,1,0,491,Normal,0.0,0
2025-03-05 18:53:00,20,82.56,39.4,65.77,3.95,2.17,2,0,20,Normal,0.0,1
2025-02-28 12:57:00,43,76.03,59.3,52.65,2.67,1.25,0,0,235,Normal,0.0,0
2025-02-23 17:21:00,44,71.68,50.4,56.14,1.35,0.95,1,0,428,Normal,0.0,0
2025-03-07 19:08:00,22,74.52,76.63,45.77,1.44,1.4,1,0,137,Normal,0.0,0
2025-02-14 21:21:00,21,65.2,51.44,39.95,3.56,1.04,1,0,488,Normal,0.0,0
2025-02-18 08:45:00,29,93.89,39.71,60.19,4.95,4.88,1,1,5,Normal,1.0,1
2025-01-19 21:39:00,23,84.34,48.49,42.42,1.46,2.46,1,0,223,Normal,0.0,0
2025-02-14 13:26:00,25,80.04,63.31,53.53,2.1,3.06,1,0,373,Normal,0.0,0
2025-02-21 09:38:00,7,49.65,60.15,60.83,3.41,3.09,1,0,85,Normal,0.0,0
2025-01-19 08:42:00,32,72.46,45.65,46.77,4.23,1.29,1,0,116,Normal,0.0,0
2025-02-11 19:21:00,33,63.27,67.56,53.03,3.85,2.8,1,0,127,Normal,0.0,0
2025-01-20 15:06:00,18,69.92,64.17,58.75,1.53,3.79,1,0,295,Normal,0.0,0
2025-03-09 02:44:00,46,82.44,67.24,31.64,2.81,2.88,2,0,119,Overheating,0.0,1
2025-01-06 12:07:00,19,86.04,48.99,50.12,4.43,1.81,1,0,11,Normal,0.0,1
2025-01-24 18:50:00,16,83.16,64.56,55.66,3.57,4.91,1,0,327,Normal,0.0,0
2025-02-28 22:11:00,24,87.14,41.22,50.62,4.36,2.63,1,0,258,Normal,0.0,0
2025-02-09 19:35:00,44,77.56,52.75,61.28,3.17,4.59,2,0,77,Normal,0.0,1
2025-02-24 11:12:00,40,77.02,72.11,69.25,2.65,2.82,1,0,386,Normal,0.0,0
2025-01-22 00:01:00,50,62.95,52.75,51.56,4.17,3.02,1,0,343,Normal,0.0,0
2025-02-22 11:45:00,7,60.02,63.86,60.69,2.48,3.97,2,0,496,Normal,0.0,1
2025-02-15 09:12:00,35,85.99,50.8,64.39,3.05,4.85,1,0,316,Normal,0.0,0
2025-02-07 10:29:00,42,77.5,73.52,68.87,4.69,4.52,0,0,42,Normal,0.0,0
2025-02-19 19:46:00,44,76.46,28.72,42.75,2.41,4.28,2,0,227,Overheating,0.0,1
2025-01-07 08:48:00,2,70.47,50.6,66.22,3.25,2.79,1,0,120,Normal,0.0,0
2025-03-02 13:40:00,10,82.19,49.38,79.04,4.49,3.74,1,0,195,Normal,0.0,0
2025-03-04 13:19:00,34,84.99,62.31,77.56,4.6,2.28,0,0,117,Normal,0.0,0
2025-03-05 20:38:00,15,70.73,89.13,64.42,2.31,2.87,1,1,39,Normal,1.0,1
2025-02-21 19:54:00,34,70.58,27.54,53.87,2.15,3.84,1,0,122,Normal,0.0,0
2025-02-12 19:02:00,17,90.52,55.08,47.53,1.08,3.22,1,1,38,Normal,1.0,1
2025-02-19 01:31:00,30,78.08,44.47,48.29,1.08,4.2,1,0,233,Normal,0.0,0
2025-03-04 17:04:00,14,72.39,42.24,62.82,2.02,1.5,1,0,23,Normal,0.0,0
2025-03-09 15:05:00,38,87.44,22.67,44.92,4.11,3.41,1,0,306,Normal,0.0,0
2025-03-05 10:34:00,32,79.82,49.2,64.06,1.24,4.46,1,0,185,Normal,0.0,0
2025-01-13 04:53:00,35,73.53,49.05,54.95,4.96,4.76,2,0,291,Normal,0.0,1
2025-01-10 17:48:00,42,68.05,83.61,65.13,4.64,3.87,1,1,9,Normal,1.0,1
2025-01-17 19:51:00,37,80.42,73.73,66.49,4.67,1.44,1,0,363,Normal,0.0,0
2025-02-22 21:38:00,1,86.16,44.91,75.5,2.58,1.12,2,0,161,Pressure Drop,0.0,1
2025-01-21 23:20:00,13,70.48,66.53,77.22,4.67,4.15,1,0,240,Normal,0.0,0
2025-02-02 04:19:00,15,75.02,36.06,70.99,1.04,3.02,1,0,131,Normal,0.0,0
2025-02-20 14:35:00,38,73.68,54.97,34.75,3.86,2.33,1,0,290,Normal,0.0,0
2025-03-07 03:03:00,3,79.97,20.04,37.88,3.91,4.58,2,0,215,Pressure Drop,0.0,1
2025-02-20 10:00:00,13,79.37,71.44,32.07,2.86,2.78,1,0,102,Normal,0.0,0
2025-02-28 01:35:00,24,65.46,63.49,33.76,3.96,4.24,0,0,450,Normal,0.0,0
2025-01-16 11:49:00,9,68.16,35.66,70.71,4.51,3.6,1,0,74,Normal,0.0,0
2025-01-07 22:51:00,8,67.87,73.26,68.55,3.23,3.07,1,0,131,Normal,0.0,0
2025-02-11 17:24:00,14,83.53,47.03,69.01,2.8,4.43,2,0,312,Vibration Issue,0.0,1
2025-03-06 01:04:00,31,73.84,47.7,37.87,2.84,3.98,1,0,338,Normal,0.0,0
2025-02-16 04:38:00,20,77.88,23.25,54.6,4.68,1.97,1,0,434,Normal,0.0,0
2025-01-03 02:01:00,4,60.89,32.94,42.73,4.25,4.04,2,0,249,Overheating,0.0,1
2025-01-05 05:07:00,22,75.64,47.45,44.41,3.84,3.18,1,0,322,Normal,0.0,0
2025-03-02 16:48:00,13,82.36,59.09,40.04,3.97,3.6,0,0,458,Normal,0.0,0
2025-02-14 09:34:00,43,58.12,33.48,45.95,4.03,3.25,1,0,496,Normal,0.0,0
2025-03-02 12:09:00,36,82.71,48.24,60.96,4.37,1.09,2,0,466,Normal,0.0,1
2025-02-23 14:35:00,34,85.7,41.24,60.82,4.08,3.22,1,0,188,Normal,0.0,0
2025-02-17 13:09:00,40,92.74,34.93,43.36,2.41,2.8,1,1,46,Normal,1.0,1
2025-02-23 22:04:00,50,67.1,69.37,37.42,3.91,4.45,1,0,79,Normal,0.0,0
2025-02-12 07:09:00,11,57.94,56.24,74.48,2.64,1.39,0,0,169,Normal,0.0,0
2025-01-04 22:29:00,15,68.27,57.93,46.22,2.93,1.89,1,0,115,Normal,0.0,0
2025-03-01 14:09:00,24,75.69,53.68,56.39,3.06,0.57,1,0,258,Normal,0.0,0
2025-02-01 23:17:00,46,83.98,50.84,37.95,1.32,4.32,1,0,193,Normal,0.0,0
2025-02-26 22:00:00,23,77.89,57.72,30.94,2.51,0.71,2,0,406,Normal,0.0,1
2025-02-28 10:54:00,4,67.7,46.02,40.55,3.94,0.96,1,0,445,Normal,0.0,0
2025-03-06 23:33:00,21,81.28,45.14,49.5,3.41,2.96,1,0,177,Normal,0.0,0
2025-01-17 08:44:00,28,55.22,28.9,36.21,3.64,1.25,1,0,266,Normal,0.0,0
2025-02-28 08:52:00,5,77.95,70.8,62.59,1.0,1.9,1,0,418,Normal,0.0,0
2025-01-22 09:24:00,32,79.72,59.85,39.68,4.22,4.02,2,0,89,Normal,0.0,1
2025-01-23 00:41:00,23,67.2,36.25,60.62,2.08,4.16,1,0,345,Normal,0.0,0
2025-01-29 08:24:00,18,74.22,22.13,57.99,2.38,2.62,1,0,217,Normal,0.0,0
2025-01-18 08:40:00,14,80.28,43.32,73.8,1.81,0.67,1,0,398,Normal,0.0,0
2025-01-12 05:23:00,35,76.79,46.18,37.85,3.41,1.13,1,0,426,Normal,0.0,0
2025-02-02 22:51:00,21,71.58,47.01,71.98,2.95,4.17,1,0,98,Normal,0.0,0
2025-03-05 16:39:00,27,89.26,36.75,37.82,1.58,4.77,1,0,76,Normal,0.0,0
2025-02-10 01:00:00,6,54.46,43.28,31.65,2.19,4.51,1,0,117,Normal,0.0,0
2025-02-08 14:24:00,19,84.61,52.51,45.82,4.68,1.49,1,0,457,Normal,0.0,0
2025-01-18 03:30:00,44,88.53,59.36,52.49,2.86,4.21,1,0,486,Normal,0.0,0
2025-01-21 11:11:00,18,91.79,35.28,44.92,4.16,0.51,1,1,7,Normal,1.0,1
2025-02-04 09:53:00,5,69.34,43.58,51.9,3.89,3.89,1,0,105,Normal,0.0,0
2025-01-21 16:40:00,26,55.82,77.75,56.38,4.14,1.9,1,0,10,Normal,0.0,1
2025-01-03 03:40:00,25,83.61,69.94,49.24,3.45,1.7,0,0,244,Normal,0.0,0
2025-02-08 18:48:00,39,72.59,75.26,34.55,4.95,2.76,1,0,481,Normal,0.0,0
2025-02-06 15:18:00,44,92.69,40.97,39.93,3.78,4.17,1,1,35,Normal,1.0,1
2025-02-11 04:46:00,19,67.91,63.05,46.49,4.84,4.83,1,0,81,Normal,0.0,0
2025-02-21 13:28:00,13,74.68,77.53,65.08,2.72,3.25,1,0,328,Normal,0.0,0
2025-01-10 12:26:00,33,68.59,47.68,54.61,2.03,1.71,1,0,230,Normal,0.0,0
2025-03-08 22:13:00,1,96.37,64.39,31.09,3.36,2.69,1,1,27,Normal,1.0,1
2025-01-11 02:07:00,32,57.89,25.92,49.08,2.01,2.39,1,0,456,Normal,0.0,0
2025-01-24 15:47:00,17,63.2,44.82,76.18,3.24,0.55,1,0,83,Normal,0.0,0
2025-01-21 17:56:00,19,87.16,20.71,70.07,1.78,3.85,1,0,488,Normal,0.0,0
2025-01-17 07:22:00,3,81.23,53.08,40.52,4.21,0.95,1,0,408,Normal,0.0,0
2025-01-28 21:50:00,26,81.11,40.95,77.78,2.31,1.51,1,0,97,Normal,0.0,0
2025-01-22 19:28:00,7,79.18,34.39,54.57,2.34,2.81,1,0,358,Normal,0.0,0
2025-01-20 04:24:00,12,71.27,11.64,34.85,2.95,4.88,0,0,159,Normal,0.0,0
2025-02-09 10:39:00,18,74.93,69.04,79.15,3.3,2.53,1,0,427,Normal,0.0,0
2025-02-08 12:50:00,46,75.46,37.04,30.9,4.52,3.84,0,0,474,Normal,0.0,0
2025-02-08 21:27:00,35,77.16,55.22,78.06,4.24,4.6,1,0,403,Normal,0.0,0
2025-02-09 10:24:00,40,78.79,67.15,46.46,1.99,3.18,1,0,39,Normal,0.0,0
2025-02-02 00:37:00,48,86.37,57.01,51.35,2.63,3.16,2,0,40,Overheating,0.0,1
2025-02-16 12:14:00,14,87.54,40.11,72.22,1.11,2.75,1,0,344,Normal,0.0,0
2025-02-28 04:55:00,39,77.05,80.02,51.4,2.89,3.68,0,1,35,Normal,1.0,1
2025-01-01 09:44:00,39,67.67,46.97,56.59,4.77,2.14,1,0,116,Normal,0.0,0
2025-03-02 08:07:00,40,68.29,58.64,67.27,3.0,2.26,1,0,486,Normal,0.0,0
2025-03-02 13:59:00,44,78.88,57.47,54.54,1.76,1.87,1,0,223,Normal,0.0,0
2025-01-28 15:07:00,30,80.25,56.9,79.02,4.61,1.58,2,0,268,Normal,0.0,1
2025-01-26 13:24:00,38,79.61,45.48,43.83,1.27,3.8,1,0,18,Normal,0.0,1
2025-03-04 01:03:00,43,73.16,65.36,70.86,1.78,1.4,1,0,152,Normal,0.0,0
2025-01-28 18:32:00,16,69.06,70.24,62.37,2.02,3.51,1,0,234,Normal,0.0,0
2025-02-12 04:01:00,1,67.91,54.83,38.93,2.88,4.56,0,0,284,Normal,0.0,0
2025-02-11 11:48:00,33,72.64,56.75,33.18,4.4,0.82,1,0,411,Normal,0.0,0
2025-01-25 05:38:00,33,86.11,19.89,76.93,3.54,4.85,2,0,383,Pressure Drop,0.0,1
2025-02-16 07:25:00,25,65.73,66.7,54.71,3.0,2.39,0,0,166,Normal,0.0,0
2025-03-04 17:16:00,27,77.14,35.19,49.84,1.76,1.26,1,0,141,Normal,0.0,0
2025-02-07 08:56:00,37,70.02,45.59,77.04,2.41,2.04,1,0,136,Normal,0.0,0
2025-01-31 14:02:00,16,84.01,68.23,63.04,2.28,1.58,0,0,96,Normal,0.0,0
2025-01-14 20:15:00,43,80.6,74.99,51.44,2.88,3.65,1,0,413,Normal,0.0,0
2025-03-02 16:33:00,22,65.43,63.53,53.32,4.37,2.95,0,0,199,Normal,0.0,0
2025-01-18 16:11:00,37,71.74,43.98,56.81,4.78,4.73,1,0,393,Normal,0.0,0
2025-01-29 07:12:00,6,75.64,72.84,73.49,4.27,2.91,1,0,154,Normal,0.0,0
2025-01-17 08:35:00,45,75.87,65.17,66.09,1.02,2.14,1,0,304,Normal,0.0,0
2025-02-20 02:29:00,20,88.07,43.02,74.49,1.15,2.67,1,0,180,Normal,0.0,0
2025-03-01 14:26:00,45,62.24,45.91,33.84,1.79,0.98,1,0,349,Normal,0.0,0
2025-02-08 02:33:00,9,77.76,24.17,52.08,2.98,2.93,1,0,395,Normal,0.0,0
2025-02-27 07:17:00,28,69.41,38.47,61.19,4.71,3.98,1,0,91,Normal,0.0,0
2025-02-08 11:17:00,34,78.17,58.16,34.11,4.36,0.67,1,0,70,Normal,0.0,0
2025-02-04 21:45:00,15,76.24,36.57,31.0,1.02,1.2,1,0,58,Normal,0.0,0
2025-01-04 18:12:00,22,85.68,53.52,51.2,3.65,3.96,1,0,349,Normal,0.0,0
2025-02-02 22:43:00,18,93.1,34.85,61.18,2.94,4.33,2,1,45,Overheating,1.0,1
2025-02-10 01:41:00,17,58.96,44.49,61.8,4.24,4.09,1,0,444,Normal,0.0,0
2025-01-08 02:40:00,49,76.4,28.9,64.96,2.77,4.46,1,0,436,Normal,0.0,0
2025-01-25 22:13:00,37,53.25,42.13,75.46,3.66,3.77,0,0,215,Normal,0.0,0
2025-02-24 03:53:00,25,83.47,36.67,36.21,3.23,2.99,2,0,385,Pressure Drop,0.0,1
2025-02-04 03:03:00,43,80.75,66.36,73.75,1.21,2.85,1,0,100,Normal,0.0,0
2025-02-14 00:11:00,22,66.0,15.37,72.73,2.57,4.82,1,0,460,Normal,0.0,0
2025-01-09 17:10:00,12,55.01,58.23,32.47,1.17,5.0,1,0,176,Normal,0.0,0
2025-01-25 11:50:00,31,65.34,58.54,55.62,3.65,1.47,2,0,371,Normal,0.0,1
2025-01-22 15:36:00,21,80.71,70.33,66.74,2.23,4.03,1,0,389,Normal,0.0,0
2025-02-10 06:30:00,26,73.2,86.28,34.78,3.2,3.68,1,1,2,Normal,1.0,1
2025-02-18 23:45:00,32,69.58,55.01,58.72,1.82,4.46,1,0,161,Normal,0.0,0
2025-01-26 14:13:00,4,73.14,67.05,33.27,1.93,2.02,2,0,89,Overheating,0.0,1
2025-01-17 09:43:00,48,57.35,56.16,61.22,1.65,3.4,2,0,68,Vibration Issue,0.0,1
2025-01-06 03:22:00,47,69.17,52.15,60.31,4.16,0.72,1,0,141,Normal,0.0,0
2025-02-01 23:44:00,1,59.41,21.43,50.41,2.44,1.87,0,0,194,Normal,0.0,0
2025-01-24 04:37:00,45,84.45,41.23,62.48,4.08,0.9,1,0,36,Normal,0.0,0
2025-01-12 09:16:00,12,81.53,39.83,31.56,1.74,1.45,1,0,136,Normal,0.0,0
2025-03-02 06:55:00,44,73.91,45.86,77.47,4.98,4.05,1,0,69,Normal,0.0,0
2025-02-16 18:25:00,42,69.96,20.05,48.39,4.11,1.28,2,0,481,Vibration Issue,0.0,1
2025-02-22 07:55:00,38,74.14,37.22,67.82,1.35,4.83,1,0,198,Normal,0.0,0
2025-02-07 12:39:00,2,78.62,42.83,67.54,2.52,4.4,1,0,401,Normal,0.0,0
2025-02-05 18:08:00,17,85.6,41.54,51.87,2.58,4.84,1,0,16,Normal,0.0,1
2025-01-29 21:15:00,9,81.82,44.14,78.45,4.26,4.72,1,0,491,Normal,0.0,0
2025-02-10 12:54:00,45,92.26,45.07,41.59,3.33,0.93,1,1,39,Normal,1.0,1
2025-02-25 18:52:00,13,62.86,45.69,53.88,3.78,2.69,1,0,72,Normal,0.0,0
2025-01-06 14:16:00,12,76.31,44.81,69.98,4.67,3.04,1,0,373,Normal,0.0,0
2025-03-09 10:24:00,29,67.08,60.46,50.95,1.49,1.61,1,0,241,Normal,0.0,0
2025-02-08 12:09:00,34,85.92,73.74,78.71,2.34,4.13,1,0,376,Normal,0.0,0
2025-02-12 14:40:00,20,62.55,67.82,46.78,1.49,1.71,1,0,168,Normal,0.0,0
2025-01-09 08:15:00,4,66.74,20.86,35.74,4.85,2.32,1,0,435,Normal,0.0,0
2025-01-19 23:16:00,5,72.89,54.77,59.1,1.27,2.26,1,0,295,Normal,0.0,0
2025-02-17 22:16:00,45,64.85,44.74,38.68,2.68,4.33,1,0,195,Normal,0.0,0
2025-01-02 21:35:00,32,79.17,62.51,51.65,2.08,2.99,1,0,378,Normal,0.0,0
2025-01-23 03:09:00,36,86.46,41.48,70.5,4.73,4.58,1,0,328,Normal,0.0,0
2025-02-28 22:14:00,18,85.34,53.62,37.7,1.36,3.7,1,0,237,Normal,0.0,0
2025-01-31 06:56:00,43,78.4,39.51,67.36,2.38,2.68,1,0,89,Normal,0.0,0
2025-03-09 06:16:00,11,68.6,56.65,67.98,4.23,3.11,1,0,113,Normal,0.0,0
2025-03-05 10:16:00,35,78.46,30.8,37.4,4.55,3.17,1,0,480,Normal,0.0,0
2025-01-18 07:51:00,7,83.05,35.8,79.25,1.79,0.95,0,0,192,Normal,0.0,0
2025-01-30 21:46:00,29,80.45,33.07,70.74,3.74,2.28,1,0,342,Normal,0.0,0
2025-01-26 05:21:00,11,74.73,59.23,31.23,1.71,4.75,1,0,207,Normal,0.0,0
2025-01-31 16:17:00,48,71.76,77.57,79.03,3.83,1.18,1,0,56,Normal,0.0,0
2025-01-10 06:24:00,41,67.73,42.52,61.21,3.98,4.77,1,0,185,Normal,0.0,0
2025-01-01 07:25:00,45,84.71,20.26,35.54,2.8,2.05,1,0,451,Normal,0.0,0
2025-02-01 16:50:00,2,72.37,57.11,60.73,1.94,3.97,1,0,84,Normal,0.0,0
2025-02-16 03:02:00,21,65.03,32.42,79.11,1.73,0.69,1,0,411,Normal,0.0,0
2025-02-27 03:02:00,6,70.97,41.17,48.46,3.1,0.63,0,0,73,Normal,0.0,0
2025-02-04 18:44:00,27,81.66,43.76,55.47,4.74,1.85,1,0,50,Normal,0.0,0
2025-01-27 20:03:00,37,77.85,60.77,68.9,3.03,3.93,1,0,14,Normal,0.0,1
2025-01-11 08:52:00,6,71.71,26.62,51.31,2.22,4.66,1,0,55,Normal,0.0,0
2025-02-12 04:38:00,5,78.94,82.84,60.2,3.96,2.71,1,1,36,Normal,1.0,1
2025-01-07 15:35:00,35,75.35,25.02,43.96,4.67,1.05,1,0,73,Normal,0.0,0
2025-02-08 02:14:00,8,89.47,63.04,68.9,4.66,1.66,1,0,499,Normal,0.0,0
2025-01-06 19:23:00,18,84.83,25.76,62.74,4.41,1.65,1,0,274,Normal,0.0,0
2025-03-06 15:42:00,28,97.91,21.79,32.51,1.79,4.68,1,1,36,Normal,1.0,1
2025-02-08 06:04:00,14,76.15,38.19,71.97,1.51,4.17,1,0,195,Normal,0.0,0
2025-02-08 03:20:00,14,86.72,39.58,45.46,1.42,0.84,1,0,354,Normal,0.0,0
2025-02-24 14:35:00,36,82.83,38.23,66.7,4.45,2.01,1,0,382,Normal,0.0,0
2025-02-02 11:08:00,37,72.95,46.74,37.7,4.35,4.87,2,0,68,Vibration Issue,0.0,1
2025-02-08 14:46:00,42,63.42,37.21,61.58,1.15,0.94,1,0,255,Normal,0.0,0
2025-02-03 15:24:00,37,77.08,55.85,71.58,4.18,5.0,1,0,229,Normal,0.0,0
2025-01-12 15:18:00,46,71.99,23.69,45.05,3.93,3.97,0,0,27,Normal,0.0,0
2025-02-09 14:46:00,6,70.39,38.95,65.43,3.87,2.51,1,0,431,Normal,0.0,0
2025-02-01 15:09:00,40,77.45,44.92,37.49,3.74,3.06,1,0,400,Normal,0.0,0
2025-01-04 05:49:00,3,60.36,49.08,49.91,3.47,1.65,2,0,364,Vibration Issue,0.0,1
2025-01-14 14:53:00,24,67.55,26.0,36.02,4.22,2.55,1,0,166,Normal,0.0,0
2025-01-06 04:55:00,15,72.35,57.31,75.66,3.76,2.9,1,0,243,Normal,0.0,0
2025-01-08 22:42:00,11,75.66,75.01,50.79,2.44,4.47,1,0,30,Normal,0.0,0
2025-02-01 14:35:00,20,59.02,68.37,65.12,1.92,1.8,1,0,44,Normal,0.0,0
2025-01-30 11:53:00,21,76.59,72.1,71.4,1.12,1.96,1,0,221,Normal,0.0,0
2025-03-04 21:05:00,5,87.15,33.85,32.53,1.43,1.04,0,0,358,Normal,0.0,0
2025-01-01 18:49:00,25,83.6,62.06,73.77,2.94,4.83,2,0,145,Vibration Issue,0.0,1
2025-01-23 16:28:00,36,58.65,54.66,40.7,2.63,2.14,2,0,319,Pressure Drop,0.0,1
2025-02-14 22:02:00,27,79.19,44.37,69.58,4.34,2.33,1,0,245,Normal,0.0,0
2025-02-16 23:47:00,38,84.74,57.32,63.58,1.68,4.43,0,0,479,Normal,0.0,0
2025-03-02 01:27:00,50,88.63,41.71,55.61,2.18,2.94,1,0,324,Normal,0.0,0
2025-02-21 03:59:00,38,88.91,44.64,79.14,2.14,4.68,1,0,264,Normal,0.0,0
2025-01-01 10:17:00,19,74.64,53.31,77.56,1.17,2.65,1,0,279,Normal,0.0,0
2025-01-22 13:42:00,35,62.68,45.51,50.46,2.84,1.85,2,0,388,Normal,0.0,1
2025-01-29 07:38:00,21,68.6,39.25,64.15,3.48,1.88,0,0,275,Normal,0.0,0
2025-01-08 10:29:00,2,66.93,46.03,69.92,3.67,1.62,2,0,440,Pressure Drop,0.0,1
2025-01-26 11:32:00,30,76.06,40.18,59.41,4.42,0.83,0,0,150,Normal,0.0,0
2025-02-08 13:08:00,42,64.02,29.54,68.07,4.73,1.43,1,0,492,Normal,0.0,0
2025-01-16 15:24:00,49,78.87,40.13,35.76,4.78,4.54,1,0,420,Normal,0.0,0
2025-02-14 00:45:00,40,72.21,56.38,55.8,2.35,1.04,1,0,238,Normal,0.0,0
2025-02-27 11:44:00,45,67.0,45.94,44.3,1.19,4.38,1,0,446,Normal,0.0,0
2025-01-11 21:53:00,16,71.68,26.69,44.98,3.24,4.42,1,0,486,Normal,0.0,0
2025-02-17 01:35:00,49,74.32,63.36,76.64,2.9,3.51,1,0,308,Normal,0.0,0
2025-01-14 00:58:00,32,76.31,45.9,43.88,2.6,2.73,2,0,486,Electrical Fault,0.0,1
2025-01-23 02:21:00,25,59.77,29.86,44.93,1.41,1.06,1,0,92,Normal,0.0,0
2025-01-15 21:42:00,5,59.89,58.5,61.53,4.6,2.88,0,0,129,Normal,0.0,0
2025-01-05 15:16:00,44,81.6,45.29,72.55,4.08,2.21,1,0,328,Normal,0.0,0
2025-01-27 17:32:00,17,82.65,57.97,38.85,3.33,0.88,0,0,75,Normal,0.0,0
2025-01-12 06:40:00,10,67.21,64.57,58.73,1.96,1.95,1,0,368,Normal,0.0,0
2025-01-01 18:07:00,50,80.82,37.09,38.07,1.14,3.14,1,0,285,Normal,0.0,0
2025-03-05 11:06:00,12,87.92,30.02,63.89,3.57,1.1,0,0,49,Normal,0.0,0
2025-01-09 16:47:00,24,72.28,78.07,57.05,4.06,3.8,1,0,60,Normal,0.0,0
2025-01-11 17:58:00,14,68.47,84.49,77.49,4.76,2.71,2,1,16,Pressure Drop,1.0,1
2025-02-08 21:58:00,47,99.66,71.68,31.4,1.23,3.94,1,1,4,Normal,1.0,1
2025-01-06 00:02:00,35,58.25,15.4,63.09,4.71,4.65,1,0,347,Normal,0.0,0
2025-01-12 14:12:00,14,103.27,55.76,49.44,1.66,2.7,2,1,15,Normal,1.0,1
2025-02-22 18:04:00,9,88.36,57.25,47.87,4.86,3.19,1,0,179,Normal,0.0,0
2025-01-08 12:21:00,17,77.82,54.53,54.89,1.43,1.86,1,0,133,Normal,0.0,0
2025-02-11 15:56:00,44,64.27,51.29,66.82,4.45,2.59,1,0,141,Normal,0.0,0
2025-02-09 16:18:00,4,78.79,49.54,54.05,3.41,3.68,2,0,231,Overheating,0.0,1
2025-01-26 07:34:00,38,76.63,52.56,71.9,3.07,0.71,1,0,380,Normal,0.0,0
2025-02-18 04:13:00,11,90.4,53.73,74.18,3.07,1.37,0,1,14,Normal,1.0,1
2025-01-01 02:17:00,14,65.19,62.01,42.83,1.89,3.77,1,0,438,Normal,0.0,0
2025-03-06 07:17:00,33,80.56,73.35,52.1,2.95,4.8,1,0,411,Normal,0.0,0
2025-01-04 07:04:00,2,80.71,59.67,46.15,1.78,1.21,1,0,26,Normal,0.0,0
2025-03-06 07:44:00,41,76.14,45.95,70.84,3.99,1.52,1,0,80,Normal,0.0,0
2025-01-13 14:40:00,4,61.38,61.0,55.64,1.67,0.72,1,0,271,Normal,0.0,0
2025-01-09 18:07:00,13,73.77,13.3,53.28,1.54,1.8,2,0,76,Pressure Drop,0.0,1
2025-02-19 14:10:00,12,71.28,71.16,59.99,4.01,1.25,2,0,353,Vibration Issue,0.0,1
2025-01-31 19:26:00,18,81.87,36.41,58.72,4.89,3.96,0,0,63,Normal,0.0,0
2025-02-20 12:21:00,8,81.63,46.39,60.2,2.24,1.13,1,0,181,Normal,0.0,0
2025-01-11 22:02:00,10,74.58,62.82,38.45,3.81,4.83,1,0,323,Normal,0.0,0
2025-01-13 12:00:00,39,71.64,74.85,60.17,1.98,1.62,1,0,301,Normal,0.0,0
2025-02-03 00:47:00,20,78.13,58.41,74.64,3.22,2.85,1,0,73,Normal,0.0,0
2025-01-06 14:40:00,45,62.35,40.8,75.13,4.29,1.98,1,0,269,Normal,0.0,0
2025-02-07 10:15:00,41,92.54,52.41,48.4,1.7,1.07,1,1,26,Normal,1.0,1
2025-02-02 01:51:00,46,63.16,46.61,57.89,1.97,1.57,1,0,441,Normal,0.0,0
2025-01-14 05:40:00,17,73.6,70.95,72.4,2.17,4.48,1,0,496,Normal,0.0,0
2025-03-02 20:57:00,50,69.0,63.27,44.7,3.69,3.82,1,0,37,Normal,0.0,0
2025-01-31 13:03:00,28,75.93,44.83,51.83,1.69,3.8,2,0,304,Pressure Drop,0.0,1
2025-02-19 02:30:00,49,73.09,53.53,53.97,2.4,3.61,1,0,51,Normal,0.0,0
2025-02-02 00:19:00,44,98.74,51.49,39.5,3.42,0.52,2,1,10,Overheating,1.0,1
2025-01-28 22:18:00,34,81.28,42.29,75.19,2.42,1.24,1,0,306,Normal,0.0,0
2025-03-10 18:59:00,5,49.71,23.97,59.34,3.14,2.49,1,0,213,Normal,0.0,0
2025-03-10 18:54:00,46,77.05,56.17,31.84,2.22,1.71,1,0,123,Normal,0.0,0
2025-03-02 02:16:00,29,75.38,26.68,79.84,1.21,1.51,1,0,475,Normal,0.0,0
2025-02-08 20:44:00,4,90.6,47.1,49.69,2.66,2.84,0,1,34,Normal,1.0,1
2025-02-24 04:03:00,9,67.65,25.76,30.29,4.44,4.12,1,0,467,Normal,0.0,0
2025-01-27 20:22:00,32,69.53,86.11,75.02,1.23,2.64,1,1,19,Normal,1.0,1
2025-02-02 11:22:00,46,64.04,54.79,60.98,4.72,3.03,1,0,160,Normal,0.0,0
2025-02-22 07:01:00,13,83.1,54.64,72.01,4.48,0.86,1,0,257,Normal,0.0,0
2025-01-06 00:14:00,23,66.15,43.72,33.67,4.06,3.59,1,0,237,Normal,0.0,0
2025-03-05 05:12:00,2,85.34,73.69,57.36,3.54,1.48,1,0,215,Normal,0.0,0
2025-02-17 18:51:00,33,78.58,35.17,74.76,3.47,2.43,1,0,382,Normal,0.0,0
2025-02-25 05:42:00,27,88.51,56.55,76.05,1.13,3.28,1,0,424,Normal,0.0,0
2025-02-27 03:10:00,34,76.96,63.29,35.56,4.63,1.06,1,0,135,Normal,0.0,0
2025-02-28 03:44:00,5,75.25,40.2,47.13,1.51,2.25,1,0,72,Normal,0.0,0
2025-01-22 01:40:00,17,78.13,51.65,38.77,4.45,3.3,1,0,294,Normal,0.0,0
2025-02-25 08:59:00,19,69.35,55.35,66.03,1.21,2.41,0,0,368,Normal,0.0,0
2025-01-08 19:51:00,28,81.15,52.57,34.45,3.02,1.75,1,0,368,Normal,0.0,0
2025-03-02 06:04:00,3,77.01,46.61,62.65,1.01,3.63,1,0,294,Normal,0.0,0
2025-01-22 02:52:00,45,73.82,58.1,73.11,3.15,2.75,1,0,175,Normal,0.0,0
2025-03-08 21:19:00,25,81.14,45.71,57.32,4.61,3.11,1,0,268,Normal,0.0,0
2025-02-25 16:03:00,26,79.43,65.1,54.94,3.77,2.49,1,0,86,Normal,0.0,0
2025-01-27 20:36:00,49,85.38,48.78,67.62,3.22,2.65,2,0,459,Overheating,0.0,1
2025-01-08 15:12:00,1,76.71,48.22,69.22,1.44,2.98,1,0,286,Normal,0.0,0
2025-02-21 14:09:00,30,83.68,45.26,63.52,3.54,1.04,1,0,199,Normal,0.0,0
2025-02-12 00:53:00,35,89.41,18.44,60.05,4.24,1.27,1,0,409,Normal,0.0,0
2025-01-25 15:10:00,30,75.96,43.98,44.41,2.81,2.18,1,0,163,Normal,0.0,0
2025-02-19 05:45:00,42,52.73,49.01,57.62,4.04,2.6,1,0,52,Normal,0.0,0
2025-02-13 05:04:00,16,64.57,54.45,48.83,3.54,4.2,1,0,74,Normal,0.0,0
2025-03-05 06:47:00,32,58.22,58.68,78.82,2.62,2.63,1,0,230,Normal,0.0,0
2025-01-03 11:29:00,26,75.22,31.53,32.79,4.18,2.92,2,0,222,Normal,0.0,1
2025-01-24 17:53:00,29,52.75,14.02,44.87,1.89,2.53,1,0,271,Normal,0.0,0
2025-02-17 18:23:00,10,83.29,79.49,44.06,3.98,2.39,1,0,490,Normal,0.0,0
2025-01-27 04:14:00,11,65.68,51.22,63.89,4.38,3.19,2,0,367,Overheating,0.0,1
2025-01-01 04:20:00,40,61.37,46.58,45.71,3.41,1.44,0,0,165,Normal,0.0,0
2025-01-09 12:46:00,28,62.67,63.78,58.45,1.91,2.8,0,0,26,Normal,0.0,0
2025-02-17 22:30:00,46,67.29,57.29,65.49,4.89,1.59,1,0,436,Normal,0.0,0
2025-01-07 00:36:00,26,62.02,28.97,79.27,4.51,2.99,1,0,122,Normal,0.0,0
2025-01-24 00:53:00,11,76.43,39.08,61.8,1.12,1.83,1,0,317,Normal,0.0,0
2025-02-08 11:04:00,48,90.71,70.24,54.28,1.13,4.77,1,1,5,Normal,1.0,1
2025-01-25 02:15:00,17,91.94,48.35,51.6,4.44,3.03,1,1,31,Normal,1.0,1
2025-01-13 08:30:00,14,80.59,46.05,70.9,2.03,1.92,1,0,495,Normal,0.0,0
2025-01-14 11:28:00,47,64.05,61.65,59.22,2.5,2.85,1,0,83,Normal,0.0,0
2025-03-08 05:15:00,43,80.7,40.04,35.49,2.8,2.66,1,0,72,Normal,0.0,0
2025-03-10 15:29:00,46,72.81,67.58,40.38,4.13,4.73,1,0,212,Normal,0.0,0
2025-02-22 20:31:00,31,78.52,35.97,44.63,3.13,3.54,1,0,140,Normal,0.0,0
2025-02-02 17:31:00,41,80.97,36.48,44.55,4.69,4.47,1,0,349,Normal,0.0,0
2025-02-10 16:08:00,30,70.0,64.72,51.77,4.18,1.78,1,0,290,Normal,0.0,0
2025-01-02 23:07:00,8,67.57,59.02,64.49,3.0,0.87,1,0,387,Normal,0.0,0
2025-01-06 03:09:00,47,68.33,28.97,37.3,3.58,1.3,1,0,179,Normal,0.0,0
2025-01-06 22:47:00,5,75.13,25.98,58.13,4.68,0.63,1,0,202,Normal,0.0,0
2025-01-21 20:33:00,44,87.52,39.66,41.15,3.66,0.86,1,0,190,Normal,0.0,0
2025-01-21 10:09:00,45,62.65,66.42,79.9,2.8,2.61,1,0,18,Normal,0.0,1
2025-01-12 20:54:00,17,54.94,58.93,56.01,1.03,4.48,1,0,221,Normal,0.0,0
2025-02-02 16:23:00,44,71.73,87.3,34.37,4.5,1.51,1,1,40,Normal,1.0,1
2025-01-21 11:17:00,7,86.99,38.46,42.55,2.99,2.84,1,0,399,Normal,0.0,0
2025-02-06 05:29:00,9,95.31,52.46,51.36,3.57,2.7,1,1,40,Normal,1.0,1
2025-02-04 23:09:00,16,74.28,81.28,74.29,3.15,1.53,1,1,4,Normal,1.0,1
2025-02-28 11:59:00,5,76.76,70.73,57.96,2.78,4.82,1,0,221,Normal,0.0,0
2025-01-27 19:32:00,4,74.46,65.24,77.05,1.09,0.63,1,0,79,Normal,0.0,0
2025-01-02 02:00:00,9,81.46,48.71,36.99,4.41,1.47,1,0,221,Normal,0.0,0
2025-01-02 20:20:00,29,80.19,43.8,32.21,1.08,4.27,0,0,126,Normal,0.0,0
2025-01-15 09:04:00,26,74.47,34.94,72.68,3.62,3.71,1,0,202,Normal,0.0,0
2025-02-21 23:10:00,2,95.03,48.73,58.79,4.59,1.38,1,1,33,Normal,1.0,1
2025-01-29 18:26:00,5,81.3,53.62,36.7,1.82,4.56,1,0,137,Normal,0.0,0
2025-01-08 16:12:00,37,59.97,24.37,79.63,3.55,1.78,1,0,53,Normal,0.0,0
2025-03-03 18:13:00,20,65.2,37.23,63.82,4.38,4.19,1,0,336,Normal,0.0,0
2025-03-01 14:05:00,26,74.95,28.98,37.4,2.68,4.55,1,0,423,Normal,0.0,0
2025-02-24 07:03:00,36,72.39,41.51,73.96,1.31,2.08,1,0,206,Normal,0.0,0
2025-03-02 16:30:00,26,66.05,55.69,38.59,2.03,2.02,0,0,265,Normal,0.0,0
2025-01-11 04:23:00,49,75.08,26.99,69.08,1.8,1.37,1,0,157,Normal,0.0,0
2025-01-07 03:52:00,22,68.94,46.38,72.6,1.11,4.2,1,0,382,Normal,0.0,0
2025-02-27 20:34:00,20,81.79,41.35,68.98,3.64,1.31,2,0,402,Overheating,0.0,1
2025-03-01 19:43:00,1,66.24,60.7,79.88,1.66,3.18,1,0,329,Normal,0.0,0
2025-01-17 18:23:00,44,63.61,42.66,79.57,3.78,2.27,1,0,65,Normal,0.0,0
2025-03-10 23:58:00,2,92.13,36.37,47.24,1.62,2.01,1,1,5,Normal,1.0,1
2025-01-25 05:17:00,13,87.7,70.57,41.19,3.93,2.97,0,0,329,Normal,0.0,0
2025-01-27 17:34:00,29,66.91,51.19,35.56,2.35,3.86,1,0,144,Normal,0.0,0
2025-02-17 20:28:00,42,86.35,43.52,56.63,3.75,2.23,0,0,189,Normal,0.0,0
2025-02-25 23:04:00,44,57.65,60.77,46.15,2.76,0.83,1,0,57,Normal,0.0,0
2025-03-09 03:13:00,27,66.8,40.35,69.16,3.71,4.22,1,0,163,Normal,0.0,0
2025-02-28 08:36:00,20,79.6,30.89,73.06,3.15,4.97,1,0,410,Normal,0.0,0
2025-03-04 09:43:00,17,68.72,55.32,42.37,3.15,4.89,1,0,103,Normal,0.0,0
2025-01-19 02:05:00,25,84.04,52.93,36.43,4.06,1.64,1,0,24,Normal,0.0,0
2025-02-12 11:01:00,3,67.94,34.29,44.02,2.63,3.19,1,0,61,Normal,0.0,0
2025-01-16 14:35:00,9,50.33,51.37,58.46,2.94,4.7,1,0,350,Normal,0.0,0
2025-03-03 00:52:00,41,67.86,56.84,60.92,4.4,2.7,1,0,40,Normal,0.0,0
2025-01-17 16:05:00,12,75.77,60.03,77.72,4.65,0.95,0,0,242,Normal,0.0,0
2025-01-04 18:36:00,42,90.41,62.18,38.12,4.61,2.12,1,1,13,Normal,1.0,1
2025-03-09 05:32:00,32,67.94,41.42,57.55,1.99,2.27,1,0,232,Normal,0.0,0
2025-02-03 11:07:00,17,81.54,64.14,69.96,3.21,1.91,1,0,448,Normal,0.0,0
2025-03-04 07:05:00,27,88.38,60.2,30.87,1.22,1.12,1,0,74,Normal,0.0,0
2025-01-11 17:32:00,35,76.93,22.41,42.94,1.42,1.7,1,0,47,Normal,0.0,0
2025-03-11 09:29:00,48,82.42,32.21,78.0,3.97,3.62,1,0,481,Normal,0.0,0
2025-01-17 11:43:00,12,82.5,72.51,61.58,2.36,2.81,1,0,69,Normal,0.0,0
2025-02-11 14:58:00,18,90.44,47.03,70.72,1.3,2.24,1,1,11,Normal,1.0,1
2025-03-06 03:43:00,27,84.2,50.56,74.41,1.6,2.88,1,0,69,Normal,0.0,0
2025-02-21 17:50:00,32,87.09,63.99,79.13,4.4,4.18,1,0,274,Normal,0.0,0
2025-01-27 21:04:00,36,60.92,60.0,40.64,1.49,3.54,1,0,173,Normal,0.0,0
2025-01-31 12:10:00,47,79.96,41.06,53.9,4.71,3.16,1,0,314,Normal,0.0,0
2025-01-11 20:54:00,5,68.1,70.53,72.21,4.4,4.14,1,0,261,Normal,0.0,0
2025-03-04 14:03:00,15,48.85,22.75,72.18,2.29,3.2,1,0,424,Normal,0.0,0
2025-02-18 20:08:00,34,88.43,37.37,39.52,4.1,3.44,1,0,45,Normal,0.0,0
2025-02-04 19:43:00,14,75.34,44.32,46.95,4.62,4.68,1,0,124,Normal,0.0,0
2025-02-02 07:35:00,49,72.82,42.34,73.51,1.64,2.21,1,0,246,Normal,0.0,0
2025-02-18 18:31:00,39,55.21,50.16,70.99,4.7,4.94,1,0,419,Normal,0.0,0
2025-01-11 05:30:00,45,83.53,54.8,69.34,2.25,4.23,1,0,477,Normal,0.0,0
2025-01-13 19:54:00,31,68.43,32.57,68.37,1.26,0.63,1,0,469,Normal,0.0,0
2025-01-11 00:29:00,4,95.9,40.01,40.96,4.77,3.13,1,1,8,Normal,1.0,1
2025-02-25 17:47:00,6,87.43,61.75,49.85,2.13,1.27,1,0,156,Normal,0.0,0
2025-02-08 19:39:00,34,74.33,66.6,67.39,1.75,1.04,1,0,235,Normal,0.0,0
2025-03-06 05:44:00,40,74.85,75.62,67.99,4.08,1.07,0,0,252,Normal,0.0,0
2025-02-10 10:40:00,17,66.6,55.25,46.0,3.09,3.09,1,0,326,Normal,0.0,0
2025-03-04 09:17:00,43,88.26,3.13,59.72,3.75,4.65,1,0,388,Normal,0.0,0
2025-02-10 14:58:00,48,57.4,28.3,56.51,3.5,3.29,1,0,199,Normal,0.0,0
2025-02-04 14:45:00,16,71.53,60.28,44.57,3.31,0.52,1,0,401,Normal,0.0,0
2025-03-09 03:14:00,30,74.89,27.21,76.97,3.41,4.23,1,0,33,Normal,0.0,0
2025-01-15 09:49:00,3,61.38,40.56,50.1,2.77,0.93,1,0,445,Normal,0.0,0
2025-03-06 12:20:00,46,66.92,44.41,72.31,2.47,4.34,1,0,489,Normal,0.0,0
2025-03-03 19:20:00,28,59.92,65.11,74.74,3.66,3.81,1,0,296,Normal,0.0,0
2025-03-03 14:53:00,42,80.21,44.82,78.9,2.68,2.55,1,0,133,Normal,0.0,0
2025-02-19 10:38:00,42,72.81,27.17,64.21,1.16,1.29,1,0,228,Normal,0.0,0
2025-02-09 23:16:00,12,66.46,71.61,36.78,1.75,0.6,2,0,103,Pressure Drop,0.0,1
2025-03-09 16:00:00,7,65.38,44.94,58.32,4.17,3.08,1,0,254,Normal,0.0,0
2025-02-25 23:24:00,12,75.52,49.63,33.16,1.53,2.58,0,0,421,Normal,0.0,0
2025-01-23 19:17:00,7,70.72,53.81,72.7,2.39,4.3,1,0,165,Normal,0.0,0
2025-02-10 17:00:00,48,85.63,52.69,78.91,1.98,4.91,1,0,47,Normal,0.0,0
2025-02-16 15:15:00,32,73.4,29.09,45.65,4.6,0.89,1,0,357,Normal,0.0,0
2025-01-18 00:01:00,3,58.57,37.37,47.22,2.36,4.29,1,0,117,Normal,0.0,0
2025-03-02 16:43:00,12,91.72,44.88,32.93,2.26,2.04,1,1,11,Normal,1.0,1
2025-02-05 19:42:00,6,71.26,79.8,65.68,3.56,1.47,1,0,405,Normal,0.0,0
2025-03-07 06:52:00,5,84.14,17.27,65.64,3.84,1.37,1,0,467,Normal,0.0,0
2025-01-11 16:34:00,48,65.76,45.17,47.62,2.04,3.32,1,0,274,Normal,0.0,0
2025-01-14 02:28:00,25,73.66,74.72,76.2,3.41,3.19,1,0,313,Normal,0.0,0
2025-02-06 22:21:00,18,65.21,40.62,75.27,3.57,4.83,1,0,469,Normal,0.0,0
2025-01-25 17:07:00,28,64.83,84.96,38.91,4.8,3.58,1,1,44,Normal,1.0,1
2025-01-18 18:09:00,9,66.64,71.48,32.54,3.68,1.72,2,0,360,Vibration Issue,0.0,1
2025-02-10 15:03:00,14,82.56,68.45,46.54,1.04,3.24,1,0,148,Normal,0.0,0
2025-02-21 10:50:00,14,85.56,41.1,43.91,4.45,3.72,2,0,387,Pressure Drop,0.0,1
2025-01-05 21:17:00,32,84.38,41.85,53.3,2.22,1.46,1,0,146,Normal,0.0,0
2025-01-07 18:23:00,6,87.44,41.03,30.77,4.85,2.49,1,0,306,Normal,0.0,0
2025-02-16 11:59:00,9,85.76,47.95,38.59,2.33,1.37,1,0,378,Normal,0.0,0
2025-02-10 00:36:00,40,70.53,46.53,46.89,3.2,0.65,2,0,351,Electrical Fault,0.0,1
2025-02-24 10:09:00,16,75.71,52.42,34.76,4.67,1.34,1,0,31,Normal,0.0,0
2025-01-25 11:32:00,36,69.57,42.82,34.33,1.26,1.35,1,0,369,Normal,0.0,0
2025-02-10 08:33:00,41,81.51,53.14,79.77,1.01,2.31,1,0,371,Normal,0.0,0
2025-02-03 05:46:00,26,62.16,50.36,34.52,2.01,1.9,1,0,244,Normal,0.0,0
2025-03-08 10:04:00,28,75.74,69.31,72.95,1.76,4.03,1,0,76,Normal,0.0,0
2025-02-20 01:42:00,46,82.57,46.33,76.81,4.36,3.53,1,0,109,Normal,0.0,0
2025-02-26 12:32:00,33,78.69,63.22,64.24,3.5,4.25,1,0,316,Normal,0.0,0
2025-01-21 04:04:00,26,70.1,11.89,43.98,4.73,1.14,1,0,287,Normal,0.0,0
2025-01-27 20:04:00,5,81.79,48.54,55.2,2.24,2.26,1,0,470,Normal,0.0,0
2025-02-03 00:44:00,13,64.85,41.49,36.19,4.35,1.59,1,0,361,Normal,0.0,0
2025-03-06 10:32:00,6,90.44,51.81,65.88,2.75,1.67,1,1,39,Normal,1.0,1
2025-02-13 10:12:00,2,83.78,64.98,59.63,4.3,0.89,1,0,246,Normal,0.0,0
2025-01-26 16:18:00,13,64.21,45.12,33.26,4.4,2.22,1,0,62,Normal,0.0,0
2025-01-05 03:49:00,40,45.04,43.08,40.86,4.63,1.21,1,0,271,Normal,0.0,0
2025-03-08 11:48:00,4,86.75,53.68,79.14,2.21,3.29,1,0,470,Normal,0.0,0
2025-02-25 02:33:00,7,71.64,55.96,63.26,1.76,3.16,1,0,158,Normal,0.0,0
2025-02-21 16:44:00,25,76.06,61.8,71.71,3.59,4.43,1,0,32,Normal,0.0,0
2025-03-05 22:08:00,39,68.23,32.5,58.91,4.57,3.77,1,0,440,Normal,0.0,0
2025-02-22 08:57:00,28,94.91,32.36,59.6,1.55,1.02,2,1,18,Normal,1.0,1
2025-02-27 05:46:00,33,73.46,38.79,59.77,3.32,1.25,1,0,14,Normal,0.0,1
2025-02-12 19:55:00,20,77.98,40.72,73.07,3.93,1.03,1,0,178,Normal,0.0,0
2025-03-02 10:42:00,42,73.59,39.67,67.66,4.34,4.04,1,0,132,Normal,0.0,0
2025-03-05 18:30:00,41,79.5,61.15,76.88,4.43,4.62,2,0,59,Vibration Issue,0.0,1
2025-03-09 16:16:00,48,66.17,36.93,51.03,4.26,2.79,1,0,55,Normal,0.0,0
2025-01-18 12:01:00,30,65.28,43.96,75.6,1.84,1.47,1,0,229,Normal,0.0,0
2025-02-10 08:27:00,18,63.37,64.71,66.63,1.25,2.12,1,0,339,Normal,0.0,0
2025-02-20 19:52:00,31,80.23,61.73,34.41,3.36,0.88,1,0,92,Normal,0.0,0
2025-01-25 06:05:00,13,67.26,62.61,41.34,4.27,3.2,1,0,91,Normal,0.0,0
2025-02-11 11:25:00,15,78.36,38.38,53.52,3.29,2.32,0,0,416,Normal,0.0,0
2025-01-30 07:56:00,45,70.38,38.27,76.55,1.49,3.19,2,0,191,Normal,0.0,1
2025-02-12 08:23:00,33,75.53,50.37,42.63,4.46,3.84,0,0,76,Normal,0.0,0
2025-02-14 17:02:00,29,63.31,45.45,78.67,1.57,0.65,1,0,28,Normal,0.0,0
2025-03-03 22:56:00,27,81.61,63.27,35.99,2.72,1.5,1,0,90,Normal,0.0,0
2025-02-06 14:58:00,2,54.95,51.37,35.78,2.4,0.66,2,0,319,Vibration Issue,0.0,1
2025-01-12 03:29:00,14,66.44,79.47,59.44,4.78,4.69,1,0,29,Normal,0.0,0
2025-02-01 18:25:00,44,77.92,51.96,61.65,3.89,4.8,1,0,350,Normal,0.0,0
2025-02-14 10:24:00,18,69.42,45.09,31.33,4.25,2.02,1,0,448,Normal,0.0,0
2025-03-10 18:47:00,13,49.33,42.21,51.98,4.76,2.79,1,0,419,Normal,0.0,0
2025-02-08 05:23:00,17,75.67,35.35,66.93,3.9,1.1,1,0,151,Normal,0.0,0
2025-01-23 05:56:00,7,82.91,72.8,79.69,1.19,4.3,1,0,146,Normal,0.0,0
2025-02-22 09:33:00,33,69.71,53.53,66.42,3.15,2.41,1,0,308,Normal,0.0,0
2025-03-06 14:51:00,2,78.58,56.07,52.6,2.18,4.42,0,0,275,Normal,0.0,0
2025-02-11 01:07:00,31,78.38,23.14,59.49,4.61,2.86,1,0,142,Normal,0.0,0
2025-02-12 01:44:00,22,65.49,81.05,64.94,4.49,4.82,1,1,31,Normal,1.0,1
2025-02-27 06:30:00,32,80.97,45.02,55.86,3.94,2.2,1,0,168,Normal,0.0,0
2025-01-29 12:42:00,36,69.86,30.54,69.77,2.31,1.04,0,0,391,Normal,0.0,0
2025-01-01 14:08:00,50,75.4,49.11,47.37,3.8,2.46,1,0,437,Normal,0.0,0
2025-01-08 23:19:00,11,65.22,37.31,36.67,2.2,2.71,1,0,47,Normal,0.0,0
2025-02-04 00:57:00,1,92.09,17.27,33.72,3.31,3.23,1,1,28,Normal,1.0,1
2025-03-05 16:27:00,5,75.01,14.87,57.78,1.82,4.22,1,0,195,Normal,0.0,0
2025-01-11 22:52:00,41,84.52,72.09,71.33,1.93,1.24,1,0,282,Normal,0.0,0
2025-01-04 15:48:00,38,80.77,83.87,32.53,1.35,4.73,1,1,9,Normal,1.0,1
2025-02-03 13:45:00,48,93.68,51.86,44.26,4.55,1.37,1,1,27,Normal,1.0,1
2025-01-18 14:55:00,19,85.68,27.74,47.12,3.19,1.85,1,0,137,Normal,0.0,0
2025-01-15 06:03:00,40,75.02,65.63,60.13,1.37,0.54,2,0,223,Pressure Drop,0.0,1
2025-02-15 08:49:00,41,70.84,57.72,69.01,2.22,4.44,1,0,299,Normal,0.0,0
2025-01-28 09:10:00,46,62.21,17.92,73.48,2.22,0.98,1,0,292,Normal,0.0,0
2025-02-07 10:49:00,21,66.75,45.71,64.92,4.31,1.74,1,0,390,Normal,0.0,0
2025-02-16 02:25:00,20,89.57,69.29,43.39,1.8,4.4,1,0,340,Normal,0.0,0
2025-02-16 11:37:00,38,81.52,33.15,66.22,4.39,2.51,1,0,434,Normal,0.0,0
2025-01-11 18:18:00,42,86.64,45.37,56.74,3.93,3.78,1,0,217,Normal,0.0,0
2025-02-25 13:06:00,40,75.87,34.74,79.41,4.75,0.55,1,0,314,Normal,0.0,0
2025-01-16 23:55:00,46,76.82,73.04,68.78,4.92,0.61,1,0,467,Normal,0.0,0
2025-01-15 04:15:00,14,91.98,43.39,55.17,2.81,2.27,2,1,47,Vibration Issue,1.0,1
2025-03-02 17:19:00,50,66.19,62.86,39.08,1.84,4.32,1,0,14,Normal,0.0,1
2025-01-10 09:47:00,48,86.58,61.29,71.41,1.28,2.53,1,0,448,Normal,0.0,0
2025-01-14 22:14:00,20,76.79,54.29,50.62,3.73,0.52,1,0,293,Normal,0.0,0
2025-01-21 16:29:00,7,84.0,37.06,56.34,2.91,2.91,1,0,187,Normal,0.0,0
2025-03-09 12:54:00,30,83.16,36.3,58.68,2.81,3.96,1,0,341,Normal,0.0,0
2025-02-05 12:15:00,11,70.8,66.61,66.64,2.66,2.06,1,0,99,Normal,0.0,0
2025-03-06 18:05:00,13,86.51,7.5,63.21,2.91,1.38,2,0,52,Overheating,0.0,1
2025-02-08 10:19:00,41,84.86,62.8,72.1,2.04,2.33,1,0,356,Normal,0.0,0
2025-02-25 00:09:00,41,67.87,45.44,53.75,2.54,1.14,1,0,416,Normal,0.0,0
2025-02-25 21:50:00,30,68.39,82.82,58.63,4.29,3.1,0,1,44,Normal,1.0,1
2025-02-10 21:52:00,27,61.18,60.78,59.4,3.97,4.77,2,0,339,Normal,0.0,1
2025-03-06 08:09:00,31,62.3,65.45,50.62,3.47,0.6,2,0,130,Vibration Issue,0.0,1
2025-02-08 19:26:00,35,62.96,45.67,67.3,3.18,0.64,2,0,152,Normal,0.0,1
2025-01-14 12:35:00,20,92.31,68.62,64.11,4.74,4.09,1,1,49,Normal,1.0,1
2025-02-15 12:07:00,4,80.72,46.99,78.54,3.05,3.1,1,0,311,Normal,0.0,0
2025-01-05 07:28:00,43,88.3,57.66,52.5,4.13,1.6,1,0,488,Normal,0.0,0
2025-02-08 19:35:00,21,66.31,47.29,67.35,1.74,3.81,2,0,299,Normal,0.0,1
2025-03-06 02:53:00,19,63.91,69.9,63.06,4.14,1.39,1,0,373,Normal,0.0,0
2025-01-12 02:08:00,34,90.64,49.02,44.07,2.93,3.09,1,1,9,Normal,1.0,1
2025-01-15 15:37:00,39,79.54,51.91,47.17,3.84,3.51,1,0,433,Normal,0.0,0
2025-02-20 08:39:00,24,75.75,64.5,55.7,4.49,3.89,1,0,168,Normal,0.0,0
2025-01-19 04:46:00,1,84.86,44.84,63.51,4.46,3.97,1,0,425,Normal,0.0,0
2025-01-18 04:44:00,6,77.33,54.9,32.5,2.23,1.18,1,0,381,Normal,0.0,0
2025-02-16 17:54:00,48,76.34,48.08,36.99,1.16,1.5,0,0,75,Normal,0.0,0
2025-03-11 02:16:00,26,68.83,53.14,66.18,3.34,3.92,1,0,166,Normal,0.0,0
2025-03-09 00:57:00,41,74.46,25.14,68.17,2.51,2.14,1,0,435,Normal,0.0,0
2025-02-16 11:36:00,17,79.34,34.51,71.17,1.17,2.18,1,0,361,Normal,0.0,0
2025-03-08 17:23:00,43,61.12,59.74,52.04,3.27,3.29,1,0,334,Normal,0.0,0
2025-01-21 09:32:00,9,89.65,43.43,36.58,3.79,2.07,1,0,154,Normal,0.0,0
2025-03-09 04:54:00,10,81.22,88.08,58.12,3.62,4.49,1,1,12,Normal,1.0,1
2025-02-06 05:23:00,26,82.5,45.32,70.71,2.92,4.51,1,0,30,Normal,0.0,0
2025-01-19 01:34:00,33,64.91,42.33,33.91,5.0,1.46,1,0,483,Normal,0.0,0
2025-03-05 09:07:00,14,87.52,51.83,49.78,1.28,2.92,1,0,475,Normal,0.0,0
2025-02-21 01:39:00,29,79.02,60.52,55.03,2.94,4.11,1,0,141,Normal,0.0,0
2025-02-15 05:36:00,42,74.75,43.67,45.04,3.52,1.92,1,0,246,Normal,0.0,0
2025-03-02 11:18:00,11,80.95,59.91,59.23,3.04,1.9,1,0,424,Normal,0.0,0
2025-01-31 16:02:00,2,86.35,28.56,71.52,4.64,3.59,1,0,104,Normal,0.0,0
2025-01-22 20:42:00,27,93.36,50.91,77.88,3.28,1.59,1,1,38,Normal,1.0,1
2025-01-15 12:32:00,15,77.52,61.55,45.49,2.69,1.12,1,0,105,Normal,0.0,0
2025-03-05 17:51:00,25,87.47,66.44,36.74,1.99,2.34,1,0,325,Normal,0.0,0
2025-02-28 03:38:00,5,81.21,50.88,54.32,2.1,1.55,1,0,72,Normal,0.0,0
2025-02-08 18:26:00,34,84.35,56.89,71.73,4.13,1.19,1,0,399,Normal,0.0,0
2025-02-17 04:36:00,19,84.36,46.61,62.03,4.36,4.38,1,0,380,Normal,0.0,0
2025-03-02 00:54:00,46,90.79,29.95,64.48,4.86,2.82,0,1,22,Normal,1.0,1
2025-01-16 19:45:00,45,70.04,37.37,42.55,3.85,2.45,1,0,217,Normal,0.0,0
2025-03-04 17:41:00,47,77.98,66.24,77.01,2.34,4.84,1,0,16,Normal,0.0,1
2025-01-15 06:36:00,7,79.68,53.45,70.11,1.88,1.16,1,0,219,Normal,0.0,0
2025-03-10 05:24:00,36,93.95,64.82,43.87,2.64,4.05,1,1,9,Normal,1.0,1
2025-02-07 13:35:00,33,77.11,50.29,57.07,1.89,0.77,1,0,153,Normal,0.0,0
2025-02-02 06:14:00,47,69.85,40.59,54.8,1.28,4.95,0,0,330,Normal,0.0,0
2025-02-23 13:09:00,39,69.68,52.09,61.71,2.94,1.65,1,0,313,Normal,0.0,0
2025-02-15 04:18:00,38,79.87,48.86,47.71,4.08,3.61,1,0,364,Normal,0.0,0
2025-03-06 17:56:00,20,52.77,31.36,51.45,2.13,4.77,1,0,299,Normal,0.0,0
2025-01-14 00:42:00,50,82.32,47.65,31.73,3.54,2.23,1,0,262,Normal,0.0,0
2025-02-19 12:04:00,16,67.59,27.03,52.92,2.25,1.77,1,0,19,Normal,0.0,1
2025-02-05 04:30:00,22,74.62,55.19,52.35,2.08,2.41,1,0,443,Normal,0.0,0
2025-02-19 00:51:00,47,66.8,38.79,41.04,1.11,1.77,1,0,172,Normal,0.0,0
2025-01-13 15:47:00,23,64.77,61.29,40.62,4.4,2.09,1,0,445,Normal,0.0,0
2025-03-10 03:27:00,30,67.22,63.06,72.44,3.46,4.99,1,0,344,Normal,0.0,0
2025-01-26 15:22:00,8,71.66,59.46,48.2,4.32,2.59,1,0,336,Normal,0.0,0
2025-02-18 15:57:00,31,77.66,56.79,36.9,2.98,0.99,1,0,416,Normal,0.0,0
2025-02-01 09:19:00,44,58.23,71.72,65.99,4.88,1.3,1,0,195,Normal,0.0,0
2025-02-11 08:40:00,4,74.21,60.24,73.54,1.46,2.75,2,0,16,Normal,0.0,1
2025-02-12 05:29:00,34,80.65,48.0,67.56,1.19,3.08,1,0,144,Normal,0.0,0
2025-02-26 03:44:00,34,76.65,56.4,33.17,4.88,0.89,1,0,413,Normal,0.0,0
2025-01-07 08:11:00,49,74.46,87.88,73.69,3.42,4.96,1,1,42,Normal,1.0,1
2025-03-09 02:18:00,28,92.97,44.09,57.67,2.42,3.79,1,1,14,Normal,1.0,1
2025-02-27 04:30:00,36,82.51,41.53,49.94,3.22,2.72,1,0,234,Normal,0.0,0
2025-01-28 01:40:00,37,74.61,16.37,60.4,2.76,3.73,1,0,432,Normal,0.0,0
2025-02-25 07:00:00,35,91.76,32.87,65.37,1.54,4.98,1,1,24,Normal,1.0,1
2025-03-04 23:05:00,18,64.76,69.64,34.25,2.09,0.71,1,0,148,Normal,0.0,0
2025-01-13 14:03:00,16,78.78,60.8,35.1,3.28,1.58,1,0,334,Normal,0.0,0
2025-02-28 23:11:00,4,64.62,58.88,52.15,2.36,2.89,1,0,44,Normal,0.0,0
2025-02-22 08:58:00,22,78.14,68.61,35.42,1.8,1.5,1,0,224,Normal,0.0,0
2025-01-11 02:14:00,29,71.47,46.57,65.82,1.75,4.81,1,0,247,Normal,0.0,0
2025-01-11 00:22:00,8,70.56,73.29,60.85,4.97,3.99,1,0,324,Normal,0.0,0
2025-03-07 10:47:00,23,78.31,38.89,39.14,1.16,4.68,1,0,374,Normal,0.0,0
2025-01-27 13:19:00,14,61.51,65.76,38.77,3.7,3.3,1,0,258,Normal,0.0,0
2025-01-08 07:22:00,36,76.64,52.58,40.03,2.83,1.44,1,0,443,Normal,0.0,0
2025-01-30 20:07:00,2,68.19,36.25,32.45,4.98,4.76,1,0,482,Normal,0.0,0
2025-02-21 14:19:00,10,78.21,56.39,61.2,1.49,1.79,1,0,430,Normal,0.0,0
2025-02-22 20:38:00,49,81.88,45.84,57.63,4.92,1.85,1,0,101,Normal,0.0,0
2025-02-25 12:35:00,44,81.6,77.61,58.36,2.21,3.67,1,0,290,Normal,0.0,0
2025-02-25 22:51:00,19,83.36,64.13,43.07,4.14,3.45,1,0,498,Normal,0.0,0
2025-03-02 04:43:00,8,100.07,53.82,38.47,1.73,4.09,1,1,16,Normal,1.0,1
2025-02-07 19:31:00,37,74.28,67.79,59.81,3.66,0.94,1,0,281,Normal,0.0,0
2025-02-21 20:49:00,10,84.54,70.95,66.43,3.28,2.08,2,0,159,Normal,0.0,1
2025-03-07 12:42:00,42,83.9,29.75,60.58,4.5,4.64,1,0,74,Normal,0.0,0
2025-02-01 15:16:00,13,63.35,29.35,63.7,1.51,3.36,1,0,159,Normal,0.0,0
2025-01-10 04:09:00,31,75.47,61.57,66.08,2.16,4.55,2,0,399,Pressure Drop,0.0,1
2025-02-25 19:44:00,24,74.62,69.15,74.86,4.11,4.06,0,0,193,Normal,0.0,0
2025-02-27 20:05:00,23,91.14,34.57,59.86,3.3,2.82,1,1,24,Normal,1.0,1
2025-01-11 18:07:00,4,74.37,68.39,79.66,1.29,4.53,1,0,198,Normal,0.0,0
2025-01-19 15:23:00,13,72.47,35.66,46.2,1.81,4.02,1,0,108,Normal,0.0,0
2025-01-14 03:31:00,1,69.81,51.52,38.17,2.55,4.54,1,0,288,Normal,0.0,0
2025-01-09 10:29:00,27,90.8,82.65,51.78,2.36,3.25,1,1,36,Normal,1.0,1
2025-02-27 16:31:00,1,82.33,38.7,41.12,1.48,4.12,0,0,49,Normal,0.0,0
2025-02-20 05:24:00,5,66.18,36.51,54.39,2.01,1.26,1,0,204,Normal,0.0,0
2025-01-04 14:51:00,18,89.29,57.01,79.98,2.18,1.8,1,0,339,Normal,0.0,0
2025-01-26 02:14:00,37,66.45,70.2,55.76,1.3,3.43,1,0,470,Normal,0.0,0
2025-02-10 18:07:00,38,77.49,56.04,67.18,4.41,4.92,1,0,243,Normal,0.0,0
2025-01-11 15:00:00,32,74.53,57.85,37.13,1.99,3.53,1,0,361,Normal,0.0,0
2025-03-05 23:44:00,43,62.47,63.37,71.63,1.15,3.91,0,0,349,Normal,0.0,0
2025-02-02 18:56:00,12,65.65,46.91,55.33,2.5,1.56,1,0,418,Normal,0.0,0
2025-03-06 21:23:00,16,71.51,57.56,74.06,4.67,4.49,1,0,495,Normal,0.0,0
2025-02-12 20:59:00,31,75.34,49.26,40.19,2.53,1.57,1,0,33,Normal,0.0,0
2025-03-05 19:03:00,27,62.37,36.23,50.03,1.11,4.42,1,0,307,Normal,0.0,0
2025-01-01 22:59:00,47,68.03,45.16,37.02,4.66,3.7,1,0,62,Normal,0.0,0
2025-03-04 10:12:00,5,58.46,64.33,71.02,1.98,3.83,1,0,247,Normal,0.0,0
2025-02-08 18:15:00,4,57.6,37.14,31.51,1.75,3.8,1,0,21,Normal,0.0,0
2025-03-06 07:00:00,47,83.63,61.4,60.08,2.56,4.23,1,0,303,Normal,0.0,0
2025-02-13 05:00:00,9,57.66,45.52,68.93,3.21,2.08,2,0,204,Vibration Issue,0.0,1
2025-02-25 03:11:00,48,88.41,72.53,50.65,3.71,3.84,1,0,70,Normal,0.0,0
2025-01-17 09:53:00,37,89.7,67.1,54.06,2.6,4.18,0,0,341,Normal,0.0,0
2025-01-26 00:52:00,41,83.16,64.93,58.46,2.21,4.59,1,0,236,Normal,0.0,0
2025-01-24 11:47:00,43,53.86,77.5,52.81,3.74,3.1,1,0,13,Normal,0.0,1
2025-03-01 10:45:00,20,87.49,63.68,45.95,1.59,2.07,1,0,230,Normal,0.0,0
2025-01-27 18:16:00,8,64.91,56.05,79.35,1.11,3.65,1,0,287,Normal,0.0,0
2025-01-06 20:28:00,50,83.89,36.14,48.56,4.39,4.17,1,0,319,Normal,0.0,0
2025-02-06 10:59:00,15,62.06,24.72,69.98,1.79,2.05,1,0,303,Normal,0.0,0
2025-01-10 02:42:00,44,66.95,55.35,40.92,3.79,2.51,1,0,78,Normal,0.0,0
2025-02-06 01:54:00,17,89.96,5.12,71.93,3.75,3.13,1,0,65,Normal,0.0,0
2025-01-25 20:03:00,10,85.87,48.55,61.76,4.18,2.94,1,0,24,Normal,0.0,0
2025-01-16 15:31:00,31,72.02,60.56,75.96,3.56,4.88,1,0,399,Normal,0.0,0
2025-02-21 01:38:00,27,73.95,56.52,49.46,2.53,4.66,1,0,401,Normal,0.0,0
2025-03-03 17:39:00,2,72.75,69.08,77.72,2.81,1.81,1,0,22,Normal,0.0,0
2025-01-24 23:22:00,6,90.59,46.4,50.9,1.99,3.15,1,1,13,Normal,1.0,1
2025-02-24 13:52:00,18,77.33,62.94,47.72,1.41,4.71,1,0,287,Normal,0.0,0
2025-03-05 12:09:00,42,63.77,14.24,56.95,3.26,0.82,1,0,327,Normal,0.0,0
2025-02-05 22:44:00,42,83.52,29.94,64.66,1.15,1.31,1,0,308,Normal,0.0,0
2025-01-30 14:01:00,16,89.1,70.32,78.59,3.0,1.6,1,0,389,Normal,0.0,0
2025-01-27 14:56:00,44,85.25,39.38,58.84,2.28,1.08,1,0,132,Normal,0.0,0
2025-01-17 05:35:00,1,69.7,42.42,36.57,1.4,4.42,2,0,273,Normal,0.0,1
2025-02-01 07:22:00,7,85.26,80.05,36.76,4.73,4.73,1,1,7,Normal,1.0,1
2025-01-19 21:51:00,21,60.08,64.74,36.98,4.9,4.28,1,0,117,Normal,0.0,0
2025-03-02 21:23:00,23,76.96,54.72,68.52,4.04,2.11,2,0,265,Overheating,0.0,1
2025-03-08 04:45:00,36,77.89,40.06,67.83,3.38,2.84,1,0,267,Normal,0.0,0
2025-01-01 03:08:00,41,80.8,48.51,73.67,3.49,2.68,1,0,413,Normal,0.0,0
2025-01-16 17:15:00,11,83.7,39.77,44.35,2.79,4.11,0,0,427,Normal,0.0,0
2025-01-09 22:16:00,11,76.76,66.64,69.77,2.1,3.11,1,0,467,Normal,0.0,0
2025-01-20 03:10:00,33,82.56,42.37,74.58,3.66,1.79,2,0,96,Normal,0.0,1
2025-02-03 10:11:00,14,76.9,32.49,36.39,1.29,2.21,0,0,222,Normal,0.0,0
2025-01-16 21:18:00,42,69.11,77.38,50.43,3.79,4.36,2,0,464,Pressure Drop,0.0,1
2025-02-09 21:37:00,2,63.7,52.1,70.97,4.08,0.67,0,0,201,Normal,0.0,0
2025-02-19 19:57:00,36,103.77,57.4,58.19,2.64,4.47,1,1,29,Normal,1.0,1
2025-02-23 23:14:00,17,72.46,47.51,67.93,1.45,4.91,1,0,361,Normal,0.0,0
2025-02-23 23:30:00,18,75.3,50.79,33.26,2.59,1.61,1,0,413,Normal,0.0,0
2025-02-01 12:33:00,47,76.24,76.85,49.19,3.8,2.57,1,0,228,Normal,0.0,0
2025-03-06 13:43:00,8,66.59,44.69,47.93,1.5,5.0,1,0,49,Normal,0.0,0
2025-01-08 16:05:00,9,72.51,52.04,32.42,2.58,2.51,2,0,337,Vibration Issue,0.0,1
2025-02-11 06:41:00,33,88.74,50.78,72.47,3.35,1.48,1,0,277,Normal,0.0,0
2025-02-05 12:56:00,6,101.51,44.7,68.23,1.54,2.63,1,1,45,Normal,1.0,1
2025-01-29 13:42:00,31,66.09,32.87,33.52,4.13,4.57,0,0,363,Normal,0.0,0
2025-02-22 10:20:00,9,75.77,36.39,39.45,2.94,1.44,1,0,340,Normal,0.0,0
2025-02-19 08:59:00,9,71.38,23.8,69.46,3.78,1.02,1,0,42,Normal,0.0,0
2025-02-27 00:35:00,46,63.98,38.51,53.21,4.93,2.96,1,0,350,Normal,0.0,0
2025-02-02 09:18:00,15,69.65,45.07,50.19,4.28,3.74,0,0,330,Normal,0.0,0
2025-02-10 01:57:00,1,84.52,29.17,54.11,1.37,0.94,1,0,203,Normal,0.0,0
2025-01-23 23:47:00,13,80.83,43.37,57.28,4.62,3.83,1,0,141,Normal,0.0,0
2025-02-19 11:30:00,33,73.0,55.38,77.1,3.39,2.44,1,0,152,Normal,0.0,0
2025-01-09 13:07:00,38,88.61,57.46,40.09,4.81,4.46,1,0,310,Normal,0.0,0
2025-03-04 16:05:00,38,58.77,25.65,42.29,1.47,4.88,1,0,55,Normal,0.0,0
2025-02-05 04:03:00,25,62.82,61.86,65.74,2.54,2.78,1,0,98,Normal,0.0,0
2025-01-22 03:14:00,3,84.76,54.08,43.48,1.33,3.6,1,0,407,Normal,0.0,0
2025-03-09 13:54:00,42,89.65,60.35,70.33,2.24,4.64,1,0,421,Normal,0.0,0
2025-01-03 03:36:00,44,72.66,41.1,36.11,2.7,1.96,1,0,478,Normal,0.0,0
2025-02-26 06:09:00,23,79.76,50.78,45.39,3.21,4.86,1,0,439,Normal,0.0,0
2025-01-30 00:55:00,48,83.27,78.82,59.8,2.46,1.67,1,0,392,Normal,0.0,0
2025-02-12 02:27:00,25,79.55,44.72,39.66,1.9,2.23,1,0,11,Normal,0.0,1
2025-02-13 07:46:00,38,76.63,40.31,56.45,3.07,3.34,1,0,432,Normal,0.0,0
2025-03-02 14:31:00,41,65.2,46.32,52.8,1.1,4.71,1,0,293,Normal,0.0,0
2025-01-01 20:39:00,23,75.74,53.64,58.47,4.79,2.94,0,0,25,Normal,0.0,0
2025-01-18 00:15:00,21,68.4,78.93,36.93,1.72,3.95,1,0,137,Normal,0.0,0
2025-02-02 14:37:00,42,75.47,69.33,66.59,1.35,4.62,1,0,221,Normal,0.0,0
2025-01-08 05:41:00,17,77.94,56.02,35.5,3.85,1.22,1,0,311,Normal,0.0,0
2025-01-22 14:12:00,22,75.27,34.58,77.78,2.0,0.93,1,0,105,Normal,0.0,0
2025-02-15 22:30:00,12,82.52,36.0,47.28,4.08,1.02,1,0,498,Normal,0.0,0
2025-03-09 00:37:00,6,89.84,40.88,47.51,4.12,2.04,1,0,251,Normal,0.0,0
2025-02-28 05:15:00,5,84.26,54.94,74.04,3.05,1.53,1,0,55,Normal,0.0,0
2025-03-09 16:52:00,38,93.5,50.71,74.7,3.83,1.87,1,1,35,Normal,1.0,1
2025-01-23 11:27:00,22,72.83,39.93,34.47,4.23,3.39,1,0,325,Normal,0.0,0
2025-01-10 14:54:00,40,82.29,19.71,66.69,3.97,3.27,1,0,412,Normal,0.0,0
2025-01-24 01:54:00,21,73.6,46.54,61.53,3.02,3.9,1,0,113,Normal,0.0,0
2025-02-06 21:26:00,12,77.67,15.18,73.52,4.73,3.08,0,0,352,Normal,0.0,0
2025-01-14 21:54:00,24,86.04,59.66,56.44,5.0,0.64,1,0,144,Normal,0.0,0
2025-01-21 22:41:00,7,81.46,41.84,36.08,4.87,2.05,1,0,426,Normal,0.0,0
2025-01-14 01:18:00,47,61.28,70.94,31.1,4.69,1.19,1,0,456,Normal,0.0,0
2025-03-07 11:45:00,43,83.56,56.89,39.77,2.24,2.09,2,0,417,Vibration Issue,0.0,1
2025-03-06 01:17:00,15,82.37,63.87,62.8,2.24,1.96,1,0,224,Normal,0.0,0
2025-02-24 08:07:00,36,97.29,52.91,43.46,2.77,1.26,1,1,8,Normal,1.0,1
2025-01-07 12:41:00,39,90.13,77.7,79.98,4.04,2.09,1,1,2,Normal,1.0,1
2025-02-15 01:33:00,7,74.99,45.99,61.85,1.14,2.61,1,0,94,Normal,0.0,0
2025-02-24 23:23:00,46,91.25,70.68,52.6,4.39,4.85,1,1,44,Normal,1.0,1
2025-01-07 14:32:00,15,69.37,38.18,48.94,1.85,4.05,2,0,60,Overheating,0.0,1
2025-03-02 20:45:00,40,61.47,38.7,42.53,1.51,3.89,1,0,383,Normal,0.0,0
2025-01-17 00:42:00,33,79.64,51.9,46.27,1.54,2.55,1,0,26,Normal,0.0,0
2025-01-12 03:35:00,26,61.74,55.15,70.76,2.56,2.39,1,0,188,Normal,0.0,0
2025-02-14 23:31:00,7,78.69,48.13,35.53,1.85,4.76,1,0,257,Normal,0.0,0
2025-02-27 20:29:00,21,74.48,42.79,71.44,3.77,1.83,1,0,211,Normal,0.0,0
2025-02-16 06:05:00,19,80.34,53.38,79.09,4.03,0.71,1,0,169,Normal,0.0,0
2025-03-10 17:29:00,7,82.08,41.16,52.76,1.19,4.33,1,0,66,Normal,0.0,0
2025-01-15 05:39:00,47,69.3,40.25,31.85,3.53,2.79,1,0,239,Normal,0.0,0
2025-02-15 10:35:00,45,78.95,65.41,30.62,2.66,0.93,1,0,113,Normal,0.0,0
2025-01-30 10:51:00,5,68.4,32.77,49.21,1.39,4.28,0,0,18,Normal,0.0,1
2025-01-11 11:00:00,19,72.95,20.45,38.67,1.15,3.38,0,0,352,Normal,0.0,0
2025-02-25 15:07:00,10,74.33,37.61,73.07,2.69,1.72,1,0,207,Normal,0.0,0
2025-03-04 01:17:00,23,66.26,58.89,42.44,1.02,1.1,2,0,449,Normal,0.0,1
2025-02-28 16:25:00,8,61.08,63.27,42.61,1.96,4.99,0,0,199,Normal,0.0,0
2025-01-24 21:29:00,43,85.22,48.02,63.88,1.11,1.59,1,0,174,Normal,0.0,0
2025-02-28 21:35:00,9,86.11,51.45,53.13,3.83,4.94,1,0,184,Normal,0.0,0
2025-02-13 00:55:00,14,57.65,34.59,67.67,1.94,4.61,1,0,112,Normal,0.0,0
2025-02-01 23:45:00,43,71.3,61.66,68.68,2.7,4.18,1,0,256,Normal,0.0,0
2025-03-02 10:34:00,2,79.97,39.97,68.33,4.46,0.66,1,0,290,Normal,0.0,0
2025-01-17 03:34:00,20,89.9,63.47,50.17,1.42,3.63,1,0,400,Normal,0.0,0
2025-01-15 05:09:00,7,74.53,42.74,79.93,1.28,0.94,1,0,91,Normal,0.0,0
2025-01-23 07:40:00,20,55.43,53.15,33.92,1.06,1.5,1,0,269,Normal,0.0,0
2025-01-16 07:37:00,6,80.54,43.43,50.03,2.35,1.23,1,0,110,Normal,0.0,0
2025-01-07 04:28:00,14,63.75,62.73,51.21,3.88,3.41,2,0,59,Overheating,0.0,1
2025-02-15 04:59:00,23,80.62,44.37,61.23,2.0,4.1,1,0,228,Normal,0.0,0
2025-01-24 06:23:00,49,60.29,47.9,72.3,2.22,2.55,1,0,61,Normal,0.0,0
2025-02-15 13:30:00,9,88.67,58.91,48.13,1.9,3.43,2,0,310,Pressure Drop,0.0,1
2025-03-07 03:34:00,4,82.73,63.13,77.36,3.75,1.89,2,0,257,Vibration Issue,0.0,1
2025-01-31 01:26:00,34,89.46,50.72,32.24,2.9,0.99,0,0,488,Normal,0.0,0
2025-02-20 10:24:00,42,57.33,54.17,51.15,1.61,4.1,1,0,142,Normal,0.0,0
2025-02-25 20:33:00,4,75.82,34.47,57.91,1.99,2.33,1,0,315,Normal,0.0,0
2025-01-18 01:12:00,50,68.78,34.16,39.68,4.06,2.63,0,0,411,Normal,0.0,0
2025-02-13 06:08:00,22,84.19,50.65,75.01,4.47,1.3,1,0,230,Normal,0.0,0
2025-01-19 11:40:00,10,84.23,57.48,68.93,2.34,0.98,1,0,88,Normal,0.0,0
2025-02-07 14:33:00,20,74.05,55.41,53.34,1.56,1.09,2,0,276,Electrical Fault,0.0,1
2025-01-08 23:14:00,40,77.34,8.8,77.39,3.49,2.22,1,0,85,Normal,0.0,0
2025-01-29 19:46:00,29,70.78,59.89,52.57,2.43,4.33,1,0,345,Normal,0.0,0
2025-02-07 11:37:00,12,76.46,33.39,64.22,4.82,1.96,0,0,319,Normal,0.0,0
2025-03-05 00:36:00,1,87.63,53.44,50.48,2.07,3.59,1,0,445,Normal,0.0,0
2025-02-17 15:32:00,43,68.14,42.3,79.03,1.93,4.34,1,0,421,Normal,0.0,0
2025-01-11 12:17:00,6,67.96,64.72,58.3,1.22,2.85,1,0,416,Normal,0.0,0
2025-03-11 03:29:00,32,87.21,71.72,40.42,3.04,4.85,1,0,489,Normal,0.0,0
2025-02-14 06:36:00,27,84.15,37.64,32.08,3.71,4.21,0,0,471,Normal,0.0,0
2025-01-23 17:02:00,38,78.65,31.58,56.24,4.38,4.73,1,0,178,Normal,0.0,0
2025-03-10 13:19:00,21,71.06,38.42,52.42,1.07,0.95,1,0,95,Normal,0.0,0
2025-02-15 21:23:00,24,71.96,37.25,74.88,3.73,1.09,0,0,331,Normal,0.0,0
2025-01-26 18:54:00,39,72.14,63.8,45.35,3.85,0.52,1,0,478,Normal,0.0,0
2025-02-03 18:50:00,20,73.4,68.96,69.79,4.26,1.47,1,0,244,Normal,0.0,0
2025-02-14 08:08:00,10,68.53,39.45,75.37,2.04,0.7,1,0,128,Normal,0.0,0
2025-01-13 03:53:00,37,77.79,39.52,72.88,2.97,4.42,1,0,329,Normal,0.0,0
2025-02-23 03:44:00,16,59.41,53.73,70.78,1.66,2.31,1,0,457,Normal,0.0,0
2025-03-06 00:55:00,48,75.89,58.75,71.29,2.71,3.2,1,0,60,Normal,0.0,0
2025-01-14 06:56:00,31,74.29,52.08,33.61,2.77,2.82,0,0,455,Normal,0.0,0
2025-02-11 22:00:00,33,63.46,91.35,40.75,1.86,1.6,1,1,11,Normal,1.0,1
2025-02-23 23:03:00,20,72.0,43.02,76.27,3.28,2.06,2,0,285,Pressure Drop,0.0,1
2025-01-23 07:45:00,48,70.07,72.25,47.22,3.0,2.48,1,0,351,Normal,0.0,0
2025-02-22 13:38:00,14,68.22,38.47,73.25,1.92,1.14,1,0,213,Normal,0.0,0
2025-01-28 10:20:00,33,84.07,24.81,74.72,1.67,2.06,1,0,279,Normal,0.0,0
2025-01-08 05:23:00,29,89.9,36.5,31.68,1.92,3.27,1,0,372,Normal,0.0,0
2025-02-07 10:14:00,50,71.87,57.79,47.85,1.99,0.88,1,0,223,Normal,0.0,0
2025-01-08 09:21:00,50,75.09,46.78,62.68,1.71,3.15,1,0,169,Normal,0.0,0
2025-03-04 19:40:00,32,58.54,48.14,72.67,3.74,0.96,1,0,189,Normal,0.0,0
2025-02-02 08:19:00,1,72.1,64.44,39.07,4.75,0.87,1,0,102,Normal,0.0,0
2025-03-07 11:08:00,5,93.25,46.69,78.81,4.68,4.97,1,1,46,Normal,1.0,1
2025-02-02 19:04:00,16,57.49,38.3,54.87,2.52,2.44,1,0,472,Normal,0.0,0
2025-02-27 19:01:00,46,80.52,15.33,72.69,3.13,1.39,1,0,391,Normal,0.0,0
2025-02-23 14:58:00,36,73.9,31.07,31.9,4.78,4.65,1,0,288,Normal,0.0,0
2025-02-18 06:17:00,30,81.51,18.65,78.57,3.52,1.78,2,0,68,Electrical Fault,0.0,1
2025-02-22 01:28:00,46,80.84,26.89,38.12,2.12,2.18,0,0,354,Normal,0.0,0
2025-01-23 23:10:00,27,81.71,57.63,63.79,2.72,0.73,1,0,256,Normal,0.0,0
2025-02-18 02:59:00,4,85.88,26.27,50.43,2.98,4.43,2,0,462,Overheating,0.0,1
2025-01-31 19:11:00,26,87.89,85.63,37.01,2.01,2.12,1,1,30,Normal,1.0,1
2025-01-24 22:19:00,22,65.0,35.54,36.54,4.11,1.6,1,0,373,Normal,0.0,0
2025-03-05 05:34:00,1,83.57,44.26,40.28,1.62,4.73,1,0,85,Normal,0.0,0
2025-01-04 21:15:00,8,87.66,59.95,43.75,2.69,4.67,1,0,219,Normal,0.0,0
2025-01-02 17:21:00,46,65.61,27.84,44.43,4.59,2.46,1,0,135,Normal,0.0,0
2025-02-27 20:42:00,9,95.87,55.41,51.53,1.99,1.65,1,1,38,Normal,1.0,1
2025-01-11 12:59:00,44,70.38,47.87,71.17,3.28,1.85,1,0,19,Normal,0.0,1
2025-01-09 02:20:00,45,79.79,44.95,56.45,1.3,4.13,1,0,73,Normal,0.0,0
2025-02-01 00:28:00,16,77.18,40.05,75.52,3.98,3.97,1,0,490,Normal,0.0,0
2025-02-15 19:17:00,47,65.35,56.64,49.95,4.18,3.27,1,0,489,Normal,0.0,0
2025-02-09 15:56:00,10,73.94,49.86,75.03,1.99,1.9,1,0,432,Normal,0.0,0
2025-01-15 15:45:00,43,75.34,57.87,41.09,4.14,1.88,0,0,142,Normal,0.0,0
2025-01-26 22:43:00,14,53.58,47.38,64.44,4.0,2.86,1,0,423,Normal,0.0,0
2025-01-30 09:47:00,26,65.44,43.91,31.75,3.56,1.69,1,0,253,Normal,0.0,0
2025-02-24 08:28:00,9,65.1,57.53,57.19,1.41,4.16,1,0,333,Normal,0.0,0
2025-02-20 16:32:00,48,78.3,19.55,78.57,2.56,4.54,1,0,32,Normal,0.0,0
2025-02-05 23:40:00,5,84.54,49.62,31.36,3.14,1.98,1,0,348,Normal,0.0,0
2025-01-06 10:32:00,12,72.71,63.2,37.53,2.42,2.81,1,0,151,Normal,0.0,0
2025-02-21 16:17:00,14,88.4,37.82,61.56,1.51,2.94,1,0,495,Normal,0.0,0
2025-01-03 19:15:00,12,49.57,48.17,45.96,4.99,2.8,0,0,489,Normal,0.0,0
2025-02-14 10:36:00,19,71.76,71.24,59.22,1.18,3.67,1,0,405,Normal,0.0,0
2025-01-26 23:31:00,21,72.8,59.19,45.07,1.26,4.0,1,0,441,Normal,0.0,0
2025-01-25 19:54:00,48,79.33,27.73,35.31,2.28,2.94,1,0,100,Normal,0.0,0
2025-01-25 18:18:00,33,56.26,47.31,47.23,3.76,3.92,1,0,433,Normal,0.0,0
2025-02-23 06:49:00,50,64.07,59.74,69.4,2.1,1.53,1,0,380,Normal,0.0,0
2025-01-22 00:03:00,14,89.51,91.97,56.77,3.99,1.19,0,1,20,Normal,1.0,1
2025-01-27 01:59:00,8,79.31,40.03,39.07,3.64,2.89,1,0,207,Normal,0.0,0
2025-03-08 18:48:00,11,66.06,41.03,55.53,3.74,4.35,1,0,316,Normal,0.0,0
2025-02-08 20:49:00,34,67.13,73.56,57.16,1.84,2.88,1,0,361,Normal,0.0,0
2025-02-01 04:12:00,42,51.78,58.78,70.98,3.17,4.98,1,0,429,Normal,0.0,0
2025-01-08 16:20:00,40,74.39,40.7,67.02,1.49,1.82,2,0,10,Vibration Issue,0.0,1
2025-02-27 18:28:00,36,81.4,55.86,44.78,3.63,4.17,1,0,186,Normal,0.0,0
2025-01-20 11:39:00,39,60.95,48.66,36.62,1.09,2.5,2,0,356,Electrical Fault,0.0,1
2025-02-04 06:56:00,2,79.8,65.8,68.07,4.33,2.75,1,0,86,Normal,0.0,0
2025-01-21 14:39:00,32,88.17,55.29,65.33,1.76,4.5,1,0,462,Normal,0.0,0
2025-01-27 13:49:00,40,82.88,80.6,48.22,3.45,3.81,1,1,4,Normal,1.0,1
2025-03-08 09:33:00,9,95.16,39.18,57.47,4.9,1.2,1,1,31,Normal,1.0,1
2025-01-09 13:15:00,19,61.69,76.4,37.43,1.24,4.59,1,0,391,Normal,0.0,0
2025-01-28 08:12:00,27,74.24,66.62,78.73,4.78,1.8,1,0,387,Normal,0.0,0
2025-01-09 22:41:00,11,70.79,48.66,49.94,4.2,1.23,1,0,360,Normal,0.0,0
2025-02-25 19:18:00,13,95.57,71.33,49.92,4.79,0.78,0,1,34,Normal,1.0,1
2025-01-23 04:07:00,24,78.41,48.42,52.83,3.75,3.78,1,0,308,Normal,0.0,0
2025-02-20 22:22:00,4,66.99,60.68,59.36,2.02,0.54,2,0,153,Pressure Drop,0.0,1
2025-02-22 11:39:00,32,70.45,39.32,63.17,3.07,2.93,1,0,444,Normal,0.0,0
2025-02-25 10:22:00,14,74.26,29.06,43.7,4.06,1.01,1,0,69,Normal,0.0,0
2025-02-04 18:46:00,15,71.31,41.74,48.77,4.92,1.21,1,0,29,Normal,0.0,0
2025-01-15 01:11:00,10,79.28,27.89,77.82,2.16,2.79,1,0,276,Normal,0.0,0
2025-01-23 08:22:00,30,75.34,46.2,67.77,1.92,2.28,1,0,326,Normal,0.0,0
2025-02-13 18:45:00,23,73.34,38.64,30.48,1.13,4.19,1,0,409,Normal,0.0,0
2025-01-18 15:13:00,25,76.21,48.29,75.22,4.41,2.93,1,0,199,Normal,0.0,0
2025-02-08 20:13:00,31,77.06,43.28,73.61,3.54,1.13,1,0,382,Normal,0.0,0
2025-01-25 03:04:00,47,76.53,42.5,63.89,4.51,3.74,1,0,272,Normal,0.0,0
2025-03-09 09:30:00,2,74.36,57.27,75.81,2.99,2.96,2,0,282,Normal,0.0,1
2025-03-09 16:55:00,7,90.79,62.06,76.95,3.97,3.37,1,1,7,Normal,1.0,1
2025-01-28 00:17:00,39,95.12,40.75,37.48,1.27,3.07,2,1,19,Overheating,1.0,1
2025-02-28 06:57:00,38,69.48,53.63,78.07,2.51,3.07,1,0,372,Normal,0.0,0
2025-02-14 10:49:00,32,64.32,13.94,32.81,1.03,2.06,0,0,366,Normal,0.0,0
2025-01-18 13:49:00,30,61.79,51.45,54.06,4.74,2.28,1,0,55,Normal,0.0,0
2025-02-25 07:15:00,37,74.9,72.15,34.04,4.94,4.49,1,0,323,Normal,0.0,0
2025-02-23 23:29:00,19,78.57,38.3,55.08,2.39,3.5,1,0,444,Normal,0.0,0
2025-01-27 05:37:00,42,96.53,44.88,53.34,1.93,4.26,1,1,33,Normal,1.0,1
2025-01-27 00:45:00,34,70.97,42.88,58.12,2.09,2.02,1,0,444,Normal,0.0,0
2025-02-17 00:20:00,4,79.41,61.52,46.63,3.05,3.29,1,0,90,Normal,0.0,0
2025-01-11 04:52:00,23,63.89,90.68,56.43,3.57,2.74,1,1,29,Normal,1.0,1
2025-02-21 18:47:00,5,81.05,36.61,43.37,2.98,1.6,2,0,96,Vibration Issue,0.0,1
2025-01-24 09:09:00,27,83.46,42.72,32.65,4.59,1.71,1,0,381,Normal,0.0,0
2025-01-02 14:04:00,1,76.06,13.11,57.11,3.34,0.88,2,0,213,Overheating,0.0,1
2025-02-26 15:05:00,35,84.95,56.68,37.56,1.71,0.86,1,0,388,Normal,0.0,0
2025-01-27 10:43:00,38,75.3,68.43,55.04,4.88,1.46,2,0,137,Vibration Issue,0.0,1
2025-03-05 19:34:00,1,86.66,55.82,75.14,1.64,3.85,1,0,360,Normal,0.0,0
2025-01-23 12:57:00,5,64.04,44.95,76.07,3.52,0.63,1,0,115,Normal,0.0,0
2025-02-04 17:55:00,50,80.13,69.75,54.47,3.23,2.21,1,0,484,Normal,0.0,0
2025-02-11 10:07:00,42,70.65,66.97,71.76,3.62,3.81,0,0,263,Normal,0.0,0
2025-01-05 22:00:00,46,73.01,54.65,49.06,3.0,0.76,1,0,128,Normal,0.0,0
2025-03-01 16:54:00,25,73.14,34.91,53.09,2.86,2.45,1,0,203,Normal,0.0,0
2025-01-10 03:43:00,44,87.77,38.7,64.47,4.04,1.79,1,0,424,Normal,0.0,0
2025-03-01 13:44:00,38,77.34,53.42,58.65,3.34,2.61,1,0,262,Normal,0.0,0
2025-02-25 16:57:00,26,65.24,63.13,48.77,4.63,1.49,0,0,66,Normal,0.0,0
2025-01-18 03:02:00,25,81.91,41.47,72.44,1.52,3.64,1,0,103,Normal,0.0,0
2025-03-03 16:36:00,15,69.92,79.38,74.31,2.83,2.45,1,0,81,Normal,0.0,0
2025-02-23 16:26:00,22,71.79,41.78,53.31,1.05,4.09,1,0,91,Normal,0.0,0
2025-01-02 20:58:00,39,75.1,28.68,74.06,4.01,0.69,1,0,214,Normal,0.0,0
2025-01-24 21:51:00,26,61.22,43.1,44.48,4.0,0.52,2,0,43,Overheating,0.0,1
2025-03-05 06:08:00,3,56.41,41.43,68.79,2.29,3.73,1,0,170,Normal,0.0,0
2025-01-13 08:31:00,41,85.69,43.13,38.67,2.88,2.73,1,0,423,Normal,0.0,0
2025-01-26 00:26:00,40,68.32,56.65,34.86,2.37,0.99,1,0,13,Normal,0.0,1
2025-01-28 23:24:00,13,83.06,57.82,55.3,4.46,1.82,1,0,205,Normal,0.0,0
2025-02-08 18:45:00,7,53.9,32.83,33.58,2.5,1.92,1,0,107,Normal,0.0,0
2025-03-07 13:58:00,20,75.59,43.64,62.35,4.23,2.57,0,0,481,Normal,0.0,0
2025-03-02 07:27:00,18,72.56,46.13,49.53,4.01,4.58,2,0,152,Vibration Issue,0.0,1
2025-01-09 01:15:00,48,65.3,46.41,77.53,4.28,3.23,1,0,381,Normal,0.0,0
2025-01-01 07:27:00,30,81.1,28.07,38.48,2.57,2.34,0,0,130,Normal,0.0,0
2025-01-14 20:01:00,14,59.04,32.24,54.76,1.89,3.88,1,0,394,Normal,0.0,0
2025-01-17 05:08:00,25,81.21,67.21,65.12,3.98,3.75,0,0,331,Normal,0.0,0
2025-02-22 06:55:00,38,76.27,21.32,48.36,2.77,0.85,1,0,69,Normal,0.0,0
2025-01-22 04:13:00,35,54.18,56.72,33.02,3.44,3.35,1,0,341,Normal,0.0,0
2025-03-03 10:48:00,26,69.46,61.82,40.28,4.9,3.11,1,0,458,Normal,0.0,0
2025-02-22 21:08:00,25,85.86,46.63,63.03,3.39,4.05,1,0,35,Normal,0.0,0
2025-01-12 12:14:00,16,81.42,48.92,65.22,1.21,4.38,1,0,94,Normal,0.0,0
2025-01-28 03:17:00,21,59.57,44.84,61.15,3.03,0.89,1,0,144,Normal,0.0,0
2025-01-27 00:29:00,2,72.09,59.49,52.51,4.02,4.71,1,0,373,Normal,0.0,0
2025-02-05 18:20:00,16,82.59,53.28,44.94,3.4,2.74,1,0,165,Normal,0.0,0
2025-01-19 13:50:00,20,71.0,52.99,31.73,4.15,2.27,1,0,453,Normal,0.0,0
2025-02-28 08:24:00,4,64.74,60.13,46.86,2.46,0.74,1,0,299,Normal,0.0,0
2025-02-11 04:01:00,4,91.82,37.04,68.27,1.31,1.71,1,1,21,Normal,1.0,1
2025-02-03 02:01:00,48,80.01,53.47,74.22,1.9,4.41,1,0,350,Normal,0.0,0
2025-01-28 15:32:00,24,70.33,34.18,53.18,4.32,4.16,1,0,364,Normal,0.0,0
2025-01-28 22:35:00,16,88.05,60.16,59.69,2.45,1.1,1,0,91,Normal,0.0,0
2025-01-19 19:59:00,20,83.38,54.91,46.33,1.41,4.87,1,0,498,Normal,0.0,0
2025-01-08 17:06:00,50,76.74,70.27,52.6,2.74,3.21,2,0,186,Vibration Issue,0.0,1
2025-02-24 20:49:00,15,87.52,69.4,60.77,1.94,4.95,1,0,254,Normal,0.0,0
2025-01-18 18:43:00,50,69.82,62.28,35.43,4.77,1.44,1,0,206,Normal,0.0,0
2025-01-01 11:55:00,20,74.57,40.96,59.8,2.79,0.95,1,0,458,Normal,0.0,0
2025-01-24 08:20:00,28,99.78,39.96,54.24,1.43,0.72,1,1,43,Normal,1.0,1
2025-03-02 02:29:00,38,86.02,83.27,55.31,1.26,4.31,1,1,1,Normal,1.0,1
2025-02-13 12:01:00,2,58.9,46.94,61.21,1.59,0.82,1,0,374,Normal,0.0,0
2025-02-08 22:14:00,38,72.87,46.32,39.74,3.68,2.79,1,0,21,Normal,0.0,0
2025-01-03 08:51:00,14,64.51,44.16,51.61,3.01,3.91,1,0,355,Normal,0.0,0
2025-02-09 00:43:00,40,68.87,48.5,77.81,4.28,2.43,1,0,279,Normal,0.0,0
2025-01-04 13:33:00,19,84.69,35.94,50.23,3.96,3.34,1,0,419,Normal,0.0,0
2025-02-18 21:06:00,31,75.4,52.08,57.57,4.25,4.46,1,0,90,Normal,0.0,0
2025-03-10 05:57:00,6,81.69,66.21,65.4,2.38,1.25,0,0,41,Normal,0.0,0
2025-01-08 10:24:00,32,75.66,40.14,67.71,4.32,1.97,1,0,10,Normal,0.0,1
2025-01-17 00:57:00,13,73.16,60.07,34.98,4.47,4.18,1,0,383,Normal,0.0,0
2025-02-05 02:38:00,28,81.32,44.19,38.44,2.33,1.38,1,0,266,Normal,0.0,0
2025-02-12 08:48:00,42,68.11,71.79,56.22,1.65,0.75,1,0,36,Normal,0.0,0
2025-02-28 05:52:00,43,81.57,62.16,49.64,4.46,3.86,2,0,429,Vibration Issue,0.0,1
2025-02-15 17:51:00,9,69.76,45.18,48.54,1.7,1.44,0,0,59,Normal,0.0,0
2025-02-13 19:00:00,25,91.42,54.19,52.39,3.0,1.71,1,1,27,Normal,1.0,1
2025-02-22 17:28:00,24,76.47,72.07,44.17,4.17,4.59,1,0,321,Normal,0.0,0
2025-01-06 08:18:00,44,65.44,49.67,59.52,1.05,1.7,1,0,358,Normal,0.0,0
2025-02-11 08:41:00,39,67.57,54.96,54.64,2.77,0.57,1,0,218,Normal,0.0,0
2025-02-20 20:53:00,36,77.77,35.1,78.71,4.0,2.66,1,0,225,Normal,0.0,0
2025-02-05 13:30:00,28,72.82,53.07,72.75,1.48,2.38,1,0,312,Normal,0.0,0
2025-02-22 12:45:00,16,78.46,58.11,76.07,3.3,0.95,1,0,59,Normal,0.0,0
2025-01-13 14:19:00,8,69.44,63.54,70.81,1.89,2.63,1,0,149,Normal,0.0,0
2025-01-07 16:17:00,24,70.11,64.7,69.84,3.98,4.66,0,0,167,Normal,0.0,0
2025-01-12 04:12:00,19,58.87,58.06,52.98,4.66,1.76,1,0,26,Normal,0.0,0
2025-01-08 23:11:00,37,76.06,54.05,41.13,3.42,3.85,1,0,397,Normal,0.0,0
2025-01-22 13:21:00,36,75.04,36.49,40.26,1.19,3.44,1,0,452,Normal,0.0,0
2025-01-17 14:07:00,49,75.25,48.48,32.68,2.77,4.68,1,0,261,Normal,0.0,0
2025-02-24 08:56:00,40,75.53,55.2,69.47,2.43,1.32,1,0,341,Normal,0.0,0
2025-01-09 03:32:00,47,78.08,78.84,47.95,3.73,4.72,1,0,345,Normal,0.0,0
2025-02-24 10:39:00,21,81.12,45.89,76.46,1.3,1.95,1,0,285,Normal,0.0,0
2025-01-03 05:03:00,34,77.46,54.21,79.41,3.58,2.53,0,0,439,Normal,0.0,0
2025-01-08 10:04:00,31,73.83,36.07,36.15,3.55,1.12,2,0,399,Pressure Drop,0.0,1
2025-01-17 13:01:00,34,64.76,53.61,34.03,2.12,4.48,1,0,465,Normal,0.0,0
2025-01-10 04:17:00,24,71.95,39.85,30.55,2.69,2.56,1,0,436,Normal,0.0,0
2025-02-15 23:04:00,39,74.49,44.89,79.74,3.83,4.11,1,0,331,Normal,0.0,0
2025-02-06 18:24:00,37,66.49,47.74,40.12,2.64,4.62,1,0,158,Normal,0.0,0
2025-02-06 04:10:00,26,67.81,22.68,44.87,4.15,3.7,1,0,183,Normal,0.0,0
2025-02-04 14:07:00,38,80.04,35.79,70.13,4.47,3.38,0,0,225,Normal,0.0,0
2025-01-26 19:35:00,31,80.33,63.72,44.03,1.04,2.41,1,0,343,Normal,0.0,0
2025-01-22 05:39:00,18,69.28,73.02,51.22,1.71,2.5,1,0,222,Normal,0.0,0
2025-01-02 08:22:00,18,70.57,22.59,43.03,4.91,2.39,1,0,109,Normal,0.0,0
2025-01-20 09:37:00,34,83.84,54.23,75.33,1.73,4.81,1,0,324,Normal,0.0,0
2025-03-06 09:18:00,41,79.49,60.69,58.62,1.96,2.03,1,0,140,Normal,0.0,0
2025-02-07 23:48:00,22,58.79,51.36,55.03,2.51,2.85,0,0,63,Normal,0.0,0
2025-02-07 23:35:00,3,71.73,36.88,31.72,1.93,4.06,1,0,74,Normal,0.0,0
2025-01-22 13:03:00,1,70.37,49.0,44.63,4.69,2.9,1,0,260,Normal,0.0,0
2025-01-13 00:12:00,46,73.93,48.18,44.29,2.71,4.58,2,0,469,Pressure Drop,0.0,1
2025-02-07 03:10:00,7,68.01,39.62,51.36,3.82,4.8,1,0,24,Normal,0.0,0
2025-02-10 15:50:00,13,83.94,61.02,52.95,1.18,0.74,0,0,415,Normal,0.0,0
2025-01-16 11:05:00,41,79.26,22.45,78.55,1.86,2.29,1,0,383,Normal,0.0,0
2025-01-30 02:20:00,22,73.33,43.19,40.94,1.02,3.99,1,0,350,Normal,0.0,0
2025-02-18 17:24:00,38,74.51,43.16,73.92,3.01,3.13,1,0,221,Normal,0.0,0
2025-01-19 23:27:00,14,112.9,29.55,32.06,3.01,4.94,1,1,12,Normal,1.0,1
2025-03-04 04:14:00,47,76.41,54.79,79.03,4.06,4.32,1,0,179,Normal,0.0,0
2025-03-01 13:03:00,39,80.2,65.9,70.97,3.84,4.12,1,0,319,Normal,0.0,0
2025-01-12 12:30:00,37,74.52,46.9,53.58,3.98,0.56,1,0,185,Normal,0.0,0
2025-02-26 14:06:00,2,66.88,38.61,72.94,3.3,2.1,1,0,168,Normal,0.0,0
2025-01-06 17:00:00,49,66.95,66.47,42.58,1.03,1.95,1,0,200,Normal,0.0,0
2025-02-26 10:04:00,21,66.19,56.63,76.32,4.15,3.32,0,0,373,Normal,0.0,0
2025-02-25 05:20:00,31,71.79,31.28,72.14,3.06,1.56,1,0,440,Normal,0.0,0
2025-02-19 17:51:00,24,68.85,56.07,52.21,3.22,2.56,1,0,268,Normal,0.0,0
2025-01-11 20:45:00,46,73.48,59.58,66.4,3.09,4.52,1,0,220,Normal,0.0,0
2025-01-22 03:34:00,21,88.93,34.08,72.62,4.43,4.01,1,0,429,Normal,0.0,0
2025-03-03 11:45:00,11,80.29,38.36,65.17,4.11,1.33,1,0,46,Normal,0.0,0
2025-02-23 16:55:00,11,83.3,52.28,60.52,3.57,3.93,2,0,315,Vibration Issue,0.0,1
2025-03-08 23:32:00,34,71.44,48.87,57.75,1.1,0.71,1,0,350,Normal,0.0,0
2025-03-06 02:29:00,17,90.06,18.6,37.96,2.69,4.1,1,1,34,Normal,1.0,1
2025-01-14 09:36:00,35,64.31,63.64,67.47,3.43,4.01,1,0,15,Normal,0.0,1
2025-01-07 12:50:00,6,74.71,59.74,73.45,1.43,3.02,2,0,359,Electrical Fault,0.0,1
2025-01-27 11:00:00,24,68.54,35.71,55.69,1.77,2.67,1,0,161,Normal,0.0,0
2025-02-22 10:29:00,50,101.06,49.77,76.62,3.24,2.13,0,1,32,Normal,1.0,1
2025-01-03 08:26:00,25,59.89,59.89,30.28,2.77,3.33,1,0,477,Normal,0.0,0
2025-02-26 11:36:00,29,69.29,38.33,56.36,3.12,3.56,0,0,95,Normal,0.0,0
2025-01-11 20:50:00,4,91.67,41.03,52.75,4.05,4.19,1,1,39,Normal,1.0,1
2025-02-21 13:26:00,12,73.84,54.61,64.36,4.67,4.29,1,0,218,Normal,0.0,0
2025-02-17 22:11:00,7,67.15,33.82,78.4,2.51,3.88,1,0,138,Normal,0.0,0
2025-02-14 15:57:00,32,70.21,40.42,74.39,2.74,2.64,1,0,321,Normal,0.0,0
2025-02-13 06:26:00,48,81.76,61.26,53.36,2.47,4.17,1,0,287,Normal,0.0,0
2025-02-15 02:56:00,43,91.66,46.3,30.09,2.72,0.67,1,1,20,Normal,1.0,1
2025-01-03 12:44:00,29,82.14,63.62,65.37,3.85,2.82,2,0,348,Normal,0.0,1
2025-02-20 05:37:00,40,71.53,63.16,56.88,3.94,3.63,0,0,486,Normal,0.0,0
2025-01-16 00:16:00,13,69.68,61.8,67.09,4.55,3.56,1,0,495,Normal,0.0,0
2025-01-27 16:22:00,31,63.31,63.74,45.23,2.56,0.72,1,0,45,Normal,0.0,0
2025-02-09 18:12:00,8,78.08,39.01,34.91,2.39,2.82,1,0,381,Normal,0.0,0
2025-03-05 03:16:00,8,64.83,74.77,35.07,2.23,3.65,1,0,344,Normal,0.0,0
2025-01-10 09:49:00,42,87.71,66.81,78.81,4.08,2.39,1,0,18,Normal,0.0,1
2025-02-20 14:46:00,27,82.53,69.99,58.0,1.27,3.77,1,0,11,Normal,0.0,1
2025-01-17 22:45:00,4,67.74,57.24,72.82,2.62,1.09,1,0,213,Normal,0.0,0
2025-02-20 02:04:00,24,83.33,53.93,72.02,4.24,4.26,1,0,175,Normal,0.0,0
2025-02-11 22:29:00,36,71.99,60.03,64.36,4.57,1.5,1,0,154,Normal,0.0,0
2025-01-25 11:13:00,19,71.1,30.31,72.62,3.4,0.79,1,0,124,Normal,0.0,0
2025-02-11 02:20:00,34,68.22,60.72,30.99,4.01,3.21,2,0,177,Overheating,0.0,1
2025-02-17 11:07:00,3,75.35,45.1,30.07,3.17,2.24,1,0,268,Normal,0.0,0
2025-01-28 05:05:00,8,82.92,64.91,36.92,2.86,3.25,1,0,113,Normal,0.0,0
2025-02-26 13:17:00,30,81.88,43.6,64.19,2.63,2.07,1,0,85,Normal,0.0,0
2025-01-03 11:55:00,1,81.82,44.1,58.98,3.19,1.19,1,0,95,Normal,0.0,0
2025-02-17 04:17:00,26,84.51,56.78,40.75,1.41,4.82,1,0,491,Normal,0.0,0
2025-02-14 12:59:00,31,78.84,56.36,44.28,1.55,2.05,1,0,282,Normal,0.0,0
2025-03-06 00:49:00,8,81.59,72.22,78.31,1.49,3.85,1,0,56,Normal,0.0,0
2025-01-06 11:42:00,50,76.2,64.68,75.4,3.3,4.19,1,0,328,Normal,0.0,0
2025-01-04 04:50:00,49,79.95,64.23,55.99,2.78,1.06,1,0,143,Normal,0.0,0
2025-01-19 08:46:00,47,98.5,30.66,40.7,3.81,3.33,0,1,9,Normal,1.0,1
2025-02-23 17:06:00,15,74.23,31.7,69.64,1.24,2.97,1,0,36,Normal,0.0,0
2025-01-14 23:52:00,38,71.8,32.83,57.66,2.93,1.47,1,0,13,Normal,0.0,1
2025-03-02 16:17:00,9,82.01,50.54,37.48,1.93,2.65,1,0,42,Normal,0.0,0
2025-01-29 17:54:00,37,82.84,58.74,56.57,4.63,3.05,2,0,73,Vibration Issue,0.0,1
2025-01-14 06:42:00,1,63.68,34.13,58.92,4.36,2.37,1,0,274,Normal,0.0,0
2025-02-09 14:36:00,46,84.71,60.71,64.41,4.23,1.23,1,0,39,Normal,0.0,0
2025-01-09 18:48:00,48,85.04,28.22,75.4,3.13,2.52,0,0,307,Normal,0.0,0
2025-02-24 17:02:00,38,83.19,51.06,44.41,4.09,2.87,1,0,221,Normal,0.0,0
2025-01-15 18:42:00,36,72.97,85.15,42.63,4.5,1.1,0,1,33,Normal,1.0,1
2025-02-12 17:07:00,37,79.54,23.23,42.19,3.08,1.96,1,0,115,Normal,0.0,0
2025-01-08 15:15:00,16,81.83,43.59,77.87,1.79,4.09,1,0,266,Normal,0.0,0
2025-02-17 01:54:00,26,67.9,36.59,56.22,2.55,4.7,1,0,66,Normal,0.0,0
2025-02-23 05:15:00,18,74.4,50.73,35.26,4.79,1.76,2,0,232,Vibration Issue,0.0,1
2025-03-07 13:57:00,22,79.35,67.37,76.68,1.67,4.27,1,0,101,Normal,0.0,0
2025-03-04 17:40:00,3,85.28,50.4,68.75,1.37,1.02,0,0,85,Normal,0.0,0
2025-02-02 18:48:00,7,79.15,46.7,51.13,1.13,3.59,1,0,82,Normal,0.0,0
2025-02-24 18:35:00,33,72.72,54.97,73.41,4.78,1.27,1,0,325,Normal,0.0,0
2025-02-21 00:47:00,22,65.13,44.99,56.14,4.58,1.21,0,0,61,Normal,0.0,0
2025-03-08 19:43:00,22,67.2,19.75,78.48,1.86,2.09,1,0,429,Normal,0.0,0
2025-02-11 08:17:00,42,69.08,55.64,43.94,4.81,3.15,1,0,18,Normal,0.0,1
2025-03-09 01:57:00,2,72.64,52.63,72.82,3.96,3.52,1,0,464,Normal,0.0,0
2025-01-21 22:25:00,21,66.25,67.87,39.69,4.21,0.61,1,0,446,Normal,0.0,0
2025-02-11 04:45:00,49,92.42,44.57,54.88,2.52,4.61,1,1,12,Normal,1.0,1
2025-03-09 19:37:00,46,81.95,55.03,34.73,3.45,4.61,1,0,217,Normal,0.0,0
2025-02-06 03:39:00,22,95.06,50.71,40.25,4.63,3.13,0,1,8,Normal,1.0,1
2025-01-14 19:42:00,29,89.15,33.5,31.89,1.98,1.88,1,0,435,Normal,0.0,0
2025-03-05 13:37:00,10,78.59,66.77,38.79,2.5,1.59,2,0,202,Normal,0.0,1
2025-03-08 18:13:00,13,88.59,49.36,77.52,1.85,2.04,2,0,153,Vibration Issue,0.0,1
2025-01-21 15:28:00,37,79.25,43.73,37.17,2.59,2.59,1,0,100,Normal,0.0,0
2025-01-25 07:33:00,19,65.54,64.73,56.08,2.47,3.51,1,0,320,Normal,0.0,0
2025-02-10 21:42:00,17,83.08,37.12,63.0,2.55,2.65,1,0,378,Normal,0.0,0
2025-02-14 12:48:00,46,82.53,46.39,30.59,4.73,0.94,1,0,266,Normal,0.0,0
2025-01-23 06:17:00,12,81.48,6.82,60.05,1.57,0.62,2,0,260,Vibration Issue,0.0,1
2025-02-12 02:37:00,4,66.87,38.68,42.78,2.44,2.89,1,0,77,Normal,0.0,0
2025-02-26 21:14:00,21,65.19,42.8,44.97,1.83,1.09,1,0,256,Normal,0.0,0
2025-01-27 19:20:00,20,94.26,38.22,59.97,1.93,4.97,1,1,7,Normal,1.0,1
2025-01-16 12:16:00,31,80.46,55.34,44.07,2.39,1.02,1,0,274,Normal,0.0,0
2025-03-03 19:21:00,48,50.31,39.46,64.33,1.24,1.26,2,0,98,Normal,0.0,1
2025-02-17 00:39:00,13,86.05,45.75,62.82,2.42,3.15,1,0,371,Normal,0.0,0
2025-03-03 15:12:00,43,63.18,48.39,47.33,3.19,4.22,1,0,174,Normal,0.0,0
2025-01-17 09:18:00,33,77.56,18.44,48.24,3.49,1.61,2,0,473,Pressure Drop,0.0,1
2025-02-07 04:16:00,1,79.23,62.15,53.74,2.78,3.43,1,0,268,Normal,0.0,0
2025-02-03 07:40:00,45,76.17,49.96,43.42,2.25,4.95,0,0,455,Normal,0.0,0
2025-01-01 13:01:00,22,69.13,24.3,79.73,3.95,3.19,0,0,174,Normal,0.0,0
2025-01-22 06:36:00,21,60.41,66.8,52.06,1.57,3.64,1,0,383,Normal,0.0,0
2025-03-02 07:40:00,7,84.57,42.02,64.83,4.11,1.15,1,0,308,Normal,0.0,0
2025-03-06 13:24:00,3,64.7,49.06,77.89,4.26,2.52,1,0,194,Normal,0.0,0
2025-02-11 08:33:00,33,74.58,47.54,73.49,1.89,4.95,1,0,222,Normal,0.0,0
2025-03-05 05:45:00,46,73.33,54.99,35.77,3.79,0.63,1,0,224,Normal,0.0,0
2025-02-09 07:50:00,21,60.72,25.97,75.46,1.04,2.91,1,0,442,Normal,0.0,0
2025-02-04 16:22:00,3,86.77,73.08,52.34,2.46,0.92,1,0,418,Normal,0.0,0
2025-01-24 07:07:00,17,74.89,37.51,48.23,3.53,2.36,0,0,408,Normal,0.0,0
2025-03-09 02:20:00,49,80.19,60.76,54.65,4.58,0.77,1,0,76,Normal,0.0,0
2025-03-03 08:04:00,10,83.51,40.47,52.8,3.84,4.54,1,0,71,Normal,0.0,0
2025-01-04 13:53:00,25,76.53,73.14,73.59,2.1,1.61,1,0,251,Normal,0.0,0
2025-01-21 20:29:00,10,62.71,63.64,45.69,3.51,2.16,1,0,25,Normal,0.0,0
2025-01-30 03:43:00,45,68.37,50.95,45.8,2.53,4.87,1,0,367,Normal,0.0,0
2025-01-26 09:51:00,23,84.88,50.33,60.87,4.45,3.81,1,0,98,Normal,0.0,0
2025-03-10 20:46:00,40,69.95,51.94,79.09,2.55,2.32,1,0,272,Normal,0.0,0
2025-02-01 00:41:00,50,65.77,36.38,57.53,2.57,4.53,2,0,329,Overheating,0.0,1
2025-02-07 22:52:00,44,78.83,30.86,32.71,3.62,4.39,1,0,65,Normal,0.0,0
2025-02-24 19:43:00,16,72.82,50.18,38.02,2.84,3.93,0,0,52,Normal,0.0,0
2025-01-31 09:05:00,33,83.27,68.65,34.21,3.45,4.74,2,0,99,Electrical Fault,0.0,1
2025-03-01 05:32:00,13,78.01,37.22,64.59,1.17,2.11,1,0,242,Normal,0.0,0
2025-02-04 13:45:00,43,76.77,79.43,35.19,1.4,1.43,1,0,405,Normal,0.0,0
2025-03-09 18:02:00,37,48.7,32.45,79.1,2.85,4.0,1,0,41,Normal,0.0,0
2025-02-25 11:53:00,20,60.21,58.3,63.57,3.1,2.76,1,0,374,Normal,0.0,0
2025-03-09 00:30:00,49,81.63,49.77,35.38,1.62,4.86,2,0,440,Electrical Fault,0.0,1
2025-01-03 06:16:00,21,79.5,70.42,66.86,3.73,1.46,1,0,162,Normal,0.0,0
2025-02-23 22:55:00,50,75.55,66.59,48.11,4.03,1.11,1,0,153,Normal,0.0,0
2025-01-13 15:10:00,14,73.7,46.47,79.35,3.25,2.5,1,0,258,Normal,0.0,0
2025-01-11 21:22:00,19,84.51,72.08,37.99,3.05,4.31,1,0,322,Normal,0.0,0
2025-03-01 04:49:00,26,62.06,44.46,44.25,3.03,0.6,1,0,282,Normal,0.0,0
2025-01-05 09:32:00,27,74.65,53.47,37.48,3.94,3.48,1,0,289,Normal,0.0,0
2025-01-11 17:31:00,27,75.26,44.55,59.25,3.89,4.6,1,0,358,Normal,0.0,0
2025-01-28 19:32:00,40,69.49,35.41,30.95,4.42,4.73,1,0,42,Normal,0.0,0
2025-01-01 21:16:00,50,69.92,58.59,62.11,3.17,3.1,1,0,321,Normal,0.0,0
2025-01-31 19:42:00,7,76.95,30.93,40.01,3.99,3.15,1,0,42,Normal,0.0,0
2025-01-27 08:33:00,27,74.51,45.36,79.1,4.17,1.29,2,0,161,Overheating,0.0,1
2025-02-09 17:17:00,17,75.99,47.01,53.39,2.44,3.41,1,0,191,Normal,0.0,0
2025-01-23 01:06:00,3,71.07,41.01,75.09,3.2,4.64,1,0,467,Normal,0.0,0
2025-01-22 09:14:00,36,79.12,44.18,78.67,4.14,1.27,1,0,459,Normal,0.0,0
2025-02-20 06:44:00,13,81.77,44.96,73.48,2.92,1.4,0,0,372,Normal,0.0,0
2025-02-09 16:02:00,9,82.93,52.06,55.47,4.28,1.16,1,0,482,Normal,0.0,0
2025-03-05 13:57:00,5,73.0,55.06,69.54,2.05,3.16,1,0,473,Normal,0.0,0
2025-03-04 04:43:00,18,76.4,23.07,72.46,1.42,0.58,1,0,494,Normal,0.0,0
2025-01-20 11:22:00,4,61.42,36.09,77.34,1.63,3.08,1,0,169,Normal,0.0,0
2025-01-17 09:34:00,14,70.56,61.48,67.96,2.07,3.88,2,0,60,Vibration Issue,0.0,1
2025-01-12 21:09:00,21,67.22,79.11,34.89,4.49,0.89,0,0,47,Normal,0.0,0
2025-01-01 04:50:00,48,78.93,26.86,35.85,4.19,3.5,0,0,468,Normal,0.0,0
2025-03-09 04:45:00,10,63.71,81.86,33.4,1.92,4.13,2,1,23,Vibration Issue,1.0,1
2025-01-08 18:39:00,27,73.06,63.95,76.5,1.7,2.29,1,0,367,Normal,0.0,0
2025-01-14 20:12:00,13,72.8,47.24,54.52,3.04,1.02,1,0,58,Normal,0.0,0
2025-02-22 08:20:00,1,81.8,58.18,49.38,2.3,2.69,1,0,486,Normal,0.0,0
2025-01-05 18:04:00,47,87.27,22.35,75.08,3.0,1.19,1,0,315,Normal,0.0,0
2025-01-10 22:40:00,12,77.03,8.04,64.56,1.26,0.6,1,0,450,Normal,0.0,0
2025-01-03 03:39:00,24,81.39,61.58,65.5,4.6,3.44,1,0,34,Normal,0.0,0
2025-01-24 23:08:00,11,94.83,53.17,63.26,3.9,0.51,1,1,7,Normal,1.0,1
2025-01-29 05:41:00,16,76.49,41.07,37.79,1.55,2.52,1,0,362,Normal,0.0,0
2025-02-11 07:57:00,9,46.25,67.8,56.46,3.63,0.65,1,0,250,Normal,0.0,0
2025-01-16 16:29:00,46,63.31,51.85,57.77,1.03,1.56,2,0,478,Normal,0.0,1
2025-02-17 22:31:00,40,74.8,-0.2,76.26,1.39,2.06,1,0,292,Normal,0.0,0
2025-02-09 15:32:00,8,68.64,40.25,49.67,2.25,2.76,1,0,320,Normal,0.0,0
2025-02-08 09:30:00,47,86.73,13.27,57.61,2.98,1.46,1,0,195,Normal,0.0,0
2025-01-27 15:37:00,29,81.3,51.2,73.62,2.69,3.73,0,0,78,Normal,0.0,0
2025-02-21 22:38:00,20,76.2,58.25,73.66,2.71,3.87,1,0,98,Normal,0.0,0
2025-02-17 06:42:00,12,87.69,63.69,37.16,4.48,2.9,2,0,216,Vibration Issue,0.0,1
2025-03-10 05:47:00,44,88.93,20.68,53.3,2.13,2.82,1,0,72,Normal,0.0,0
2025-01-22 18:37:00,13,85.81,62.36,60.64,1.58,3.96,0,0,211,Normal,0.0,0
2025-02-14 22:31:00,37,72.21,51.62,56.24,4.26,0.98,1,0,498,Normal,0.0,0
2025-03-01 13:31:00,50,57.79,30.88,46.75,2.76,2.86,1,0,382,Normal,0.0,0
2025-01-15 00:50:00,6,71.27,44.19,75.53,3.7,4.81,1,0,102,Normal,0.0,0
2025-02-09 20:14:00,48,89.65,68.35,79.28,1.02,1.69,2,0,418,Pressure Drop,0.0,1
2025-02-21 22:30:00,26,73.95,36.28,52.23,1.81,2.71,2,0,46,Vibration Issue,0.0,1
2025-01-03 18:24:00,39,50.46,54.87,56.99,2.25,1.06,0,0,275,Normal,0.0,0
2025-01-03 10:35:00,29,89.59,57.01,73.84,3.29,4.27,1,0,324,Normal,0.0,0
2025-01-19 19:26:00,29,86.08,56.1,79.64,2.21,4.51,0,0,42,Normal,0.0,0
2025-01-09 18:29:00,36,77.99,57.3,60.05,3.26,4.48,1,0,314,Normal,0.0,0
2025-02-08 21:20:00,32,68.21,61.89,55.65,5.0,3.64,1,0,129,Normal,0.0,0
2025-03-04 21:17:00,14,72.2,44.76,73.45,4.51,2.45,1,0,438,Normal,0.0,0
2025-02-19 08:28:00,23,81.99,46.26,59.85,1.86,1.92,1,0,390,Normal,0.0,0
2025-01-27 06:47:00,32,72.6,57.82,57.21,1.41,3.22,1,0,370,Normal,0.0,0
2025-01-11 09:38:00,37,77.09,82.82,57.76,3.07,3.83,1,1,14,Normal,1.0,1
2025-02-06 02:32:00,25,78.1,63.3,35.14,1.74,2.64,1,0,362,Normal,0.0,0
2025-02-07 22:37:00,2,60.17,36.52,35.04,2.5,3.86,1,0,110,Normal,0.0,0
2025-03-01 17:56:00,20,66.6,54.67,55.19,2.47,2.08,1,0,296,Normal,0.0,0
2025-01-18 02:14:00,48,78.07,33.2,49.9,1.15,3.63,1,0,38,Normal,0.0,0
2025-02-27 22:27:00,11,70.2,68.84,53.6,4.0,2.58,1,0,460,Normal,0.0,0
2025-01-02 19:21:00,35,98.88,80.89,70.89,1.4,2.49,1,1,26,Normal,1.0,1
2025-03-02 17:14:00,15,95.66,46.65,50.8,4.63,0.95,1,1,48,Normal,1.0,1
2025-03-03 08:57:00,3,66.72,53.64,71.37,1.31,4.47,1,0,262,Normal,0.0,0
2025-01-22 23:20:00,11,107.33,70.6,53.65,4.82,3.11,1,1,8,Normal,1.0,1
2025-02-23 00:21:00,46,80.23,75.74,55.5,1.24,1.69,1,0,415,Normal,0.0,0
2025-01-10 10:28:00,8,84.2,66.02,50.96,4.25,0.71,1,0,20,Normal,0.0,0
2025-01-26 05:51:00,16,62.48,63.11,79.04,1.68,2.08,1,0,406,Normal,0.0,0
2025-01-13 11:26:00,17,76.7,26.88,42.81,2.39,4.75,0,0,350,Normal,0.0,0
2025-01-17 12:04:00,16,89.83,49.58,71.23,1.34,3.29,1,0,293,Normal,0.0,0
2025-02-26 07:06:00,16,83.22,61.05,76.93,1.68,4.25,2,0,302,Vibration Issue,0.0,1
2025-02-26 02:07:00,22,75.59,36.92,47.87,4.39,3.2,1,0,63,Normal,0.0,0
2025-01-02 16:13:00,24,71.04,80.8,46.24,3.52,2.95,1,1,28,Normal,1.0,1
2025-01-17 20:06:00,20,95.74,64.16,77.75,1.27,1.15,1,1,1,Normal,1.0,1
2025-03-11 03:49:00,13,71.92,36.67,44.9,3.91,2.0,1,0,349,Normal,0.0,0
2025-02-07 17:21:00,40,76.33,53.16,38.33,4.92,3.93,1,0,96,Normal,0.0,0
2025-02-14 23:22:00,27,84.07,38.22,51.21,4.41,2.9,2,0,409,Vibration Issue,0.0,1
2025-02-17 00:00:00,16,74.97,51.45,41.92,3.37,2.58,1,0,97,Normal,0.0,0
2025-02-13 11:16:00,6,72.85,51.23,33.55,1.13,2.62,1,0,385,Normal,0.0,0
2025-01-05 00:18:00,45,83.43,49.23,65.17,2.37,4.56,1,0,117,Normal,0.0,0
2025-01-19 11:52:00,29,85.76,33.81,56.12,1.76,2.89,0,0,255,Normal,0.0,0
2025-02-15 13:55:00,26,75.83,28.14,70.14,2.86,2.19,1,0,143,Normal,0.0,0
2025-03-07 12:25:00,21,72.87,60.31,66.65,3.48,0.68,1,0,55,Normal,0.0,0
2025-01-01 14:11:00,30,74.38,46.71,76.98,3.78,3.82,1,0,105,Normal,0.0,0
2025-03-05 19:55:00,32,81.0,52.75,40.62,3.91,4.3,1,0,96,Normal,0.0,0
2025-02-15 07:34:00,48,76.95,34.91,68.39,2.88,1.43,1,0,472,Normal,0.0,0
2025-03-10 04:35:00,3,83.64,60.06,52.6,4.86,1.98,1,0,495,Normal,0.0,0
2025-01-02 18:16:00,17,87.79,67.55,45.25,2.8,4.64,1,0,230,Normal,0.0,0
2025-01-21 11:23:00,42,68.72,60.65,78.22,1.89,1.01,2,0,344,Pressure Drop,0.0,1
2025-02-19 00:34:00,49,67.21,57.71,56.3,2.06,2.05,1,0,357,Normal,0.0,0
2025-01-12 16:08:00,9,72.89,39.95,34.68,4.76,4.93,1,0,327,Normal,0.0,0
2025-01-07 08:32:00,12,89.17,57.47,62.45,1.14,1.71,2,0,246,Normal,0.0,1
2025-02-12 13:57:00,25,76.22,61.59,68.67,2.06,2.75,1,0,192,Normal,0.0,0
2025-02-08 03:30:00,40,67.34,63.97,46.29,4.91,2.67,1,0,479,Normal,0.0,0
2025-03-09 08:38:00,33,71.14,36.64,78.71,3.5,2.36,1,0,386,Normal,0.0,0
2025-01-31 07:09:00,2,59.32,55.11,75.32,1.19,4.26,1,0,495,Normal,0.0,0
2025-01-27 12:25:00,49,58.5,44.57,62.83,1.01,1.03,1,0,467,Normal,0.0,0
2025-01-27 10:26:00,9,63.23,47.68,75.37,1.94,0.81,1,0,126,Normal,0.0,0
2025-02-20 03:16:00,10,71.38,47.72,67.43,2.42,1.75,1,0,484,Normal,0.0,0
2025-01-18 15:20:00,11,85.96,42.09,64.0,1.56,2.23,1,0,341,Normal,0.0,0
2025-02-07 10:45:00,37,84.37,49.22,48.32,3.41,4.64,1,0,264,Normal,0.0,0
2025-02-07 18:43:00,42,93.65,71.24,55.23,4.53,3.4,1,1,49,Normal,1.0,1
2025-02-08 10:54:00,42,73.58,70.31,40.11,3.83,3.75,1,0,164,Normal,0.0,0
2025-02-26 10:22:00,2,80.04,66.17,45.16,4.48,3.83,1,0,37,Normal,0.0,0
2025-02-02 13:25:00,50,75.32,32.1,69.04,3.72,2.53,1,0,389,Normal,0.0,0
2025-03-11 08:12:00,47,65.02,35.88,51.21,2.88,0.53,0,0,324,Normal,0.0,0
2025-01-14 06:10:00,41,76.34,49.87,74.47,4.73,3.45,1,0,113,Normal,0.0,0
2025-01-07 12:06:00,24,91.3,74.94,70.26,4.61,1.08,1,1,46,Normal,1.0,1
2025-01-11 03:21:00,7,85.63,31.57,73.72,1.85,0.98,1,0,482,Normal,0.0,0
2025-03-09 22:21:00,37,81.45,23.59,67.02,3.61,2.48,1,0,56,Normal,0.0,0
2025-02-13 14:03:00,16,77.13,27.95,71.58,2.21,4.85,1,0,409,Normal,0.0,0
2025-02-14 03:52:00,41,68.03,34.79,71.61,2.71,3.22,1,0,354,Normal,0.0,0
2025-02-08 01:02:00,17,94.52,52.92,40.25,3.88,2.98,1,1,12,Normal,1.0,1
2025-02-23 00:58:00,20,81.86,41.24,35.62,1.59,1.16,1,0,278,Normal,0.0,0
2025-02-12 16:08:00,47,68.72,70.61,40.88,4.65,1.37,1,0,130,Normal,0.0,0
2025-03-06 18:51:00,19,69.34,79.28,59.39,1.9,1.99,1,0,145,Normal,0.0,0
2025-02-04 02:00:00,36,76.99,49.19,42.68,4.36,3.87,1,0,223,Normal,0.0,0
2025-01-11 11:48:00,4,87.2,36.3,67.85,1.56,2.85,1,0,104,Normal,0.0,0
2025-02-13 16:16:00,47,81.67,49.36,60.44,3.39,1.69,2,0,230,Normal,0.0,1
2025-01-03 02:33:00,33,74.82,62.41,65.87,3.04,3.88,1,0,11,Normal,0.0,1
2025-01-26 21:46:00,41,65.01,60.63,36.44,4.46,2.51,1,0,331,Normal,0.0,0
2025-03-10 19:58:00,16,88.29,45.01,73.69,3.75,2.06,1,0,247,Normal,0.0,0
2025-01-12 02:01:00,2,88.21,36.11,41.1,4.66,3.7,1,0,309,Normal,0.0,0
2025-01-08 12:55:00,15,84.21,57.11,56.17,1.79,0.65,1,0,409,Normal,0.0,0
2025-02-15 17:17:00,1,77.63,24.95,79.46,3.28,0.86,1,0,409,Normal,0.0,0
2025-01-16 10:20:00,10,78.57,45.53,75.03,1.52,3.47,0,0,382,Normal,0.0,0
2025-02-08 04:03:00,41,87.16,37.23,41.55,4.77,1.89,1,0,465,Normal,0.0,0
2025-02-26 10:36:00,34,57.23,44.37,58.49,2.22,3.55,1,0,44,Normal,0.0,0
2025-01-25 23:48:00,25,99.91,17.81,77.65,3.78,0.59,1,1,45,Normal,1.0,1
2025-02-16 18:41:00,35,67.6,48.17,39.15,4.65,2.72,1,0,17,Normal,0.0,1
2025-01-13 14:26:00,39,77.51,70.75,59.04,4.68,1.33,1,0,337,Normal,0.0,0
2025-02-12 08:11:00,20,85.64,56.74,32.21,3.48,4.66,1,0,324,Normal,0.0,0
2025-02-14 11:04:00,7,79.1,41.82,71.3,2.17,4.97,1,0,143,Normal,0.0,0
2025-03-10 20:45:00,47,73.2,46.68,42.03,2.16,1.01,1,0,125,Normal,0.0,0
2025-01-03 07:57:00,23,87.8,51.06,47.01,2.7,3.75,1,0,234,Normal,0.0,0
2025-02-18 15:39:00,20,76.5,74.52,70.53,2.72,1.53,1,0,461,Normal,0.0,0
2025-01-12 16:43:00,22,90.43,28.63,77.81,3.95,4.33,1,1,48,Normal,1.0,1
2025-01-13 19:35:00,18,68.49,49.75,54.86,4.38,1.89,1,0,438,Normal,0.0,0
2025-01-14 14:23:00,49,90.77,47.53,49.4,1.11,3.53,1,1,8,Normal,1.0,1
2025-02-26 05:24:00,43,72.13,43.95,37.4,1.16,4.31,1,0,98,Normal,0.0,0
2025-03-03 05:23:00,27,65.0,44.45,60.27,1.25,4.33,2,0,276,Pressure Drop,0.0,1
2025-03-08 22:32:00,36,70.0,78.25,60.0,2.51,2.87,1,0,117,Normal,0.0,0
2025-01-05 21:47:00,47,52.31,43.56,32.31,4.0,4.13,1,0,190,Normal,0.0,0
2025-02-04 03:23:00,24,72.13,78.61,48.72,3.15,4.25,1,0,317,Normal,0.0,0
2025-02-21 11:03:00,19,53.44,38.34,51.3,1.85,4.92,1,0,175,Normal,0.0,0
2025-01-31 23:44:00,3,77.28,79.01,74.23,1.84,1.54,1,0,391,Normal,0.0,0
2025-01-15 20:22:00,18,83.39,46.89,32.91,2.52,3.34,1,0,442,Normal,0.0,0
2025-01-27 07:04:00,16,75.72,60.42,76.57,4.42,2.12,1,0,200,Normal,0.0,0
2025-02-02 23:11:00,44,65.33,58.66,71.07,2.01,4.83,2,0,34,Overheating,0.0,1
2025-01-06 10:40:00,50,80.57,77.74,71.29,4.34,4.29,1,0,365,Normal,0.0,0
2025-02-07 17:37:00,16,87.55,42.34,38.55,3.01,3.58,1,0,16,Normal,0.0,1
2025-01-13 00:45:00,32,64.86,36.39,41.31,1.6,2.54,0,0,472,Normal,0.0,0
2025-01-15 03:54:00,48,66.6,46.01,55.89,3.9,3.02,1,0,227,Normal,0.0,0
2025-01-14 07:15:00,10,83.23,62.43,70.99,4.41,2.94,1,0,466,Normal,0.0,0
2025-03-09 05:05:00,38,85.11,35.06,58.93,3.78,2.11,1,0,264,Normal,0.0,0
2025-02-28 22:04:00,7,88.19,56.77,79.19,3.71,2.82,1,0,411,Normal,0.0,0
2025-01-25 15:59:00,43,78.58,36.8,59.9,4.05,0.51,0,0,289,Normal,0.0,0
2025-03-07 00:36:00,15,75.46,61.0,71.27,4.03,3.74,1,0,224,Normal,0.0,0
2025-02-23 17:00:00,38,89.49,38.06,44.09,3.19,1.46,0,0,345,Normal,0.0,0
2025-01-21 20:59:00,19,81.99,36.71,55.11,3.64,3.95,1,0,278,Normal,0.0,0
2025-02-27 03:47:00,16,71.94,57.25,77.43,1.13,4.01,1,0,431,Normal,0.0,0
2025-01-03 08:56:00,30,85.25,41.52,64.94,4.32,3.25,0,0,125,Normal,0.0,0
2025-02-11 07:32:00,7,59.58,49.39,72.83,1.86,3.93,1,0,298,Normal,0.0,0
2025-03-08 02:17:00,43,88.36,35.6,77.8,1.11,1.03,1,0,352,Normal,0.0,0
2025-01-14 17:48:00,33,81.03,33.68,66.06,1.88,4.63,1,0,454,Normal,0.0,0
2025-02-14 02:30:00,40,76.84,30.07,32.97,2.26,1.46,1,0,60,Normal,0.0,0
2025-02-22 16:50:00,35,71.62,61.76,58.77,2.75,2.21,1,0,434,Normal,0.0,0
2025-02-15 14:53:00,3,78.73,51.29,45.5,2.98,3.32,1,0,299,Normal,0.0,0
2025-02-05 18:15:00,23,97.06,47.03,34.9,3.3,2.12,1,1,12,Normal,1.0,1
2025-01-20 07:30:00,41,67.21,69.56,45.03,4.2,3.51,1,0,208,Normal,0.0,0
2025-02-23 22:20:00,31,68.88,74.08,50.06,1.98,0.82,1,0,209,Normal,0.0,0
2025-01-25 00:52:00,2,53.44,72.3,34.86,1.1,4.07,1,0,251,Normal,0.0,0
2025-02-12 03:34:00,32,82.33,52.22,30.73,1.21,4.65,2,0,161,Vibration Issue,0.0,1
2025-01-14 13:49:00,26,68.09,56.1,78.2,4.86,2.43,1,0,343,Normal,0.0,0
2025-03-02 18:50:00,23,66.57,43.63,45.11,3.0,4.51,1,0,133,Normal,0.0,0
2025-03-10 21:03:00,45,67.96,62.16,57.55,2.12,4.97,1,0,236,Normal,0.0,0
2025-01-18 13:44:00,10,70.69,59.28,37.48,3.35,1.51,1,0,51,Normal,0.0,0
2025-01-10 18:27:00,36,72.74,57.51,50.89,2.45,3.02,1,0,117,Normal,0.0,0
2025-01-12 04:49:00,5,69.87,45.43,35.09,2.63,0.62,0,0,21,Normal,0.0,0
2025-01-21 08:22:00,4,76.47,57.83,74.11,2.75,1.53,1,0,283,Normal,0.0,0
2025-02-18 17:01:00,7,71.78,51.5,37.03,1.97,4.01,1,0,310,Normal,0.0,0
2025-02-11 16:19:00,11,72.5,55.54,78.68,3.35,2.7,1,0,287,Normal,0.0,0
2025-02-19 02:09:00,43,57.41,44.58,64.78,4.93,1.51,1,0,232,Normal,0.0,0
2025-01-28 16:23:00,31,76.23,54.68,71.92,1.47,1.05,0,0,424,Normal,0.0,0
2025-02-15 10:29:00,20,70.19,67.93,66.51,4.88,2.56,1,0,487,Normal,0.0,0
2025-01-22 02:06:00,10,57.03,22.87,76.13,4.39,4.72,0,0,487,Normal,0.0,0
2025-02-03 23:09:00,20,70.25,39.39,38.57,4.26,3.23,1,0,130,Normal,0.0,0
2025-01-26 09:16:00,16,77.77,60.63,65.63,3.79,2.2,1,0,62,Normal,0.0,0
2025-01-16 01:17:00,3,69.38,75.18,59.89,4.2,3.6,1,0,310,Normal,0.0,0
2025-03-09 13:01:00,11,100.39,47.9,63.94,1.89,3.66,1,1,26,Normal,1.0,1
2025-02-25 08:16:00,22,77.57,31.67,79.16,1.99,4.63,0,0,419,Normal,0.0,0
2025-01-15 13:37:00,18,82.55,61.47,37.86,3.66,1.8,1,0,469,Normal,0.0,0
2025-02-18 02:03:00,9,66.82,37.68,42.03,1.35,4.78,1,0,107,Normal,0.0,0
2025-02-28 20:50:00,34,63.48,53.48,76.22,2.45,4.0,1,0,282,Normal,0.0,0
2025-03-07 02:21:00,7,66.01,34.57,57.52,4.45,0.7,1,0,291,Normal,0.0,0
2025-01-20 21:47:00,9,87.08,60.59,64.39,3.37,1.45,1,0,492,Normal,0.0,0
2025-02-21 05:21:00,11,81.31,53.72,59.43,4.06,3.17,1,0,452,Normal,0.0,0
2025-03-09 21:59:00,47,64.17,69.26,44.78,4.09,1.78,1,0,305,Normal,0.0,0
2025-03-04 09:18:00,10,73.35,40.26,69.06,3.3,1.65,1,0,43,Normal,0.0,0
2025-02-27 12:43:00,30,91.31,35.51,40.15,3.51,4.96,1,1,28,Normal,1.0,1
2025-02-28 15:56:00,50,95.44,42.42,71.49,2.76,1.94,1,1,45,Normal,1.0,1
2025-01-28 07:40:00,5,66.76,52.78,33.96,2.9,3.67,1,0,66,Normal,0.0,0
2025-01-15 10:18:00,41,79.77,64.9,60.94,4.26,3.06,1,0,32,Normal,0.0,0
2025-02-16 06:59:00,22,96.89,32.25,50.71,3.65,1.61,1,1,6,Normal,1.0,1
2025-01-29 12:44:00,29,64.52,51.57,48.53,1.06,0.62,1,0,29,Normal,0.0,0
2025-02-04 01:41:00,36,77.44,26.96,61.61,4.05,3.27,1,0,104,Normal,0.0,0
2025-02-03 13:27:00,24,78.72,38.21,55.24,1.89,2.53,0,0,34,Normal,0.0,0
2025-02-16 19:23:00,18,60.26,54.87,63.64,1.54,1.6,1,0,214,Normal,0.0,0
2025-02-04 07:31:00,1,78.19,22.53,41.99,2.26,0.98,1,0,24,Normal,0.0,0
2025-03-05 12:30:00,37,88.51,35.52,62.34,2.63,3.41,1,0,232,Normal,0.0,0
2025-03-11 02:47:00,23,75.18,61.25,42.11,4.19,4.67,1,0,129,Normal,0.0,0
2025-02-18 06:26:00,6,70.49,28.44,34.54,3.6,0.84,1,0,209,Normal,0.0,0
2025-02-20 18:54:00,3,64.98,27.46,79.38,4.07,1.4,1,0,449,Normal,0.0,0
2025-02-02 10:28:00,11,75.56,47.45,51.39,2.99,0.82,0,0,304,Normal,0.0,0
2025-02-02 09:33:00,22,78.81,57.98,54.6,1.07,3.09,1,0,62,Normal,0.0,0
2025-01-09 04:42:00,27,78.46,35.53,78.88,1.26,3.58,1,0,97,Normal,0.0,0
2025-02-22 16:54:00,45,67.07,42.38,78.59,2.93,0.92,1,0,58,Normal,0.0,0
2025-01-24 13:04:00,44,69.08,49.8,67.98,3.4,1.36,1,0,50,Normal,0.0,0
2025-01-02 01:52:00,23,81.84,68.6,79.65,3.55,1.05,2,0,46,Vibration Issue,0.0,1
2025-01-12 01:38:00,18,62.33,48.64,72.55,1.37,1.93,1,0,445,Normal,0.0,0
2025-02-22 04:13:00,44,74.76,67.61,47.8,3.87,0.75,1,0,429,Normal,0.0,0
2025-02-13 19:43:00,41,89.67,59.05,37.44,3.72,2.73,1,0,301,Normal,0.0,0
2025-02-12 19:19:00,29,69.43,54.3,44.16,3.95,3.21,1,0,143,Normal,0.0,0
2025-02-05 11:30:00,11,74.16,74.86,34.42,2.82,0.92,1,0,240,Normal,0.0,0
2025-01-03 17:44:00,36,46.82,50.93,73.41,3.08,4.57,2,0,379,Pressure Drop,0.0,1
2025-02-20 19:36:00,16,65.17,38.72,56.64,1.6,0.83,1,0,249,Normal,0.0,0
2025-01-08 05:44:00,7,72.15,49.64,55.89,4.54,4.24,1,0,247,Normal,0.0,0
2025-02-17 02:49:00,23,75.58,64.27,66.34,2.97,2.61,1,0,307,Normal,0.0,0
2025-02-23 14:41:00,25,68.41,36.23,32.84,3.43,3.2,0,0,228,Normal,0.0,0
2025-02-03 13:55:00,7,79.56,71.82,62.35,4.4,1.03,1,0,425,Normal,0.0,0
2025-03-06 06:59:00,50,70.98,47.22,46.12,2.25,3.49,1,0,365,Normal,0.0,0
2025-02-05 17:00:00,40,82.76,70.17,73.37,1.03,4.48,1,0,48,Normal,0.0,0
2025-01-05 21:22:00,31,68.17,17.81,40.33,4.84,2.13,1,0,456,Normal,0.0,0
2025-02-14 15:55:00,23,77.05,51.48,33.29,2.85,3.89,1,0,74,Normal,0.0,0
2025-02-25 01:19:00,24,87.42,50.94,73.99,4.09,4.28,0,0,117,Normal,0.0,0
2025-01-17 19:40:00,50,69.08,52.5,66.95,2.37,4.34,1,0,45,Normal,0.0,0
2025-01-31 08:24:00,16,82.36,40.01,34.2,1.83,3.94,1,0,304,Normal,0.0,0
2025-01-14 13:54:00,25,91.09,38.15,77.28,4.78,4.64,2,1,3,Normal,1.0,1
2025-01-28 18:40:00,12,78.27,53.05,55.36,3.72,0.52,1,0,385,Normal,0.0,0
2025-02-05 11:28:00,21,76.94,54.13,47.85,3.42,0.83,1,0,261,Normal,0.0,0
2025-01-20 16:42:00,8,71.42,63.11,75.38,1.14,4.93,1,0,307,Normal,0.0,0
2025-02-09 17:43:00,5,52.07,55.01,37.82,3.12,3.9,1,0,19,Normal,0.0,1
2025-02-14 09:42:00,20,69.35,58.06,63.52,4.26,1.08,1,0,129,Normal,0.0,0
2025-01-19 23:17:00,30,71.27,32.13,31.98,3.43,4.86,1,0,305,Normal,0.0,0
2025-02-04 19:47:00,4,75.11,22.14,76.66,4.76,3.0,0,0,122,Normal,0.0,0
2025-01-29 10:38:00,3,71.98,44.79,57.25,4.83,4.81,1,0,42,Normal,0.0,0
2025-03-10 23:17:00,39,79.34,73.4,63.41,2.69,1.19,1,0,114,Normal,0.0,0
2025-02-27 02:30:00,31,70.45,64.39,40.41,4.09,3.9,1,0,43,Normal,0.0,0
2025-02-08 20:30:00,42,79.07,53.13,49.78,1.18,1.4,1,0,182,Normal,0.0,0
2025-02-17 09:44:00,4,67.39,51.83,71.99,4.85,4.24,2,0,151,Vibration Issue,0.0,1
2025-01-28 01:14:00,10,55.62,53.17,38.5,1.99,1.29,1,0,293,Normal,0.0,0
2025-01-01 10:00:00,20,68.5,45.1,58.4,1.89,1.64,1,0,411,Normal,0.0,0
2025-01-17 05:13:00,30,67.39,31.32,73.02,4.42,1.35,1,0,34,Normal,0.0,0
2025-02-28 03:23:00,15,85.03,57.65,65.81,3.46,4.66,1,0,474,Normal,0.0,0
2025-01-09 21:05:00,47,73.01,33.95,33.83,4.18,2.03,1,0,403,Normal,0.0,0
2025-01-02 04:12:00,3,76.55,68.19,77.68,1.48,4.62,1,0,291,Normal,0.0,0
2025-03-07 02:04:00,28,63.47,19.14,48.18,3.21,1.47,1,0,110,Normal,0.0,0
2025-01-05 14:43:00,35,76.64,46.04,68.23,2.12,1.85,1,0,238,Normal,0.0,0
2025-02-02 04:44:00,1,76.15,38.93,37.3,4.7,0.85,0,0,441,Normal,0.0,0
2025-01-03 00:24:00,28,83.08,66.34,31.05,2.32,4.16,2,0,322,Pressure Drop,0.0,1
2025-02-11 08:58:00,45,67.44,57.83,31.27,2.88,3.09,1,0,461,Normal,0.0,0
2025-01-08 01:48:00,18,63.55,58.89,54.56,1.49,0.95,1,0,174,Normal,0.0,0
2025-01-23 08:23:00,31,95.06,64.1,42.19,3.95,2.7,0,1,26,Normal,1.0,1
2025-02-19 06:15:00,12,84.47,42.21,59.47,4.75,0.9,1,0,281,Normal,0.0,0
2025-02-09 07:53:00,49,85.26,25.66,31.34,4.0,3.75,1,0,432,Normal,0.0,0
2025-02-25 01:43:00,36,54.38,50.41,59.96,3.01,4.91,1,0,372,Normal,0.0,0
2025-02-15 13:15:00,3,69.51,16.57,60.81,1.71,2.1,1,0,74,Normal,0.0,0
2025-01-19 21:04:00,14,71.91,57.45,77.37,2.66,0.97,0,0,413,Normal,0.0,0
2025-01-31 15:06:00,12,85.67,44.4,44.27,1.39,2.06,1,0,289,Normal,0.0,0
2025-01-29 17:57:00,23,83.98,52.57,32.83,2.63,1.91,0,0,47,Normal,0.0,0
2025-02-01 00:31:00,39,81.28,44.17,57.55,2.88,4.57,1,0,431,Normal,0.0,0
2025-01-02 02:53:00,35,70.42,74.16,44.18,1.25,1.79,1,0,252,Normal,0.0,0
2025-01-26 10:02:00,29,71.93,28.15,72.07,1.23,4.34,1,0,60,Normal,0.0,0
2025-02-28 01:41:00,19,66.4,61.14,60.0,3.02,2.53,1,0,365,Normal,0.0,0
2025-02-21 01:59:00,14,64.06,32.68,49.17,2.47,3.84,1,0,19,Normal,0.0,1
2025-02-02 13:57:00,37,83.82,52.13,40.02,2.77,4.35,2,0,390,Vibration Issue,0.0,1
2025-01-07 15:11:00,14,71.69,48.88,51.14,4.05,1.9,2,0,100,Vibration Issue,0.0,1
2025-01-20 07:29:00,30,57.37,38.97,51.04,1.15,2.22,0,0,186,Normal,0.0,0
2025-02-13 17:47:00,38,62.17,72.5,71.83,2.58,1.96,1,0,482,Normal,0.0,0
2025-02-20 14:38:00,22,71.12,64.07,67.09,2.05,4.74,1,0,258,Normal,0.0,0
2025-03-02 02:18:00,8,87.06,43.9,32.67,1.74,1.77,1,0,460,Normal,0.0,0
2025-02-04 07:23:00,7,85.59,40.3,47.98,3.06,0.54,1,0,373,Normal,0.0,0
2025-01-07 16:58:00,49,67.71,31.16,41.99,3.5,3.28,1,0,397,Normal,0.0,0
2025-02-16 01:30:00,42,81.57,69.23,50.66,4.04,2.3,1,0,153,Normal,0.0,0
2025-01-29 08:15:00,7,82.75,49.12,43.48,1.63,4.03,1,0,290,Normal,0.0,0
2025-02-22 09:44:00,50,99.09,72.69,47.87,1.04,2.12,0,1,16,Normal,1.0,1
2025-01-30 03:09:00,26,63.84,49.76,51.91,1.6,3.91,2,0,228,Pressure Drop,0.0,1
2025-01-11 20:28:00,43,71.8,44.81,76.83,1.6,2.46,1,0,229,Normal,0.0,0
2025-02-06 01:01:00,39,78.58,69.24,37.85,4.2,0.62,1,0,215,Normal,0.0,0
2025-01-17 21:20:00,21,65.55,28.57,30.33,3.83,4.53,1,0,30,Normal,0.0,0
2025-02-20 18:49:00,13,97.8,42.58,44.7,2.77,3.96,2,1,24,Overheating,1.0,1
2025-01-09 14:32:00,29,85.43,69.02,75.95,2.09,4.23,2,0,243,Overheating,0.0,1
2025-01-26 23:13:00,18,79.71,48.57,48.6,4.68,2.94,0,0,284,Normal,0.0,0
2025-02-12 01:43:00,33,59.44,90.1,30.66,3.1,3.92,1,1,6,Normal,1.0,1
2025-02-22 13:18:00,45,84.23,38.97,76.8,1.68,0.85,1,0,54,Normal,0.0,0
2025-01-03 03:17:00,20,82.91,33.2,43.68,3.0,3.0,1,0,21,Normal,0.0,0
2025-01-21 07:29:00,34,85.79,53.78,56.93,2.94,3.93,1,0,406,Normal,0.0,0
2025-01-08 20:41:00,27,80.81,51.92,76.98,4.59,3.62,1,0,100,Normal,0.0,0
2025-03-01 12:48:00,49,82.04,36.7,45.28,3.09,4.27,1,0,464,Normal,0.0,0
2025-01-17 10:59:00,25,64.87,50.28,69.34,4.06,3.53,2,0,147,Normal,0.0,1
2025-02-09 02:23:00,17,76.98,55.33,49.89,1.58,1.4,1,0,335,Normal,0.0,0
2025-02-22 05:29:00,50,71.99,35.94,50.71,4.5,2.72,1,0,195,Normal,0.0,0
2025-01-27 12:46:00,15,66.36,52.33,79.52,2.57,4.41,1,0,70,Normal,0.0,0
2025-02-21 20:09:00,12,69.43,59.89,76.98,4.81,4.18,1,0,45,Normal,0.0,0
2025-01-08 08:36:00,6,64.69,45.53,47.52,3.82,3.95,0,0,266,Normal,0.0,0
2025-02-03 06:20:00,34,67.2,48.81,51.95,4.42,1.71,1,0,331,Normal,0.0,0
2025-03-01 12:00:00,29,86.47,57.36,54.84,1.68,2.22,1,0,80,Normal,0.0,0
2025-02-23 01:39:00,16,71.96,25.8,63.11,1.53,4.34,0,0,424,Normal,0.0,0
2025-02-15 11:09:00,34,58.34,39.49,67.18,4.24,3.17,0,0,484,Normal,0.0,0
2025-01-11 10:39:00,3,78.11,66.35,36.53,3.3,3.23,1,0,267,Normal,0.0,0
2025-02-14 07:45:00,32,66.95,39.63,31.46,3.1,4.37,0,0,197,Normal,0.0,0
2025-01-22 09:16:00,13,66.39,57.4,63.83,2.63,2.94,1,0,18,Normal,0.0,1
2025-01-14 14:27:00,14,84.57,47.05,37.66,1.12,4.34,2,0,472,Electrical Fault,0.0,1
2025-01-13 00:14:00,5,86.38,35.5,74.64,4.19,2.0,1,0,95,Normal,0.0,0
2025-01-18 14:57:00,23,63.61,67.73,69.2,3.81,2.17,1,0,79,Normal,0.0,0
2025-01-07 20:25:00,7,50.73,31.11,43.27,1.4,1.22,1,0,314,Normal,0.0,0
2025-02-17 11:17:00,7,83.66,34.29,41.56,2.04,0.73,1,0,420,Normal,0.0,0
2025-02-13 15:02:00,30,70.09,54.69,32.49,2.94,0.58,0,0,75,Normal,0.0,0
2025-02-01 17:30:00,32,72.44,17.44,44.9,2.21,1.44,1,0,236,Normal,0.0,0
2025-02-15 11:11:00,29,63.83,29.18,39.05,1.79,4.64,1,0,31,Normal,0.0,0
2025-02-11 06:23:00,34,77.46,48.84,33.39,3.73,3.8,1,0,392,Normal,0.0,0
2025-02-07 03:53:00,12,78.77,52.17,64.07,2.83,4.87,1,0,388,Normal,0.0,0
2025-03-02 19:36:00,26,77.28,23.51,34.6,2.36,4.88,1,0,450,Normal,0.0,0
2025-01-31 08:37:00,39,71.19,70.79,64.29,2.58,4.06,1,0,207,Normal,0.0,0
2025-01-23 19:34:00,47,61.03,38.31,48.58,3.23,2.38,1,0,77,Normal,0.0,0
2025-02-12 00:58:00,22,72.45,44.31,49.34,2.5,4.82,1,0,212,Normal,0.0,0
2025-03-07 17:40:00,29,92.87,56.4,59.5,1.09,2.07,1,1,2,Normal,1.0,1
2025-02-25 20:53:00,35,81.97,80.23,77.76,4.14,3.75,1,1,38,Normal,1.0,1
2025-02-28 22:57:00,39,87.46,31.96,57.41,2.62,3.93,0,0,127,Normal,0.0,0
2025-02-16 05:39:00,23,82.34,65.12,51.59,3.35,3.06,2,0,461,Pressure Drop,0.0,1
2025-02-12 04:43:00,45,65.33,56.78,39.98,4.26,2.7,1,0,317,Normal,0.0,0
2025-02-21 07:54:00,17,69.24,32.55,60.13,2.51,4.13,2,0,236,Pressure Drop,0.0,1
2025-01-21 21:58:00,31,74.29,34.0,61.06,3.63,3.98,1,0,18,Normal,0.0,1
2025-02-03 06:30:00,34,86.11,73.26,58.61,2.8,1.2,1,0,15,Normal,0.0,1
2025-02-23 22:13:00,42,76.72,48.7,43.3,3.68,3.36,1,0,335,Normal,0.0,0
2025-01-15 03:58:00,45,61.73,60.19,56.02,1.3,2.78,1,0,169,Normal,0.0,0
2025-03-06 22:40:00,50,97.02,60.77,42.57,2.55,3.38,1,1,49,Normal,1.0,1
2025-02-24 09:11:00,2,72.36,42.69,34.49,2.18,2.58,1,0,143,Normal,0.0,0
2025-02-13 15:43:00,22,65.9,65.35,61.59,1.86,1.6,0,0,94,Normal,0.0,0
2025-01-09 11:07:00,43,78.55,47.16,64.29,2.49,4.38,1,0,345,Normal,0.0,0
2025-02-21 20:22:00,23,75.19,43.37,60.51,4.06,2.44,1,0,257,Normal,0.0,0
2025-03-01 12:32:00,8,69.65,31.38,68.7,4.32,2.72,1,0,245,Normal,0.0,0
2025-03-06 22:50:00,37,81.35,44.38,51.41,4.26,4.57,1,0,166,Normal,0.0,0
2025-01-21 20:30:00,6,77.58,51.61,79.18,3.65,4.68,2,0,406,Vibration Issue,0.0,1
2025-02-19 20:50:00,24,63.15,61.49,65.74,4.18,4.08,1,0,443,Normal,0.0,0
2025-01-26 16:22:00,32,84.81,20.34,69.24,2.33,3.94,1,0,430,Normal,0.0,0
2025-02-15 17:11:00,39,77.99,44.2,35.81,1.47,1.4,2,0,399,Normal,0.0,1
2025-03-04 18:22:00,21,75.24,37.33,37.11,4.56,3.43,1,0,391,Normal,0.0,0
2025-01-14 17:54:00,3,69.91,64.86,56.09,4.02,4.4,1,0,122,Normal,0.0,0
2025-01-31 08:01:00,30,95.54,38.57,63.31,1.19,1.14,1,1,46,Normal,1.0,1
2025-01-26 11:56:00,5,71.01,42.76,53.41,2.1,2.54,1,0,307,Normal,0.0,0
2025-01-22 13:36:00,17,88.83,35.77,30.33,2.32,1.89,2,0,403,Vibration Issue,0.0,1
2025-02-04 10:39:00,23,84.22,33.87,32.18,3.88,2.57,1,0,375,Normal,0.0,0
2025-02-04 19:00:00,45,76.97,44.6,40.25,3.22,2.47,1,0,18,Normal,0.0,1
2025-01-22 03:57:00,41,73.26,44.6,48.73,1.65,2.11,1,0,90,Normal,0.0,0
2025-03-04 00:47:00,15,80.61,63.88,36.76,1.25,2.31,1,0,88,Normal,0.0,0
2025-01-14 10:36:00,49,76.44,30.82,63.61,3.81,3.29,1,0,276,Normal,0.0,0
2025-01-04 00:55:00,47,69.67,28.84,40.25,3.62,1.7,1,0,175,Normal,0.0,0
2025-01-26 03:31:00,8,75.92,74.82,51.61,2.39,4.44,1,0,118,Normal,0.0,0
2025-01-15 19:26:00,19,75.59,36.93,76.53,3.39,3.26,1,0,46,Normal,0.0,0
2025-02-20 17:42:00,12,73.35,70.89,47.31,4.76,1.66,1,0,413,Normal,0.0,0
2025-02-03 15:27:00,48,84.51,47.73,68.29,3.99,3.21,1,0,13,Normal,0.0,1
2025-01-12 18:55:00,10,78.5,56.68,52.87,4.75,0.7,1,0,376,Normal,0.0,0
2025-03-08 18:29:00,29,79.77,58.63,54.56,4.52,2.53,2,0,93,Pressure Drop,0.0,1
2025-02-10 15:59:00,47,75.55,50.87,38.88,2.2,3.71,1,0,296,Normal,0.0,0
2025-01-03 03:33:00,6,74.8,51.99,45.14,4.06,2.68,0,0,323,Normal,0.0,0
2025-03-01 18:55:00,39,53.35,67.02,34.61,4.31,1.65,0,0,270,Normal,0.0,0
2025-02-23 22:45:00,10,80.9,72.03,79.22,4.5,3.56,1,0,318,Normal,0.0,0
2025-02-27 20:39:00,30,68.96,52.71,52.88,4.01,0.56,1,0,328,Normal,0.0,0
2025-02-14 23:25:00,38,73.67,33.55,48.91,4.95,1.46,1,0,252,Normal,0.0,0
2025-01-11 04:20:00,7,83.11,23.8,59.41,4.7,1.71,1,0,373,Normal,0.0,0
2025-03-02 01:57:00,24,92.46,55.89,34.88,3.57,4.09,1,1,44,Normal,1.0,1
2025-01-20 05:49:00,22,71.78,57.74,72.32,3.92,0.57,1,0,165,Normal,0.0,0
2025-02-27 08:03:00,22,75.45,42.32,52.54,1.23,3.29,1,0,263,Normal,0.0,0
2025-01-12 03:01:00,6,83.09,50.2,43.0,4.76,0.9,1,0,405,Normal,0.0,0
2025-02-03 04:54:00,39,84.32,78.37,58.84,2.3,2.17,1,0,236,Normal,0.0,0
2025-01-10 11:39:00,8,74.07,54.69,77.16,3.08,3.7,0,0,236,Normal,0.0,0
2025-01-05 09:33:00,41,86.93,67.86,43.15,1.96,2.76,0,0,271,Normal,0.0,0
2025-02-23 15:43:00,45,79.66,63.12,61.56,3.62,2.02,1,0,157,Normal,0.0,0
2025-01-03 20:18:00,25,71.82,54.71,74.57,2.33,4.48,1,0,150,Normal,0.0,0
2025-01-23 04:34:00,4,77.22,61.93,34.05,2.5,4.09,1,0,122,Normal,0.0,0
2025-02-02 23:46:00,40,77.29,22.51,54.74,4.49,4.02,1,0,370,Normal,0.0,0
2025-01-19 16:13:00,13,75.51,36.53,72.52,4.71,2.83,1,0,345,Normal,0.0,0
2025-02-25 21:58:00,24,79.5,51.99,73.06,1.18,2.78,1,0,355,Normal,0.0,0
2025-01-28 04:26:00,13,70.32,43.31,37.55,3.68,1.69,1,0,174,Normal,0.0,0
2025-02-21 11:50:00,23,75.92,71.11,49.3,3.55,3.92,1,0,240,Normal,0.0,0
2025-03-01 01:40:00,44,80.32,48.96,56.82,4.4,3.41,1,0,228,Normal,0.0,0
2025-02-07 00:22:00,19,62.83,28.46,50.78,2.27,2.49,1,0,398,Normal,0.0,0
2025-02-08 22:04:00,5,87.45,67.36,48.66,3.91,2.83,1,0,97,Normal,0.0,0
2025-01-07 07:42:00,42,89.44,76.54,77.8,3.0,3.9,1,0,64,Normal,0.0,0
2025-02-17 08:25:00,25,84.13,43.14,68.29,3.75,1.42,1,0,451,Normal,0.0,0
2025-01-22 22:46:00,45,72.26,43.58,41.7,4.63,2.35,0,0,272,Normal,0.0,0
2025-02-09 09:07:00,39,84.83,43.04,70.98,4.79,1.79,1,0,245,Normal,0.0,0
2025-01-29 22:07:00,6,93.96,59.29,76.29,1.2,3.1,1,1,7,Normal,1.0,1
2025-01-15 05:19:00,35,55.03,32.15,73.68,3.43,1.18,1,0,80,Normal,0.0,0
2025-02-12 03:48:00,41,68.6,33.01,32.63,4.38,4.45,1,0,331,Normal,0.0,0
2025-01-23 00:37:00,31,57.17,41.79,79.58,4.07,1.22,1,0,472,Normal,0.0,0
2025-01-02 08:57:00,33,83.02,70.25,72.47,4.15,2.25,1,0,457,Normal,0.0,0
2025-02-18 15:22:00,34,58.14,58.97,64.8,4.5,2.69,1,0,46,Normal,0.0,0
2025-02-23 14:08:00,16,77.3,35.37,52.91,4.78,0.67,0,0,174,Normal,0.0,0
2025-02-15 08:51:00,47,80.69,30.21,45.53,2.44,3.97,1,0,288,Normal,0.0,0
2025-02-12 19:06:00,50,78.46,15.17,64.72,4.7,2.58,1,0,358,Normal,0.0,0
2025-01-28 13:04:00,11,80.29,45.24,73.21,4.01,1.97,1,0,246,Normal,0.0,0
2025-03-03 04:53:00,50,75.42,42.76,61.67,3.28,2.59,1,0,487,Normal,0.0,0
2025-02-16 00:22:00,6,64.26,47.55,38.02,2.72,4.91,1,0,41,Normal,0.0,0
2025-02-17 21:02:00,18,72.07,35.11,59.28,1.7,2.53,1,0,178,Normal,0.0,0
2025-02-11 02:35:00,7,76.5,52.07,64.48,3.15,3.52,2,0,279,Normal,0.0,1
2025-02-22 13:28:00,33,60.81,45.85,60.89,3.84,1.26,1,0,132,Normal,0.0,0
2025-02-04 15:31:00,11,82.84,38.98,42.74,1.18,4.31,0,0,184,Normal,0.0,0
2025-02-20 22:08:00,1,72.37,21.69,58.43,3.69,0.98,1,0,358,Normal,0.0,0
2025-01-05 23:38:00,26,74.3,59.85,54.32,2.7,2.22,1,0,106,Normal,0.0,0
2025-01-11 11:57:00,27,95.72,45.64,77.73,4.1,3.69,1,1,47,Normal,1.0,1
2025-02-24 09:50:00,50,79.11,43.88,71.71,4.25,2.5,1,0,47,Normal,0.0,0
2025-01-09 09:49:00,47,80.7,43.26,36.6,2.56,3.96,1,0,89,Normal,0.0,0
2025-02-19 02:37:00,12,60.42,57.19,68.49,3.59,4.15,0,0,216,Normal,0.0,0
2025-03-05 08:24:00,13,73.06,75.36,33.54,3.29,3.0,1,0,142,Normal,0.0,0
2025-01-12 13:09:00,39,74.04,49.2,39.64,4.53,4.39,2,0,322,Electrical Fault,0.0,1
2025-02-09 16:56:00,8,51.17,59.58,62.73,1.7,3.84,1,0,216,Normal,0.0,0
2025-02-20 07:04:00,37,83.15,51.14,71.3,3.85,0.78,1,0,441,Normal,0.0,0
2025-03-09 23:33:00,30,64.07,88.32,40.27,3.62,4.53,1,1,47,Normal,1.0,1
2025-02-26 13:15:00,3,84.84,59.48,54.49,3.59,3.4,1,0,274,Normal,0.0,0
2025-02-04 03:59:00,28,69.38,60.71,58.73,4.33,2.51,1,0,12,Normal,0.0,1
2025-03-10 05:29:00,49,66.0,16.34,66.29,4.27,4.47,1,0,130,Normal,0.0,0
2025-01-28 01:37:00,49,72.69,35.76,36.64,3.92,3.38,1,0,380,Normal,0.0,0
2025-02-28 13:09:00,17,59.91,54.24,49.92,4.6,4.54,1,0,219,Normal,0.0,0
2025-02-05 08:34:00,15,72.42,45.74,57.57,1.59,4.65,1,0,427,Normal,0.0,0
2025-02-22 14:38:00,36,72.27,57.91,57.49,4.79,1.57,1,0,95,Normal,0.0,0
2025-02-04 18:22:00,29,78.18,36.66,68.12,1.41,2.83,1,0,219,Normal,0.0,0
2025-01-25 23:53:00,5,82.53,56.82,75.5,3.84,1.23,1,0,149,Normal,0.0,0
2025-02-01 03:39:00,21,71.33,55.04,68.58,4.23,3.24,2,0,26,Vibration Issue,0.0,1
2025-01-03 14:37:00,27,68.1,69.22,74.61,1.49,2.66,1,0,153,Normal,0.0,0
2025-02-05 09:55:00,20,57.87,56.29,76.48,4.69,4.13,1,0,460,Normal,0.0,0
2025-02-18 19:14:00,3,71.22,39.59,74.04,2.07,4.16,1,0,126,Normal,0.0,0
2025-02-11 03:25:00,3,63.54,53.01,76.56,2.33,4.09,1,0,486,Normal,0.0,0
2025-02-16 23:40:00,18,87.83,63.79,36.09,2.7,1.36,1,0,343,Normal,0.0,0
2025-02-23 04:35:00,15,87.47,46.56,65.12,1.1,3.05,1,0,380,Normal,0.0,0
2025-01-26 09:18:00,50,70.21,38.21,45.96,1.15,3.76,1,0,14,Normal,0.0,1
2025-01-06 13:08:00,21,71.04,52.99,36.75,3.95,3.79,1,0,407,Normal,0.0,0
2025-03-04 10:10:00,35,74.33,61.49,73.92,1.91,2.29,1,0,423,Normal,0.0,0
2025-02-24 11:30:00,35,79.44,57.93,46.72,3.71,4.34,2,0,70,Pressure Drop,0.0,1
2025-02-10 12:37:00,34,77.96,43.46,67.85,3.95,2.08,1,0,212,Normal,0.0,0
2025-01-03 04:29:00,44,68.59,54.03,30.95,4.64,1.17,1,0,164,Normal,0.0,0
2025-01-14 02:42:00,2,71.05,42.64,61.42,2.98,2.91,1,0,16,Normal,0.0,1
2025-01-23 12:01:00,1,62.51,52.12,66.67,1.72,4.46,1,0,70,Normal,0.0,0
2025-03-02 05:30:00,6,86.47,70.81,52.68,1.32,4.82,1,0,396,Normal,0.0,0
2025-02-03 16:12:00,39,80.67,42.82,58.85,4.37,1.87,1,0,84,Normal,0.0,0
2025-02-04 03:12:00,49,73.34,41.68,62.01,3.29,3.85,1,0,242,Normal,0.0,0
2025-01-06 08:46:00,20,68.93,40.39,70.23,4.91,1.57,1,0,409,Normal,0.0,0
2025-02-18 11:17:00,3,90.9,42.95,54.67,4.36,2.2,1,1,28,Normal,1.0,1
2025-01-01 20:26:00,14,69.69,38.4,44.17,1.27,2.71,1,0,85,Normal,0.0,0
2025-01-17 04:35:00,14,68.35,74.26,54.78,3.13,3.79,1,0,66,Normal,0.0,0
2025-02-01 22:52:00,31,88.15,45.76,76.63,3.2,2.25,1,0,33,Normal,0.0,0
2025-02-05 03:51:00,15,78.95,43.52,41.36,2.25,1.46,2,0,404,Normal,0.0,1
2025-03-05 14:50:00,48,65.98,87.89,48.15,1.87,1.86,1,1,35,Normal,1.0,1
2025-01-02 23:54:00,32,77.92,70.53,73.62,1.47,0.56,1,0,469,Normal,0.0,0
2025-01-17 20:38:00,7,72.35,52.42,31.47,4.19,1.85,1,0,371,Normal,0.0,0
2025-02-24 14:10:00,28,64.9,67.46,70.2,3.05,3.19,0,0,494,Normal,0.0,0
2025-01-31 04:56:00,25,69.24,23.93,62.19,4.08,4.83,1,0,422,Normal,0.0,0
2025-02-14 17:59:00,1,58.85,50.41,42.51,3.35,3.39,1,0,145,Normal,0.0,0
2025-03-06 03:52:00,38,83.19,51.07,48.92,1.43,3.42,1,0,80,Normal,0.0,0
2025-03-02 22:42:00,5,51.94,40.56,45.96,1.16,3.24,1,0,232,Normal,0.0,0
2025-03-10 10:35:00,16,76.87,52.12,76.64,1.56,4.49,1,0,195,Normal,0.0,0
2025-02-23 03:13:00,21,77.03,50.66,32.8,3.4,0.59,1,0,67,Normal,0.0,0
2025-01-31 23:22:00,24,64.95,65.23,56.66,3.18,2.16,0,0,73,Normal,0.0,0
2025-03-06 04:56:00,5,74.86,14.74,34.98,1.83,0.56,1,0,448,Normal,0.0,0
2025-02-17 20:27:00,3,86.8,47.36,33.8,3.32,2.43,1,0,407,Normal,0.0,0
2025-01-25 05:54:00,34,79.69,73.34,31.43,4.86,2.07,1,0,409,Normal,0.0,0
2025-03-08 17:33:00,24,81.84,65.06,64.66,3.14,2.33,0,0,108,Normal,0.0,0
2025-01-24 17:24:00,24,81.61,61.06,63.94,4.7,2.55,1,0,56,Normal,0.0,0
2025-02-16 10:01:00,16,83.85,50.18,49.79,1.81,1.6,1,0,303,Normal,0.0,0
2025-02-21 19:22:00,8,70.2,59.45,35.0,3.58,2.17,0,0,350,Normal,0.0,0
2025-02-03 11:26:00,36,72.14,45.22,77.24,1.15,1.57,1,0,194,Normal,0.0,0
2025-03-08 21:34:00,14,81.77,57.75,41.89,3.75,0.89,1,0,458,Normal,0.0,0
2025-02-13 16:45:00,10,70.89,43.57,42.4,1.41,4.91,0,0,71,Normal,0.0,0
2025-01-09 13:01:00,27,80.24,46.96,41.09,4.44,3.5,1,0,240,Normal,0.0,0
2025-03-06 02:32:00,7,68.0,60.41,51.12,1.56,0.88,0,0,303,Normal,0.0,0
2025-02-11 01:38:00,11,71.74,35.31,37.84,4.74,3.3,1,0,160,Normal,0.0,0
2025-01-11 14:26:00,30,79.21,41.44,37.72,3.01,0.57,1,0,174,Normal,0.0,0
2025-02-18 14:48:00,28,91.1,47.78,63.23,3.43,5.0,1,1,49,Normal,1.0,1
2025-02-24 12:35:00,21,69.24,39.82,38.41,3.34,4.22,1,0,309,Normal,0.0,0
2025-01-23 10:01:00,5,83.1,12.43,77.44,2.52,2.29,2,0,301,Vibration Issue,0.0,1
2025-02-23 22:34:00,2,81.08,53.52,37.85,3.29,1.47,1,0,73,Normal,0.0,0
2025-03-09 16:38:00,34,66.6,49.21,41.09,4.88,3.08,1,0,379,Normal,0.0,0
2025-03-01 10:46:00,11,64.7,43.42,77.06,2.88,3.18,1,0,431,Normal,0.0,0
2025-03-03 09:45:00,34,67.01,59.9,54.86,1.73,1.11,1,0,493,Normal,0.0,0
2025-03-06 09:05:00,37,79.84,65.28,52.85,1.04,2.19,1,0,370,Normal,0.0,0
2025-01-10 04:23:00,42,98.36,31.63,51.31,3.46,2.15,1,1,5,Normal,1.0,1
2025-03-06 00:07:00,36,91.97,65.84,70.91,3.17,3.22,1,1,30,Normal,1.0,1
2025-02-04 16:55:00,9,75.81,63.3,70.62,2.75,2.32,1,0,233,Normal,0.0,0
2025-01-08 05:54:00,19,77.3,37.34,76.26,1.5,3.69,1,0,284,Normal,0.0,0
2025-03-06 22:46:00,33,66.26,67.86,58.47,4.72,0.7,2,0,276,Vibration Issue,0.0,1
2025-02-09 20:02:00,45,65.23,27.8,64.7,4.33,3.77,1,0,406,Normal,0.0,0
2025-01-03 15:06:00,4,79.89,60.68,37.25,2.23,2.38,1,0,17,Normal,0.0,1
2025-01-21 16:54:00,49,63.01,41.64,74.68,2.34,3.52,1,0,162,Normal,0.0,0
2025-02-04 19:02:00,31,73.99,41.08,64.73,3.37,1.3,1,0,242,Normal,0.0,0
2025-01-27 01:46:00,45,80.19,48.42,75.57,3.94,1.05,1,0,306,Normal,0.0,0
2025-01-05 21:53:00,45,65.35,74.01,48.69,1.18,1.45,1,0,223,Normal,0.0,0
2025-01-31 06:34:00,48,84.72,48.84,64.48,4.21,0.86,1,0,401,Normal,0.0,0
2025-01-06 13:28:00,16,75.1,45.18,54.54,4.89,3.17,1,0,28,Normal,0.0,0
2025-01-05 03:35:00,43,63.32,53.33,73.49,2.81,4.89,2,0,84,Normal,0.0,1
2025-02-12 10:42:00,11,92.94,35.7,39.58,4.48,3.21,1,1,17,Normal,1.0,1
2025-02-05 01:06:00,28,89.51,55.16,75.88,2.18,1.37,1,0,142,Normal,0.0,0
2025-02-23 10:23:00,10,72.29,38.45,51.66,4.92,3.16,2,0,378,Pressure Drop,0.0,1
2025-02-10 23:41:00,1,75.97,60.86,60.97,4.15,1.6,0,0,162,Normal,0.0,0
2025-02-03 17:13:00,12,87.92,67.54,58.85,4.18,2.71,0,0,176,Normal,0.0,0
2025-01-09 20:11:00,19,75.08,67.71,74.6,2.16,3.54,0,0,159,Normal,0.0,0
2025-02-26 12:07:00,1,91.6,51.02,56.43,3.84,1.83,1,1,39,Normal,1.0,1
2025-02-01 12:52:00,32,69.6,24.97,49.47,2.98,4.43,1,0,413,Normal,0.0,0
2025-01-09 23:03:00,42,70.77,39.84,67.8,4.55,4.94,1,0,347,Normal,0.0,0
2025-02-20 17:01:00,33,66.69,60.22,60.71,4.76,3.16,1,0,383,Normal,0.0,0
2025-02-01 10:20:00,36,66.21,54.14,67.02,1.19,4.67,2,0,403,Normal,0.0,1
2025-01-20 13:26:00,15,74.34,56.39,78.36,4.74,3.77,0,0,134,Normal,0.0,0
2025-02-13 02:53:00,4,63.11,53.64,73.89,2.55,4.8,1,0,154,Normal,0.0,0
2025-01-29 00:22:00,29,64.46,53.89,44.18,3.92,2.72,1,0,119,Normal,0.0,0
2025-01-18 21:55:00,44,89.76,60.25,69.61,2.46,2.32,1,0,269,Normal,0.0,0
2025-03-02 12:27:00,20,42.2,48.82,57.3,4.73,1.26,1,0,157,Normal,0.0,0
2025-02-25 18:28:00,26,78.05,65.76,44.07,1.18,0.84,1,0,248,Normal,0.0,0
2025-01-02 03:47:00,45,77.37,51.54,31.78,2.04,3.58,1,0,167,Normal,0.0,0
2025-02-19 13:23:00,13,65.38,36.7,46.21,3.81,0.89,1,0,298,Normal,0.0,0
2025-03-05 18:09:00,41,87.76,54.43,58.23,3.88,1.66,2,0,471,Vibration Issue,0.0,1
2025-02-21 17:39:00,15,75.84,57.86,61.15,2.56,2.83,1,0,219,Normal,0.0,0
2025-01-07 08:33:00,35,82.98,48.34,49.05,3.3,2.73,1,0,58,Normal,0.0,0
2025-01-25 01:59:00,13,70.57,44.21,33.24,1.26,1.32,0,0,161,Normal,0.0,0
2025-02-04 22:56:00,44,76.77,51.57,31.06,2.54,4.09,1,0,204,Normal,0.0,0
2025-01-03 12:50:00,10,65.08,36.7,41.02,3.73,1.24,1,0,443,Normal,0.0,0
2025-03-08 14:22:00,5,81.45,23.29,34.2,4.5,1.78,1,0,355,Normal,0.0,0
2025-01-10 12:27:00,33,71.26,22.06,59.11,1.8,2.84,1,0,423,Normal,0.0,0
2025-01-05 06:07:00,49,71.86,32.75,41.09,1.38,1.54,1,0,115,Normal,0.0,0
2025-01-10 11:12:00,13,61.64,55.48,40.82,4.53,3.65,2,0,243,Overheating,0.0,1
2025-01-22 09:40:00,31,89.67,48.75,75.19,4.43,3.43,0,0,386,Normal,0.0,0
2025-02-03 11:38:00,13,77.91,38.18,66.37,1.45,4.69,1,0,126,Normal,0.0,0
2025-03-08 10:01:00,16,72.26,53.07,32.88,1.15,4.08,1,0,377,Normal,0.0,0
2025-02-25 07:36:00,17,72.59,28.68,60.0,2.98,1.91,1,0,93,Normal,0.0,0
2025-01-17 20:43:00,4,78.61,61.93,64.72,4.58,2.95,1,0,471,Normal,0.0,0
2025-01-03 21:52:00,26,61.15,50.43,61.35,2.94,3.38,1,0,478,Normal,0.0,0
2025-03-03 04:15:00,50,94.27,44.62,40.97,4.28,4.42,1,1,47,Normal,1.0,1
2025-01-18 12:38:00,8,73.83,47.21,37.62,1.47,1.42,2,0,450,Normal,0.0,1
2025-02-24 05:45:00,50,64.51,57.38,71.51,2.31,3.98,1,0,166,Normal,0.0,0
2025-02-22 19:42:00,29,81.69,47.2,73.89,3.01,2.19,1,0,209,Normal,0.0,0
2025-02-01 15:45:00,3,63.44,82.06,79.22,1.85,4.34,2,1,12,Overheating,1.0,1
2025-01-09 21:00:00,48,83.46,33.13,56.05,2.3,3.23,1,0,129,Normal,0.0,0
2025-02-01 03:53:00,42,61.62,52.21,75.59,2.09,3.54,1,0,380,Normal,0.0,0
2025-01-29 04:21:00,25,80.57,72.49,49.27,2.53,3.21,1,0,192,Normal,0.0,0
2025-03-07 11:24:00,38,69.22,53.84,78.2,4.61,4.32,1,0,164,Normal,0.0,0
2025-01-20 15:44:00,50,70.83,29.19,69.68,1.62,0.58,1,0,180,Normal,0.0,0
2025-02-09 19:57:00,20,58.58,54.84,58.65,3.77,4.45,1,0,325,Normal,0.0,0
2025-03-10 09:22:00,7,74.75,65.89,45.18,3.8,3.27,1,0,277,Normal,0.0,0
2025-02-20 18:00:00,47,70.77,55.55,76.93,4.47,2.23,1,0,115,Normal,0.0,0
2025-03-09 19:20:00,3,78.9,75.25,68.79,2.36,4.48,1,0,396,Normal,0.0,0
2025-01-13 07:34:00,46,75.91,43.99,43.9,1.99,3.22,1,0,61,Normal,0.0,0
2025-01-10 23:58:00,26,60.85,75.62,43.25,4.49,3.17,1,0,486,Normal,0.0,0
2025-03-07 19:32:00,24,54.88,30.71,70.56,3.45,2.92,1,0,42,Normal,0.0,0
2025-02-24 14:21:00,38,81.11,29.78,56.09,1.47,2.76,1,0,490,Normal,0.0,0
2025-02-14 03:23:00,45,69.67,57.32,67.76,2.04,4.96,1,0,418,Normal,0.0,0
2025-02-07 18:48:00,19,59.62,67.1,54.97,2.04,2.41,1,0,183,Normal,0.0,0
2025-01-23 18:17:00,37,70.74,56.4,46.42,2.97,2.68,2,0,493,Electrical Fault,0.0,1
2025-01-16 13:31:00,19,60.52,27.76,42.52,3.53,3.22,0,0,140,Normal,0.0,0
2025-01-02 06:06:00,30,85.27,33.64,54.07,4.88,2.95,0,0,402,Normal,0.0,0
2025-01-25 19:15:00,15,82.01,72.44,43.48,4.66,3.47,1,0,359,Normal,0.0,0
2025-01-22 01:01:00,17,78.35,87.77,76.36,1.36,1.63,1,1,45,Normal,1.0,1
2025-02-07 15:48:00,45,65.18,22.14,62.4,3.84,4.79,1,0,33,Normal,0.0,0
2025-01-07 11:35:00,20,84.24,39.45,40.7,1.18,3.98,0,0,22,Normal,0.0,0
2025-03-06 02:14:00,47,73.96,54.73,47.04,4.64,4.46,2,0,176,Normal,0.0,1
2025-02-24 07:56:00,32,71.55,35.22,79.38,1.83,1.69,1,0,357,Normal,0.0,0
2025-02-08 14:25:00,10,77.0,52.37,58.6,3.54,4.05,1,0,318,Normal,0.0,0
2025-01-29 22:06:00,40,88.29,50.03,75.01,2.58,4.54,1,0,81,Normal,0.0,0
2025-01-09 17:06:00,12,62.76,48.86,62.71,4.47,2.45,1,0,253,Normal,0.0,0
2025-01-28 12:28:00,35,81.51,62.48,30.84,1.7,4.28,1,0,466,Normal,0.0,0
2025-03-06 04:28:00,28,70.56,24.06,36.16,2.58,1.06,0,0,32,Normal,0.0,0
2025-02-07 05:46:00,19,78.91,57.23,65.36,2.7,3.27,1,0,81,Normal,0.0,0
2025-01-13 09:54:00,23,67.05,51.11,38.1,4.69,0.87,1,0,216,Normal,0.0,0
2025-01-21 15:21:00,31,85.37,43.12,73.73,3.63,4.77,1,0,361,Normal,0.0,0
2025-02-11 10:22:00,36,75.39,44.89,49.24,4.11,1.82,0,0,360,Normal,0.0,0
2025-01-30 03:58:00,48,63.64,67.4,37.27,4.43,3.91,0,0,205,Normal,0.0,0
2025-02-20 02:03:00,39,77.62,42.81,68.81,3.19,2.05,1,0,431,Normal,0.0,0
2025-03-08 09:30:00,28,81.27,39.45,63.8,2.57,4.24,1,0,16,Normal,0.0,1
2025-02-24 12:49:00,26,77.87,65.3,54.25,1.43,1.61,0,0,92,Normal,0.0,0
2025-02-13 23:43:00,4,68.79,42.5,54.39,3.03,0.82,1,0,496,Normal,0.0,0
2025-01-15 19:09:00,3,69.18,36.23,31.57,4.16,1.58,1,0,34,Normal,0.0,0
2025-03-07 09:46:00,14,81.43,59.77,32.1,2.37,3.24,1,0,36,Normal,0.0,0
2025-02-05 20:27:00,4,70.34,48.82,49.71,3.46,4.02,1,0,385,Normal,0.0,0
2025-03-06 21:03:00,41,54.16,37.01,55.32,4.05,4.66,1,0,142,Normal,0.0,0
2025-02-14 08:04:00,24,78.38,73.92,73.53,1.37,0.73,1,0,231,Normal,0.0,0
2025-01-16 03:19:00,48,72.86,57.06,75.37,1.12,0.8,2,0,412,Vibration Issue,0.0,1
2025-01-16 05:37:00,24,90.53,59.99,69.06,2.24,3.72,1,1,27,Normal,1.0,1
2025-01-09 05:19:00,18,70.94,37.31,76.31,3.95,3.63,1,0,460,Normal,0.0,0
2025-02-25 10:50:00,24,73.67,33.98,52.08,4.69,3.95,1,0,319,Normal,0.0,0
2025-02-09 16:59:00,45,94.98,36.05,65.23,4.99,2.16,0,1,21,Normal,1.0,1
2025-02-08 18:23:00,21,64.01,22.87,70.64,2.84,2.17,0,0,441,Normal,0.0,0
2025-02-19 15:20:00,34,77.31,63.6,34.28,4.68,3.68,1,0,499,Normal,0.0,0
2025-02-11 03:02:00,9,84.91,53.29,69.13,3.14,0.85,1,0,364,Normal,0.0,0
2025-01-03 04:34:00,5,82.1,41.56,77.6,3.36,1.88,1,0,211,Normal,0.0,0
2025-03-07 22:42:00,16,61.12,46.65,32.13,1.25,1.34,1,0,488,Normal,0.0,0
2025-01-14 22:20:00,16,75.61,34.53,79.15,2.71,0.67,2,0,299,Electrical Fault,0.0,1
2025-02-26 20:43:00,45,81.66,22.0,60.3,4.22,2.88,1,0,297,Normal,0.0,0
2025-02-27 18:00:00,7,68.45,66.01,35.77,2.13,3.31,0,0,316,Normal,0.0,0
2025-03-06 10:39:00,20,66.06,89.9,30.05,1.07,1.24,1,1,35,Normal,1.0,1
2025-02-26 18:15:00,43,68.13,43.64,58.87,4.96,0.52,1,0,197,Normal,0.0,0
2025-01-22 07:17:00,33,65.82,40.45,53.12,4.68,0.74,1,0,145,Normal,0.0,0
2025-01-21 04:08:00,4,72.96,79.45,66.09,2.11,3.94,1,0,496,Normal,0.0,0
2025-01-18 09:14:00,18,56.31,59.5,38.2,3.54,1.01,1,0,392,Normal,0.0,0
2025-01-10 22:44:00,33,76.66,66.12,71.41,4.29,2.47,1,0,482,Normal,0.0,0
2025-02-22 11:04:00,45,87.95,57.92,79.73,4.22,2.58,1,0,81,Normal,0.0,0
2025-01-07 19:40:00,49,81.99,39.61,37.05,3.74,3.03,1,0,478,Normal,0.0,0
2025-01-17 13:20:00,1,61.97,28.03,63.49,2.63,3.83,1,0,446,Normal,0.0,0
2025-02-07 10:23:00,35,78.08,69.16,36.66,1.34,4.87,1,0,149,Normal,0.0,0
2025-01-01 19:29:00,36,61.89,35.21,46.86,2.43,2.31,1,0,465,Normal,0.0,0
2025-02-12 08:06:00,47,80.15,64.55,64.92,3.85,4.47,1,0,60,Normal,0.0,0
2025-01-11 20:15:00,23,78.63,26.32,62.86,4.11,3.15,2,0,454,Normal,0.0,1
2025-01-21 03:24:00,25,77.76,55.26,65.35,1.79,1.38,1,0,89,Normal,0.0,0
2025-02-03 17:14:00,3,80.58,39.44,69.77,2.59,4.85,1,0,23,Normal,0.0,0
2025-01-28 11:40:00,9,87.65,10.9,68.74,4.27,3.41,1,0,73,Normal,0.0,0
2025-03-06 03:56:00,14,82.73,76.12,69.91,4.35,0.78,1,0,290,Normal,0.0,0
2025-02-06 16:56:00,25,65.94,40.23,39.59,3.87,3.45,1,0,70,Normal,0.0,0
2025-01-23 21:03:00,2,60.75,43.73,48.59,2.68,0.73,1,0,287,Normal,0.0,0
2025-03-06 03:54:00,36,76.37,61.16,58.97,4.69,1.88,1,0,132,Normal,0.0,0
2025-01-11 23:35:00,35,71.0,50.24,70.91,4.14,1.4,1,0,168,Normal,0.0,0
2025-03-02 15:56:00,3,46.61,69.54,64.17,4.33,2.4,1,0,104,Normal,0.0,0
2025-02-25 01:53:00,32,90.73,44.32,77.07,3.26,1.87,1,1,28,Normal,1.0,1
2025-03-07 23:40:00,45,67.28,47.17,50.63,4.99,4.29,1,0,409,Normal,0.0,0
2025-02-08 01:51:00,40,78.33,85.52,46.49,1.67,2.22,1,1,16,Normal,1.0,1
2025-01-07 16:03:00,28,62.89,51.34,34.38,2.22,2.01,1,0,115,Normal,0.0,0
2025-01-20 23:20:00,12,84.9,57.13,60.57,2.76,2.5,1,0,114,Normal,0.0,0
2025-01-04 11:37:00,14,80.17,35.14,33.59,2.07,4.85,1,0,210,Normal,0.0,0
2025-01-05 13:30:00,25,65.64,55.03,44.9,3.2,1.81,1,0,88,Normal,0.0,0
2025-01-26 22:17:00,45,76.51,56.03,78.13,4.51,2.82,1,0,260,Normal,0.0,0
2025-02-18 04:36:00,28,77.67,75.92,69.3,3.42,4.96,1,0,489,Normal,0.0,0
2025-02-18 22:42:00,47,83.47,42.35,66.13,2.94,4.5,1,0,161,Normal,0.0,0
2025-03-05 00:28:00,27,62.07,70.61,53.14,3.76,2.84,1,0,94,Normal,0.0,0
2025-01-28 10:18:00,8,79.52,60.58,70.29,1.95,1.77,1,0,155,Normal,0.0,0
2025-03-08 22:17:00,20,60.5,60.3,51.3,4.41,2.97,2,0,123,Vibration Issue,0.0,1
2025-02-09 20:29:00,21,71.81,42.34,37.51,1.82,4.44,1,0,332,Normal,0.0,0
2025-03-09 12:32:00,7,68.14,22.97,65.76,1.28,2.26,1,0,430,Normal,0.0,0
2025-01-18 20:04:00,14,63.04,45.17,32.65,2.9,0.69,1,0,420,Normal,0.0,0
2025-01-05 08:58:00,43,82.43,63.61,78.18,2.78,1.96,1,0,433,Normal,0.0,0
2025-03-10 23:37:00,10,79.95,69.63,55.13,3.78,2.35,1,0,251,Normal,0.0,0
2025-02-07 07:37:00,6,72.06,66.63,74.07,4.3,3.29,1,0,409,Normal,0.0,0
2025-02-18 10:11:00,3,55.25,23.6,62.05,2.75,4.91,1,0,319,Normal,0.0,0
2025-01-15 05:53:00,35,76.91,31.06,50.02,3.14,2.94,1,0,495,Normal,0.0,0
2025-03-01 21:52:00,34,80.38,39.98,78.79,4.46,0.56,1,0,361,Normal,0.0,0
2025-02-10 20:46:00,12,84.79,64.88,70.54,1.82,1.36,1,0,119,Normal,0.0,0
2025-01-02 15:05:00,23,77.99,92.94,50.13,4.25,4.96,1,1,7,Normal,1.0,1
2025-02-02 04:57:00,41,68.05,47.4,38.12,4.67,3.07,1,0,22,Normal,0.0,0
2025-01-02 08:32:00,25,57.42,22.26,59.01,3.56,4.61,1,0,18,Normal,0.0,1
2025-02-06 01:05:00,20,67.12,50.75,56.06,1.25,1.27,1,0,391,Normal,0.0,0
2025-01-09 00:08:00,49,71.49,56.23,77.9,3.83,0.99,1,0,266,Normal,0.0,0
2025-01-03 13:45:00,40,86.53,75.08,35.01,1.79,4.45,1,0,94,Normal,0.0,0
2025-02-03 03:23:00,24,89.7,62.21,63.44,1.1,2.6,1,0,35,Normal,0.0,0
2025-01-30 06:45:00,3,55.2,59.87,56.08,2.43,2.81,1,0,224,Normal,0.0,0
2025-02-02 15:58:00,4,82.69,50.73,73.48,1.17,3.66,2,0,224,Electrical Fault,0.0,1
2025-02-03 00:33:00,47,70.1,78.2,47.54,3.68,2.91,2,0,458,Pressure Drop,0.0,1
2025-01-29 16:12:00,40,78.6,75.49,51.22,1.86,4.94,2,0,68,Vibration Issue,0.0,1
2025-02-11 08:05:00,38,84.41,61.83,50.83,4.68,2.95,1,0,95,Normal,0.0,0
2025-02-09 16:32:00,37,61.71,49.25,68.86,2.51,4.88,1,0,205,Normal,0.0,0
2025-01-22 14:47:00,43,62.94,78.52,42.64,1.91,4.29,1,0,421,Normal,0.0,0
2025-01-21 15:43:00,45,62.7,38.19,36.25,1.29,1.23,0,0,314,Normal,0.0,0
2025-02-25 07:08:00,31,84.17,42.38,32.27,4.76,3.32,1,0,377,Normal,0.0,0
2025-02-26 15:51:00,47,75.98,62.39,69.19,4.7,2.27,1,0,161,Normal,0.0,0
2025-01-05 17:28:00,37,76.17,36.13,42.3,2.09,1.74,1,0,348,Normal,0.0,0
2025-02-13 10:20:00,19,83.32,21.59,36.46,4.68,3.8,1,0,359,Normal,0.0,0
2025-02-27 13:00:00,35,69.98,77.25,57.55,1.31,3.85,2,0,60,Pressure Drop,0.0,1
2025-02-22 21:22:00,20,69.69,50.94,65.15,1.02,4.15,1,0,430,Normal,0.0,0
2025-02-18 09:54:00,21,81.75,42.19,31.52,4.06,2.59,1,0,82,Normal,0.0,0
2025-01-21 04:59:00,14,68.68,66.17,67.4,4.46,3.19,1,0,358,Normal,0.0,0
2025-01-22 22:44:00,11,76.46,37.62,74.06,2.92,2.35,0,0,153,Normal,0.0,0
2025-02-06 01:04:00,12,75.17,20.67,76.86,3.87,2.11,1,0,490,Normal,0.0,0
2025-01-01 17:56:00,9,82.0,59.52,56.32,3.56,2.26,1,0,389,Normal,0.0,0
2025-02-07 11:38:00,24,98.28,52.16,61.64,2.4,2.07,2,1,39,Overheating,1.0,1
2025-03-09 15:44:00,49,102.61,32.75,49.04,1.53,2.73,1,1,42,Normal,1.0,1
2025-02-10 14:15:00,50,68.62,43.5,74.48,2.34,0.72,1,0,476,Normal,0.0,0
2025-01-04 19:55:00,48,78.69,46.22,32.08,2.54,3.06,1,0,70,Normal,0.0,0
2025-02-18 21:08:00,1,75.86,56.72,39.79,4.6,3.79,1,0,117,Normal,0.0,0
2025-02-06 19:19:00,25,65.49,47.29,50.29,3.76,1.16,1,0,86,Normal,0.0,0
2025-02-10 15:46:00,44,69.17,58.87,47.71,3.58,2.84,1,0,322,Normal,0.0,0
2025-02-23 04:25:00,36,95.6,46.86,75.6,1.37,2.67,1,1,13,Normal,1.0,1
2025-03-08 14:52:00,11,80.02,40.38,30.77,3.32,4.2,1,0,19,Normal,0.0,1
2025-01-05 02:27:00,45,79.8,36.91,31.22,2.71,1.16,0,0,454,Normal,0.0,0
2025-02-09 02:30:00,12,65.98,73.67,32.21,2.83,2.8,1,0,365,Normal,0.0,0
2025-03-09 06:56:00,1,84.83,52.52,46.22,2.39,2.82,1,0,235,Normal,0.0,0
2025-02-20 16:00:00,47,82.0,67.72,48.92,4.91,3.52,1,0,495,Normal,0.0,0
2025-01-28 10:52:00,1,91.93,44.02,70.11,2.12,0.91,1,1,14,Normal,1.0,1
2025-01-16 02:17:00,30,71.25,49.7,77.61,4.78,0.96,1,0,116,Normal,0.0,0
2025-02-07 19:16:00,45,81.37,14.22,54.92,1.68,1.88,1,0,122,Normal,0.0,0
2025-02-03 18:48:00,18,74.33,45.3,40.19,2.89,3.18,1,0,91,Normal,0.0,0
2025-01-28 03:13:00,42,76.8,69.1,35.29,1.67,1.79,1,0,402,Normal,0.0,0
2025-03-02 08:52:00,5,82.92,50.0,40.78,3.01,4.0,0,0,83,Normal,0.0,0
2025-01-17 14:56:00,42,79.33,50.8,57.94,1.75,2.66,1,0,225,Normal,0.0,0
2025-01-16 05:36:00,21,77.37,60.6,51.83,2.67,1.07,1,0,324,Normal,0.0,0
2025-01-08 10:03:00,19,63.49,49.9,49.44,3.58,2.5,1,0,384,Normal,0.0,0
2025-01-20 19:10:00,45,85.4,57.74,35.1,2.91,3.65,1,0,179,Normal,0.0,0
2025-01-31 14:38:00,2,71.19,26.75,35.88,4.8,2.3,1,0,458,Normal,0.0,0
2025-01-04 04:54:00,45,67.51,59.44,41.73,1.27,3.86,1,0,478,Normal,0.0,0
2025-02-02 06:00:00,2,74.55,57.37,47.34,3.03,1.36,1,0,193,Normal,0.0,0
2025-02-03 18:39:00,9,89.36,25.55,67.92,1.36,1.93,1,0,479,Normal,0.0,0
2025-02-01 06:49:00,49,93.25,64.21,68.3,3.44,0.76,1,1,12,Normal,1.0,1
2025-01-22 05:33:00,20,75.33,64.88,43.9,1.56,1.46,1,0,460,Normal,0.0,0
2025-03-10 22:00:00,17,73.41,40.4,52.93,3.22,4.11,1,0,345,Normal,0.0,0
2025-01-30 08:09:00,21,79.46,37.02,77.74,2.73,2.08,1,0,58,Normal,0.0,0
2025-02-04 04:56:00,43,80.61,1.98,75.0,1.16,0.91,1,0,312,Normal,0.0,0
2025-02-15 14:42:00,14,70.16,48.26,48.58,3.64,2.55,2,0,12,Normal,0.0,1
2025-02-08 01:12:00,39,70.72,70.99,60.21,2.52,1.6,1,0,294,Normal,0.0,0
2025-02-10 21:14:00,27,76.89,39.8,31.59,1.54,4.4,1,0,222,Normal,0.0,0
2025-02-27 17:24:00,22,82.42,61.44,67.17,3.97,3.43,1,0,30,Normal,0.0,0
2025-03-10 00:10:00,50,66.76,55.98,43.37,3.6,2.36,1,0,291,Normal,0.0,0
2025-01-30 12:44:00,5,70.98,49.43,45.81,2.89,1.67,0,0,367,Normal,0.0,0
2025-01-18 12:54:00,12,59.16,38.45,55.05,4.16,3.99,1,0,443,Normal,0.0,0
2025-02-10 08:12:00,41,57.76,31.45,30.99,3.46,0.69,1,0,203,Normal,0.0,0
2025-01-25 20:54:00,47,88.82,43.62,31.88,4.62,1.58,1,0,252,Normal,0.0,0
2025-02-06 03:43:00,11,73.49,58.45,68.94,3.49,4.26,1,0,472,Normal,0.0,0
2025-01-25 09:42:00,18,73.04,37.3,56.89,1.41,1.48,0,0,243,Normal,0.0,0
2025-01-20 00:21:00,31,69.52,35.33,52.58,4.21,1.8,1,0,74,Normal,0.0,0
2025-03-05 02:55:00,3,66.58,67.23,45.41,3.67,3.53,1,0,86,Normal,0.0,0
2025-02-21 03:48:00,30,74.27,55.28,49.16,4.75,4.33,1,0,14,Normal,0.0,1
2025-02-01 04:22:00,19,75.52,38.11,43.85,3.15,4.97,1,0,482,Normal,0.0,0
2025-01-17 20:08:00,23,66.36,57.29,42.87,1.4,4.42,1,0,231,Normal,0.0,0
2025-03-01 11:36:00,12,74.06,67.43,34.41,1.79,2.62,1,0,463,Normal,0.0,0
2025-03-10 06:21:00,9,63.08,31.26,77.53,1.92,1.76,1,0,372,Normal,0.0,0
2025-02-02 21:13:00,4,74.3,46.69,38.12,4.01,1.04,0,0,187,Normal,0.0,0
2025-03-01 01:48:00,33,70.22,56.28,35.9,4.26,1.41,1,0,46,Normal,0.0,0
2025-02-08 10:44:00,47,62.25,60.42,39.92,1.21,0.98,1,0,94,Normal,0.0,0
2025-02-28 03:55:00,37,50.1,74.02,45.18,3.61,2.6,1,0,215,Normal,0.0,0
2025-02-08 08:47:00,21,76.97,44.47,32.04,2.79,2.43,1,0,104,Normal,0.0,0
2025-01-29 05:18:00,30,70.51,45.24,69.89,1.48,4.82,1,0,347,Normal,0.0,0
2025-02-02 12:57:00,43,81.24,64.36,56.46,4.41,1.49,1,0,386,Normal,0.0,0
2025-01-11 03:47:00,3,83.06,68.01,66.43,3.55,2.51,2,0,18,Normal,0.0,1
2025-02-09 01:10:00,19,85.88,33.65,38.66,2.1,4.79,1,0,32,Normal,0.0,0
2025-03-02 11:53:00,30,61.19,42.68,35.74,1.04,0.67,1,0,110,Normal,0.0,0
2025-02-14 19:42:00,3,67.5,56.99,43.11,4.58,1.71,1,0,294,Normal,0.0,0
2025-01-06 04:41:00,20,67.78,42.83,42.8,1.9,2.82,1,0,192,Normal,0.0,0
2025-03-01 15:45:00,12,73.27,99.43,40.37,3.62,0.55,1,1,41,Normal,1.0,1
2025-01-13 00:16:00,14,70.83,51.1,57.22,4.84,2.52,1,0,37,Normal,0.0,0
2025-01-13 18:36:00,40,76.01,64.65,51.24,4.53,1.67,1,0,329,Normal,0.0,0
2025-02-23 04:33:00,13,67.77,58.66,52.81,2.55,4.64,1,0,408,Normal,0.0,0
2025-02-18 01:24:00,18,80.01,48.73,73.86,4.83,3.62,1,0,287,Normal,0.0,0
2025-01-21 04:37:00,7,72.15,61.08,49.73,2.59,3.06,1,0,166,Normal,0.0,0
2025-01-08 15:49:00,39,76.92,37.6,58.25,3.28,3.81,0,0,224,Normal,0.0,0
2025-01-05 14:08:00,38,65.43,39.35,58.3,3.21,3.9,1,0,28,Normal,0.0,0
2025-01-30 09:37:00,16,73.47,53.29,57.58,4.25,4.33,1,0,247,Normal,0.0,0
2025-01-01 15:58:00,15,77.73,76.69,78.85,1.12,4.77,0,0,458,Normal,0.0,0
2025-01-08 12:27:00,16,84.31,70.92,31.57,4.81,3.99,1,0,342,Normal,0.0,0
2025-01-28 21:38:00,25,59.62,57.84,41.23,3.11,1.26,1,0,461,Normal,0.0,0
2025-03-09 23:46:00,16,72.06,27.79,63.13,2.41,4.47,1,0,260,Normal,0.0,0
2025-01-20 09:05:00,20,82.44,62.68,77.89,3.98,1.37,0,0,233,Normal,0.0,0
2025-01-19 21:01:00,33,77.42,71.01,60.39,4.28,3.32,1,0,135,Normal,0.0,0
2025-02-07 12:38:00,44,81.87,60.65,58.3,2.62,0.57,1,0,322,Normal,0.0,0
2025-01-22 00:15:00,2,74.53,40.65,31.08,2.59,4.48,1,0,268,Normal,0.0,0
2025-01-05 17:22:00,38,78.14,42.62,66.25,4.46,1.5,1,0,136,Normal,0.0,0
2025-03-02 01:21:00,33,63.26,39.83,77.37,3.75,3.73,2,0,317,Vibration Issue,0.0,1
2025-02-23 07:19:00,8,77.69,42.5,54.75,3.45,2.15,1,0,67,Normal,0.0,0
2025-02-04 08:36:00,35,65.36,59.46,70.77,2.43,1.79,1,0,434,Normal,0.0,0
2025-01-06 01:41:00,39,76.34,45.49,48.37,1.71,2.62,1,0,407,Normal,0.0,0
2025-02-24 02:44:00,30,97.65,75.18,52.97,3.17,1.09,1,1,11,Normal,1.0,1
2025-03-03 00:26:00,23,65.8,44.82,54.11,2.65,1.08,1,0,268,Normal,0.0,0
2025-03-06 12:09:00,23,80.84,81.98,58.48,1.63,0.85,1,1,21,Normal,1.0,1
2025-02-26 23:20:00,28,63.65,32.45,31.5,1.9,2.36,2,0,350,Vibration Issue,0.0,1
2025-02-01 21:00:00,32,76.28,49.39,54.06,2.39,3.49,1,0,34,Normal,0.0,0
2025-02-26 23:43:00,24,61.99,62.19,66.84,4.81,1.3,0,0,14,Normal,0.0,1
2025-01-21 08:10:00,22,82.87,40.55,69.35,1.82,1.86,2,0,21,Vibration Issue,0.0,1
2025-01-11 09:37:00,13,76.74,66.88,73.41,1.53,3.04,1,0,473,Normal,0.0,0
2025-02-02 08:02:00,40,75.98,75.4,53.83,1.74,1.81,1,0,64,Normal,0.0,0
2025-02-27 15:36:00,31,97.66,43.58,72.05,1.49,4.54,2,1,14,Pressure Drop,1.0,1
2025-01-26 12:02:00,18,64.82,67.83,63.9,3.8,4.26,1,0,481,Normal,0.0,0
2025-01-29 02:33:00,21,59.34,38.33,55.69,4.15,4.29,0,0,144,Normal,0.0,0
2025-02-19 14:18:00,5,84.11,47.34,58.31,3.61,3.86,1,0,323,Normal,0.0,0
2025-01-02 05:19:00,41,62.15,41.74,60.09,2.6,2.98,2,0,434,Pressure Drop,0.0,1
2025-01-18 07:43:00,17,72.91,80.09,34.23,4.02,2.99,0,1,39,Normal,1.0,1
2025-03-07 10:34:00,4,65.99,62.79,56.44,3.5,3.74,1,0,43,Normal,0.0,0
2025-01-25 14:46:00,39,71.35,41.16,34.61,4.79,4.79,1,0,309,Normal,0.0,0
2025-01-25 09:40:00,46,70.36,46.65,51.16,3.83,1.59,1,0,147,Normal,0.0,0
2025-01-09 17:13:00,1,77.43,58.34,56.72,1.93,2.55,1,0,238,Normal,0.0,0
2025-02-08 16:28:00,24,70.54,33.54,67.87,3.71,4.5,1,0,322,Normal,0.0,0
2025-01-10 15:19:00,6,65.18,42.99,54.66,4.59,4.28,0,0,125,Normal,0.0,0
2025-03-07 21:41:00,9,76.4,60.68,30.46,2.52,2.46,2,0,227,Vibration Issue,0.0,1
2025-01-22 20:34:00,19,78.07,57.15,38.0,3.78,2.2,1,0,112,Normal,0.0,0
2025-01-17 17:46:00,20,74.9,38.95,37.6,2.63,3.99,1,0,191,Normal,0.0,0
2025-01-25 11:47:00,24,84.94,52.96,48.79,3.07,2.76,1,0,470,Normal,0.0,0
2025-02-04 10:20:00,43,53.12,33.25,73.48,1.57,0.59,1,0,201,Normal,0.0,0
2025-01-11 01:10:00,33,76.71,45.13,38.78,2.18,1.75,1,0,158,Normal,0.0,0
2025-01-19 16:46:00,28,77.68,30.62,61.69,3.3,2.14,1,0,96,Normal,0.0,0
2025-02-20 18:11:00,6,68.48,43.41,30.63,2.57,2.09,1,0,332,Normal,0.0,0
2025-02-11 22:08:00,20,83.16,56.41,42.41,2.53,1.09,1,0,149,Normal,0.0,0
2025-01-26 16:31:00,5,74.13,35.88,38.14,1.36,0.78,1,0,102,Normal,0.0,0
2025-02-26 14:49:00,33,68.76,76.63,66.27,1.96,3.38,1,0,400,Normal,0.0,0
2025-01-13 12:19:00,6,73.12,42.14,48.8,2.41,3.83,2,0,441,Overheating,0.0,1
2025-01-20 06:18:00,47,62.59,56.11,30.3,2.33,2.35,1,0,346,Normal,0.0,0
2025-02-21 02:37:00,20,71.88,51.76,41.79,2.06,4.77,2,0,111,Overheating,0.0,1
2025-01-01 01:48:00,8,71.93,50.89,57.17,1.96,3.38,0,0,480,Normal,0.0,0
2025-03-06 10:51:00,40,67.94,42.54,56.47,3.02,3.64,0,0,59,Normal,0.0,0
2025-01-18 08:47:00,32,73.71,51.16,44.31,3.38,2.79,1,0,442,Normal,0.0,0
2025-01-02 14:39:00,48,55.42,60.01,53.5,2.26,4.22,1,0,81,Normal,0.0,0
2025-01-13 01:55:00,36,73.21,28.26,65.26,4.08,1.43,1,0,434,Normal,0.0,0
2025-02-24 05:43:00,44,72.59,46.79,34.94,3.5,3.93,1,0,47,Normal,0.0,0
2025-02-09 02:37:00,15,77.01,59.43,69.52,4.58,2.69,1,0,446,Normal,0.0,0
2025-02-09 06:06:00,31,84.25,33.45,53.87,2.73,4.11,1,0,166,Normal,0.0,0
2025-01-08 16:39:00,43,74.56,73.62,66.61,4.5,2.71,1,0,202,Normal,0.0,0
2025-01-19 06:52:00,43,80.2,15.39,57.06,3.04,3.57,1,0,245,Normal,0.0,0
2025-01-26 05:37:00,17,78.64,49.0,52.54,3.96,2.02,1,0,48,Normal,0.0,0
2025-01-09 16:10:00,13,75.35,69.93,31.65,1.54,0.5,1,0,369,Normal,0.0,0
2025-01-28 18:03:00,33,78.92,26.55,36.56,1.85,2.12,1,0,286,Normal,0.0,0
2025-01-06 21:59:00,26,76.76,31.2,47.71,4.23,1.3,1,0,60,Normal,0.0,0
2025-01-31 04:31:00,6,61.71,76.59,35.02,1.2,3.0,1,0,396,Normal,0.0,0
2025-01-01 02:56:00,44,82.0,62.85,70.36,3.39,1.69,1,0,401,Normal,0.0,0
2025-01-10 06:01:00,46,88.96,36.9,45.98,2.42,4.46,2,0,26,Pressure Drop,0.0,1
2025-01-08 19:28:00,46,81.7,46.12,55.68,2.95,1.9,2,0,346,Vibration Issue,0.0,1
2025-03-02 22:43:00,8,75.04,78.19,34.35,2.56,4.34,1,0,468,Normal,0.0,0
2025-01-05 16:52:00,15,70.45,40.76,38.12,3.97,4.49,1,0,157,Normal,0.0,0
2025-01-24 23:18:00,48,73.38,61.78,75.1,4.62,1.11,1,0,456,Normal,0.0,0
2025-03-09 00:33:00,35,80.36,55.16,35.78,3.06,2.67,1,0,106,Normal,0.0,0
2025-01-29 15:44:00,18,64.54,51.09,38.63,4.86,1.23,1,0,216,Normal,0.0,0
2025-01-30 11:14:00,13,84.31,66.88,36.28,3.41,1.99,0,0,394,Normal,0.0,0
2025-01-14 00:12:00,22,55.91,58.3,44.0,1.14,4.21,0,0,450,Normal,0.0,0
2025-02-18 11:48:00,21,57.4,41.82,43.09,3.47,4.17,1,0,250,Normal,0.0,0
2025-03-09 14:03:00,32,76.58,34.03,72.88,2.42,3.22,1,0,91,Normal,0.0,0
2025-01-20 23:42:00,18,77.88,31.92,47.86,3.22,2.68,1,0,327,Normal,0.0,0
2025-02-04 23:34:00,20,64.35,33.52,38.86,2.57,1.13,1,0,275,Normal,0.0,0
2025-01-01 09:01:00,40,68.24,68.23,36.93,4.69,2.25,1,0,418,Normal,0.0,0
2025-01-08 07:03:00,7,76.96,40.63,34.53,4.61,1.83,2,0,380,Normal,0.0,1
2025-03-02 21:21:00,16,85.01,69.93,63.61,4.36,2.67,1,0,291,Normal,0.0,0
2025-01-29 06:26:00,41,64.13,46.39,40.91,2.26,3.71,0,0,118,Normal,0.0,0
2025-01-17 19:54:00,22,75.12,61.68,36.29,2.04,4.25,2,0,24,Vibration Issue,0.0,1
2025-01-25 05:33:00,38,85.32,49.45,39.48,2.41,4.95,1,0,417,Normal,0.0,0
2025-01-29 11:09:00,27,83.12,38.86,40.49,4.98,2.6,1,0,86,Normal,0.0,0
2025-01-15 17:21:00,15,80.76,80.42,47.29,4.52,2.57,1,1,3,Normal,1.0,1
2025-02-12 18:24:00,16,71.2,15.22,72.43,1.49,4.83,1,0,336,Normal,0.0,0
2025-03-09 23:02:00,33,52.92,53.1,57.31,4.34,4.58,0,0,463,Normal,0.0,0
2025-01-01 11:07:00,17,78.06,31.07,77.81,4.04,4.39,1,0,474,Normal,0.0,0
2025-01-10 09:37:00,27,68.17,45.69,48.32,1.13,3.0,0,0,450,Normal,0.0,0
2025-03-01 13:45:00,36,67.43,49.08,49.03,3.1,2.4,1,0,289,Normal,0.0,0
2025-02-20 23:28:00,39,77.3,54.32,46.76,2.92,3.51,1,0,419,Normal,0.0,0
2025-03-03 06:30:00,10,89.89,30.86,37.94,3.57,3.06,1,0,244,Normal,0.0,0
2025-01-05 20:30:00,45,77.9,40.72,65.34,4.7,2.43,1,0,182,Normal,0.0,0
2025-02-09 19:05:00,20,78.28,61.58,37.24,1.61,3.4,1,0,499,Normal,0.0,0
2025-03-08 06:12:00,19,76.03,33.83,52.72,4.64,2.93,1,0,272,Normal,0.0,0
2025-01-01 11:23:00,3,80.29,59.12,64.01,4.66,2.87,0,0,132,Normal,0.0,0
2025-02-13 17:22:00,23,82.98,71.14,71.65,2.84,0.69,2,0,108,Overheating,0.0,1
2025-02-10 07:02:00,30,72.99,70.38,58.65,1.82,1.6,2,0,277,Normal,0.0,1
2025-01-15 23:28:00,46,78.32,79.07,39.55,4.09,4.33,1,0,103,Normal,0.0,0
2025-02-28 11:10:00,17,83.73,58.29,38.58,3.31,4.78,1,0,470,Normal,0.0,0
2025-01-09 07:12:00,8,79.02,62.42,58.06,1.77,2.64,1,0,61,Normal,0.0,0
2025-01-18 13:22:00,1,66.93,74.56,32.05,4.62,1.8,1,0,250,Normal,0.0,0
2025-01-11 21:34:00,3,80.89,50.7,61.9,3.93,4.61,1,0,379,Normal,0.0,0
2025-01-23 11:19:00,43,85.51,43.67,78.51,2.21,0.75,1,0,104,Normal,0.0,0
2025-01-07 08:47:00,15,86.74,49.24,33.96,4.25,4.29,1,0,184,Normal,0.0,0
2025-01-27 06:32:00,4,77.53,37.97,39.54,2.51,1.96,1,0,175,Normal,0.0,0
2025-02-06 07:57:00,40,71.14,43.64,57.06,3.45,0.55,1,0,307,Normal,0.0,0
2025-01-23 15:01:00,9,78.69,86.88,72.52,2.76,1.52,1,1,27,Normal,1.0,1
2025-01-15 07:49:00,5,82.66,55.29,37.78,1.19,3.81,1,0,222,Normal,0.0,0
2025-02-22 12:24:00,4,68.19,22.91,72.77,2.86,2.0,1,0,362,Normal,0.0,0
2025-02-19 09:12:00,48,80.46,63.36,61.23,3.1,2.15,0,0,280,Normal,0.0,0
2025-02-20 14:45:00,3,67.31,43.37,33.19,1.82,1.93,1,0,402,Normal,0.0,0
2025-01-26 14:58:00,42,82.3,62.14,55.6,4.19,3.84,0,0,104,Normal,0.0,0
2025-01-30 11:54:00,21,90.53,24.17,67.17,2.46,3.89,1,1,29,Normal,1.0,1
2025-01-01 13:48:00,12,65.36,46.2,48.63,2.84,3.45,1,0,315,Normal,0.0,0
2025-02-20 13:17:00,3,82.66,54.75,61.24,1.45,3.34,1,0,498,Normal,0.0,0
2025-01-30 21:51:00,26,60.3,33.37,46.34,2.38,0.73,1,0,472,Normal,0.0,0
2025-02-05 01:31:00,16,80.56,24.56,31.28,3.23,2.4,0,0,31,Normal,0.0,0
2025-02-13 17:27:00,30,72.44,43.09,69.3,3.18,1.91,1,0,306,Normal,0.0,0
2025-02-27 21:04:00,33,71.75,44.21,62.5,4.97,3.96,1,0,383,Normal,0.0,0
2025-02-03 23:04:00,39,59.8,75.01,56.84,4.63,4.57,0,0,398,Normal,0.0,0
2025-02-10 11:03:00,29,94.32,38.01,50.03,3.9,1.91,1,1,20,Normal,1.0,1
2025-03-07 19:44:00,25,78.18,37.92,37.77,3.45,1.91,1,0,274,Normal,0.0,0
2025-01-26 09:08:00,36,58.89,43.15,53.15,4.13,0.62,1,0,235,Normal,0.0,0
2025-02-15 13:08:00,49,90.75,36.3,66.56,1.57,3.76,0,1,42,Normal,1.0,1
2025-02-06 23:01:00,40,90.69,45.75,58.6,3.58,2.61,0,1,33,Normal,1.0,1
2025-02-23 17:48:00,2,83.07,60.3,77.9,4.86,3.98,1,0,389,Normal,0.0,0
2025-02-07 07:09:00,43,100.17,42.04,36.71,3.07,1.65,1,1,12,Normal,1.0,1
2025-01-23 22:48:00,50,81.0,55.63,55.22,1.49,1.04,1,0,410,Normal,0.0,0
2025-01-10 16:23:00,49,80.77,69.18,66.67,1.26,0.78,2,0,187,Vibration Issue,0.0,1
2025-03-03 16:28:00,44,61.56,31.1,75.42,1.95,2.73,0,0,451,Normal,0.0,0
2025-01-11 14:08:00,9,69.85,36.41,51.87,4.37,1.44,1,0,187,Normal,0.0,0
2025-02-28 12:26:00,25,73.77,62.72,43.56,4.1,3.31,1,0,128,Normal,0.0,0
2025-02-18 11:29:00,27,76.66,62.86,65.72,2.95,4.91,1,0,163,Normal,0.0,0
2025-01-30 10:22:00,7,75.27,52.09,36.22,2.68,0.76,1,0,195,Normal,0.0,0
2025-02-15 13:47:00,20,87.61,37.83,79.76,1.04,2.93,1,0,489,Normal,0.0,0
2025-02-08 06:11:00,12,65.75,57.33,69.3,3.62,2.71,1,0,299,Normal,0.0,0
2025-01-14 06:49:00,8,84.16,80.29,34.83,4.01,3.86,1,1,4,Normal,1.0,1
2025-01-29 20:24:00,32,85.33,21.0,52.88,3.86,0.94,1,0,46,Normal,0.0,0
2025-03-03 00:50:00,41,67.46,45.11,60.78,3.93,3.75,1,0,349,Normal,0.0,0
2025-01-04 15:28:00,1,70.6,46.06,43.61,3.43,1.11,1,0,12,Normal,0.0,1
2025-01-04 17:43:00,20,80.27,74.05,68.44,4.28,4.22,1,0,280,Normal,0.0,0
2025-02-24 17:08:00,26,81.65,49.34,62.83,3.99,1.62,1,0,193,Normal,0.0,0
2025-02-27 04:06:00,9,61.1,46.13,42.2,2.43,4.06,1,0,86,Normal,0.0,0
2025-01-09 16:35:00,7,71.59,47.39,43.17,1.98,0.9,1,0,134,Normal,0.0,0
2025-02-23 05:35:00,7,66.33,53.23,43.84,2.74,1.34,1,0,122,Normal,0.0,0
2025-02-02 00:18:00,33,66.17,80.8,68.71,2.68,1.63,1,1,5,Normal,1.0,1
2025-02-20 06:15:00,11,81.51,42.12,79.7,2.8,3.46,1,0,24,Normal,0.0,0
2025-01-27 22:43:00,31,74.87,61.46,79.24,3.21,1.95,0,0,157,Normal,0.0,0
2025-02-01 14:22:00,20,80.15,38.78,77.47,3.46,1.28,1,0,44,Normal,0.0,0
2025-01-31 08:05:00,28,66.93,34.56,31.32,3.15,1.3,1,0,294,Normal,0.0,0
2025-01-05 04:47:00,10,100.44,50.83,67.34,3.35,1.72,1,1,38,Normal,1.0,1
2025-03-05 18:23:00,20,71.19,55.02,49.92,3.46,3.33,1,0,108,Normal,0.0,0
2025-02-05 16:21:00,31,69.68,41.98,57.39,4.22,3.77,1,0,418,Normal,0.0,0
2025-01-22 12:01:00,11,75.37,73.37,79.19,3.94,4.99,1,0,368,Normal,0.0,0
2025-02-10 03:17:00,14,75.36,56.54,41.34,1.78,0.8,1,0,371,Normal,0.0,0
2025-01-29 12:27:00,13,88.89,39.71,66.05,4.02,4.97,0,0,110,Normal,0.0,0
2025-03-02 14:09:00,12,63.74,41.0,72.29,3.03,1.39,1,0,22,Normal,0.0,0
2025-01-25 23:40:00,21,70.81,45.97,46.41,4.64,4.42,1,0,210,Normal,0.0,0
2025-01-26 21:52:00,35,64.15,42.08,59.76,2.21,1.64,1,0,373,Normal,0.0,0
2025-02-25 17:08:00,49,56.79,45.03,43.24,4.65,2.42,1,0,428,Normal,0.0,0
2025-01-17 10:58:00,47,83.04,47.43,72.63,4.17,1.76,1,0,464,Normal,0.0,0
2025-01-28 16:43:00,22,77.28,61.59,78.39,1.44,3.78,1,0,300,Normal,0.0,0
2025-02-28 19:58:00,1,81.31,44.27,73.78,4.68,0.86,2,0,370,Vibration Issue,0.0,1
2025-01-15 02:48:00,19,89.88,68.66,67.77,1.02,4.1,1,0,95,Normal,0.0,0
2025-01-23 12:52:00,22,71.26,54.94,57.45,2.87,0.57,1,0,32,Normal,0.0,0
2025-01-31 07:25:00,31,73.79,48.75,40.45,1.36,2.62,1,0,184,Normal,0.0,0
2025-01-09 14:52:00,29,67.47,43.08,41.9,2.14,2.44,1,0,381,Normal,0.0,0
2025-01-25 08:19:00,50,65.04,44.62,65.96,3.09,1.17,1,0,48,Normal,0.0,0
2025-02-12 05:05:00,38,63.26,48.92,57.78,2.61,3.65,0,0,61,Normal,0.0,0
2025-03-02 18:11:00,29,64.8,46.06,71.35,2.55,0.99,1,0,249,Normal,0.0,0
2025-02-04 09:14:00,28,80.99,83.8,70.25,3.57,2.17,1,1,14,Normal,1.0,1
2025-01-02 10:39:00,34,82.44,51.88,61.95,3.58,2.71,1,0,162,Normal,0.0,0
2025-03-04 20:33:00,21,82.52,74.21,69.81,2.39,4.89,1,0,341,Normal,0.0,0
2025-01-04 06:10:00,33,62.76,42.51,70.45,4.61,1.84,0,0,25,Normal,0.0,0
2025-02-03 14:51:00,27,81.14,32.58,50.91,2.79,4.48,1,0,202,Normal,0.0,0
2025-01-27 20:10:00,6,64.48,50.11,51.25,4.19,1.05,1,0,13,Normal,0.0,1
2025-02-20 10:10:00,7,85.91,68.69,67.68,1.17,2.5,1,0,465,Normal,0.0,0
2025-01-01 05:47:00,47,78.69,63.72,62.84,4.59,4.23,1,0,260,Normal,0.0,0
2025-01-28 02:37:00,44,67.77,51.02,60.82,4.38,2.54,2,0,64,Vibration Issue,0.0,1
2025-01-15 03:25:00,30,57.87,69.16,68.45,3.99,3.84,1,0,54,Normal,0.0,0
2025-01-15 09:12:00,10,85.44,24.0,37.45,2.41,3.64,1,0,350,Normal,0.0,0
2025-01-01 05:18:00,33,62.79,43.25,70.62,2.51,4.8,0,0,126,Normal,0.0,0
2025-02-16 08:37:00,27,68.8,58.69,38.75,1.49,0.98,1,0,439,Normal,0.0,0
2025-02-18 03:54:00,27,80.16,53.47,76.74,3.14,4.45,1,0,95,Normal,0.0,0
2025-03-08 08:59:00,20,72.7,41.66,59.55,3.07,0.88,1,0,397,Normal,0.0,0
2025-02-15 18:51:00,39,74.78,51.19,61.83,2.09,3.21,1,0,236,Normal,0.0,0
2025-01-09 15:56:00,17,81.31,78.45,54.22,3.67,4.57,0,0,192,Normal,0.0,0
2025-01-06 11:34:00,2,77.21,25.55,72.0,1.06,3.58,0,0,203,Normal,0.0,0
2025-01-09 05:52:00,3,62.35,73.67,62.12,3.3,3.98,1,0,199,Normal,0.0,0
2025-01-01 15:56:00,38,77.27,64.03,61.09,3.16,4.73,1,0,459,Normal,0.0,0
2025-02-04 15:11:00,36,61.18,59.83,45.35,4.99,3.25,1,0,437,Normal,0.0,0
2025-01-23 07:05:00,48,77.7,38.67,77.39,3.29,2.46,1,0,188,Normal,0.0,0
2025-02-16 08:46:00,40,73.95,51.35,62.03,1.74,0.81,2,0,98,Pressure Drop,0.0,1
2025-01-07 19:39:00,33,73.83,38.76,42.63,1.09,4.69,2,0,457,Vibration Issue,0.0,1
2025-01-14 18:55:00,46,84.28,51.55,69.0,3.38,5.0,1,0,75,Normal,0.0,0
2025-02-01 02:53:00,27,50.53,77.31,79.1,3.69,0.97,0,0,322,Normal,0.0,0
2025-01-23 22:52:00,18,65.04,55.45,48.66,2.57,3.05,1,0,208,Normal,0.0,0
2025-03-05 02:40:00,37,74.31,19.85,62.43,2.99,0.58,1,0,296,Normal,0.0,0
2025-01-06 15:36:00,44,76.61,49.44,43.92,2.71,4.33,1,0,94,Normal,0.0,0
2025-02-15 07:37:00,35,77.97,35.36,78.46,3.46,3.72,0,0,104,Normal,0.0,0
2025-01-10 16:41:00,43,73.5,71.98,71.0,4.16,2.85,1,0,172,Normal,0.0,0
2025-03-05 23:33:00,11,76.61,39.28,45.58,2.57,2.11,1,0,178,Normal,0.0,0
2025-01-28 06:40:00,40,86.06,34.04,34.19,2.98,2.62,1,0,159,Normal,0.0,0
2025-02-27 14:07:00,44,70.41,51.68,34.58,3.81,4.73,1,0,292,Normal,0.0,0
2025-02-27 02:32:00,2,70.06,55.55,65.86,2.4,5.0,1,0,499,Normal,0.0,0
2025-03-04 13:15:00,11,85.53,68.32,30.41,3.38,1.49,1,0,193,Normal,0.0,0
2025-02-04 08:49:00,33,87.66,55.5,52.24,3.2,3.01,1,0,94,Normal,0.0,0
2025-02-20 19:28:00,34,79.27,56.88,72.99,1.75,2.42,1,0,405,Normal,0.0,0
2025-02-12 22:30:00,6,63.71,41.34,39.01,4.63,4.26,1,0,134,Normal,0.0,0
2025-01-20 09:57:00,6,69.7,64.51,46.09,2.35,3.12,2,0,99,Overheating,0.0,1
2025-01-26 19:34:00,20,75.96,59.96,37.16,3.24,3.25,1,0,354,Normal,0.0,0
2025-01-31 04:11:00,15,78.54,38.9,43.62,4.78,2.06,1,0,101,Normal,0.0,0
2025-02-19 07:57:00,50,57.97,63.76,70.92,3.46,1.55,1,0,211,Normal,0.0,0
2025-01-28 05:40:00,31,76.67,45.57,65.58,4.44,1.81,1,0,484,Normal,0.0,0
2025-01-04 03:37:00,12,80.82,67.6,50.26,2.92,1.78,1,0,202,Normal,0.0,0
2025-01-29 11:30:00,27,77.2,53.44,49.91,1.2,1.4,1,0,261,Normal,0.0,0
2025-02-26 21:35:00,4,77.95,63.15,70.26,2.41,0.5,1,0,220,Normal,0.0,0
2025-02-03 14:52:00,17,66.98,51.49,72.71,1.14,3.38,2,0,254,Normal,0.0,1
2025-01-24 22:08:00,40,55.36,75.34,70.34,4.16,3.9,1,0,376,Normal,0.0,0
2025-01-02 00:51:00,34,67.06,43.97,77.48,4.15,1.9,1,0,254,Normal,0.0,0
2025-02-17 20:55:00,23,63.43,60.72,58.41,1.82,2.37,1,0,375,Normal,0.0,0
2025-01-04 03:11:00,24,75.47,69.71,58.88,1.7,4.58,1,0,450,Normal,0.0,0
2025-02-28 01:19:00,1,78.98,66.26,39.99,2.82,4.89,1,0,383,Normal,0.0,0
2025-02-03 03:57:00,14,82.3,52.94,52.88,2.18,3.49,1,0,295,Normal,0.0,0
2025-02-03 05:22:00,17,76.76,69.59,50.6,1.32,3.4,1,0,375,Normal,0.0,0
2025-01-11 12:48:00,18,75.98,67.18,76.68,4.56,0.69,0,0,260,Normal,0.0,0
2025-02-26 13:49:00,41,89.4,74.41,43.44,2.04,2.37,1,0,233,Normal,0.0,0
2025-01-23 02:55:00,30,80.84,37.49,79.12,2.69,3.27,1,0,24,Normal,0.0,0
2025-02-14 08:17:00,47,69.12,54.65,46.46,1.6,1.83,1,0,257,Normal,0.0,0
2025-02-11 04:56:00,24,78.04,64.34,70.48,1.81,4.64,1,0,376,Normal,0.0,0
2025-02-05 13:58:00,21,61.94,50.28,78.36,1.9,0.94,1,0,51,Normal,0.0,0
2025-02-03 18:56:00,4,83.83,30.28,64.34,2.31,2.93,1,0,100,Normal,0.0,0
2025-01-13 19:31:00,7,72.16,44.87,63.02,4.68,4.95,1,0,309,Normal,0.0,0
2025-02-25 21:36:00,45,70.33,58.03,46.35,2.87,2.93,0,0,439,Normal,0.0,0
2025-01-31 19:38:00,39,65.09,46.65,77.45,3.18,1.46,2,0,64,Normal,0.0,1
2025-01-02 03:38:00,11,77.57,31.25,34.52,1.39,4.23,1,0,317,Normal,0.0,0
2025-01-24 09:44:00,18,50.71,76.98,44.25,3.41,0.72,1,0,338,Normal,0.0,0
2025-02-20 04:41:00,2,69.08,43.72,46.87,4.65,3.17,1,0,488,Normal,0.0,0
2025-02-18 22:43:00,33,78.1,51.67,76.92,1.84,3.54,1,0,218,Normal,0.0,0
2025-01-26 19:36:00,9,64.92,64.37,76.5,3.13,0.55,1,0,96,Normal,0.0,0
2025-02-08 16:00:00,33,85.55,32.53,35.74,1.73,4.83,0,0,70,Normal,0.0,0
2025-02-24 09:04:00,5,69.48,51.81,41.16,4.41,3.89,2,0,201,Vibration Issue,0.0,1
2025-01-18 11:54:00,32,99.95,62.52,56.84,1.46,2.39,0,1,19,Normal,1.0,1
2025-01-21 14:55:00,24,74.42,39.56,66.0,4.29,1.56,1,0,286,Normal,0.0,0
2025-02-03 11:04:00,45,88.97,45.02,76.63,1.86,3.42,1,0,316,Normal,0.0,0
2025-02-03 05:05:00,15,84.9,52.55,32.6,1.31,1.3,1,0,152,Normal,0.0,0
2025-02-18 13:10:00,9,81.1,61.28,60.88,4.71,4.14,1,0,200,Normal,0.0,0
2025-02-13 13:34:00,26,74.42,47.1,75.83,1.24,3.08,0,0,317,Normal,0.0,0
2025-02-12 09:19:00,2,69.89,56.15,58.35,1.17,3.25,2,0,457,Overheating,0.0,1
2025-03-05 05:29:00,50,68.07,42.59,36.26,1.9,2.61,0,0,134,Normal,0.0,0
2025-02-02 03:31:00,38,83.86,31.12,74.77,2.95,0.94,1,0,396,Normal,0.0,0
2025-01-13 20:46:00,4,81.5,55.08,35.3,4.68,2.79,0,0,261,Normal,0.0,0
2025-01-24 05:07:00,29,71.18,50.95,60.97,3.33,3.08,1,0,329,Normal,0.0,0
2025-01-03 05:49:00,26,79.27,55.4,67.03,4.85,0.97,1,0,54,Normal,0.0,0
2025-02-05 10:18:00,18,86.55,12.28,76.5,4.65,4.64,2,0,180,Pressure Drop,0.0,1
2025-01-29 02:11:00,27,93.97,58.96,61.18,1.38,3.01,2,1,12,Overheating,1.0,1
2025-01-30 10:36:00,46,75.76,39.92,71.8,3.86,4.04,1,0,439,Normal,0.0,0
2025-03-02 19:00:00,11,64.57,56.39,65.93,3.51,2.09,1,0,326,Normal,0.0,0
2025-03-04 12:30:00,26,87.77,66.9,78.12,4.01,2.11,1,0,122,Normal,0.0,0
2025-01-05 15:05:00,46,55.76,42.37,76.19,4.94,3.27,2,0,141,Vibration Issue,0.0,1
2025-02-05 00:11:00,47,81.64,58.61,30.99,3.19,2.42,1,0,177,Normal,0.0,0
2025-03-01 04:37:00,38,84.73,55.35,67.51,3.87,3.83,1,0,422,Normal,0.0,0
2025-01-02 09:30:00,12,87.16,65.02,49.63,3.27,2.54,2,0,233,Pressure Drop,0.0,1
2025-01-22 21:28:00,32,75.69,50.61,78.85,4.95,1.78,1,0,18,Normal,0.0,1
2025-01-29 11:10:00,42,85.97,20.99,77.03,3.11,2.55,1,0,183,Normal,0.0,0
2025-01-17 16:40:00,27,83.93,47.45,58.28,3.63,4.67,1,0,485,Normal,0.0,0
2025-01-26 22:10:00,44,72.7,48.44,42.1,2.0,3.47,1,0,88,Normal,0.0,0
2025-02-22 08:40:00,32,75.02,45.97,40.43,1.02,2.42,1,0,149,Normal,0.0,0
2025-02-07 00:35:00,3,67.89,28.8,65.71,3.51,1.03,1,0,183,Normal,0.0,0
2025-01-01 19:19:00,22,69.54,61.71,48.25,4.37,2.13,1,0,410,Normal,0.0,0
2025-02-22 05:21:00,40,76.42,64.57,52.67,3.18,1.81,1,0,102,Normal,0.0,0
2025-01-06 12:44:00,23,69.41,50.31,44.93,3.79,3.74,1,0,89,Normal,0.0,0
2025-01-05 22:07:00,13,66.08,63.76,69.48,2.74,3.2,1,0,435,Normal,0.0,0
2025-01-22 12:32:00,46,75.19,20.29,79.89,4.8,1.74,1,0,94,Normal,0.0,0
2025-01-16 18:16:00,23,54.23,68.68,54.14,4.83,4.1,0,0,341,Normal,0.0,0
2025-03-10 03:59:00,35,71.93,26.34,63.29,1.65,1.62,1,0,175,Normal,0.0,0
2025-02-05 01:01:00,23,79.68,43.86,66.12,3.96,1.92,1,0,82,Normal,0.0,0
2025-02-20 20:03:00,2,74.09,83.29,78.1,3.63,3.94,0,1,26,Normal,1.0,1
2025-03-05 15:40:00,10,71.68,67.92,39.91,4.13,3.61,1,0,474,Normal,0.0,0
2025-02-02 23:42:00,14,64.65,51.27,70.53,1.63,3.89,1,0,37,Normal,0.0,0
2025-02-16 01:11:00,14,75.81,42.67,56.78,4.95,4.28,1,0,275,Normal,0.0,0
2025-03-04 22:44:00,38,65.41,23.18,69.22,4.13,3.28,1,0,244,Normal,0.0,0
2025-03-06 17:29:00,11,53.83,34.66,44.42,4.07,1.97,1,0,163,Normal,0.0,0
2025-02-17 04:01:00,23,82.35,40.97,60.61,1.01,2.25,1,0,72,Normal,0.0,0
2025-02-06 02:47:00,45,91.55,52.31,53.81,1.46,1.42,1,1,29,Normal,1.0,1
2025-02-15 15:12:00,29,74.66,58.31,48.81,3.66,4.9,1,0,425,Normal,0.0,0
2025-02-04 14:33:00,10,71.37,58.94,66.62,4.76,3.77,1,0,292,Normal,0.0,0
2025-01-31 21:17:00,9,79.8,56.32,58.36,3.22,0.66,2,0,437,Pressure Drop,0.0,1
2025-03-08 01:46:00,47,91.16,54.29,54.89,1.79,1.7,1,1,19,Normal,1.0,1
2025-01-09 03:09:00,42,81.36,66.62,78.91,3.8,4.99,0,0,288,Normal,0.0,0
2025-02-15 21:56:00,42,78.38,42.85,42.24,1.52,2.53,1,0,324,Normal,0.0,0
2025-02-14 11:14:00,10,63.26,50.01,72.89,2.16,1.85,1,0,318,Normal,0.0,0
2025-01-29 06:42:00,47,56.4,46.17,32.78,4.94,4.32,1,0,138,Normal,0.0,0
2025-01-10 12:13:00,5,73.59,66.89,43.49,4.94,3.01,1,0,417,Normal,0.0,0
2025-02-12 14:58:00,12,66.77,16.0,44.14,1.66,2.37,1,0,64,Normal,0.0,0
2025-03-03 21:38:00,4,63.92,54.6,45.76,3.14,3.81,1,0,240,Normal,0.0,0
2025-01-19 22:54:00,3,96.08,41.02,61.8,4.69,2.07,2,1,25,Electrical Fault,1.0,1
2025-02-19 00:29:00,22,70.74,32.69,67.19,2.26,1.61,0,0,418,Normal,0.0,0
2025-02-09 14:18:00,50,86.73,67.68,52.23,4.25,1.63,1,0,55,Normal,0.0,0
2025-03-09 03:05:00,18,91.21,37.24,61.19,3.18,2.93,2,1,6,Electrical Fault,1.0,1
2025-02-14 12:09:00,36,72.06,57.24,74.95,1.63,4.06,0,0,424,Normal,0.0,0
2025-01-31 23:48:00,22,77.31,40.62,43.86,2.94,2.64,1,0,106,Normal,0.0,0
2025-02-24 21:34:00,43,82.64,52.56,52.23,1.93,2.99,2,0,24,Normal,0.0,1
2025-02-18 19:24:00,33,74.27,54.7,41.16,2.23,2.33,1,0,38,Normal,0.0,0
2025-02-28 13:29:00,20,87.15,97.5,69.24,2.87,3.28,1,1,2,Normal,1.0,1
2025-02-14 18:49:00,18,73.06,39.29,61.31,3.67,4.41,1,0,440,Normal,0.0,0
2025-01-16 16:40:00,26,83.94,42.45,78.57,2.78,2.97,1,0,433,Normal,0.0,0
2025-02-09 06:41:00,22,78.59,48.94,60.19,3.6,4.13,1,0,273,Normal,0.0,0
2025-01-23 05:10:00,23,75.08,71.05,45.09,2.12,0.89,1,0,341,Normal,0.0,0
2025-02-02 16:08:00,14,78.86,39.96,34.04,4.53,4.96,0,0,475,Normal,0.0,0
2025-02-28 21:26:00,5,97.97,60.12,43.97,1.42,4.11,1,1,29,Normal,1.0,1
2025-01-28 04:13:00,25,66.79,62.98,56.14,3.89,2.9,1,0,483,Normal,0.0,0
2025-02-03 10:04:00,8,68.46,56.55,63.07,1.82,3.55,1,0,262,Normal,0.0,0
2025-02-20 10:38:00,21,83.28,54.86,47.26,1.88,1.74,1,0,166,Normal,0.0,0
2025-01-28 09:16:00,12,76.17,43.03,57.21,4.89,3.35,0,0,57,Normal,0.0,0
2025-01-08 19:37:00,9,83.32,70.51,64.28,2.69,3.93,1,0,411,Normal,0.0,0
2025-02-28 10:34:00,27,81.72,23.19,52.29,1.27,0.75,1,0,331,Normal,0.0,0
2025-01-28 07:16:00,8,58.5,63.15,65.61,1.37,1.7,0,0,480,Normal,0.0,0
2025-02-21 03:06:00,43,61.87,48.73,44.7,3.96,2.12,1,0,94,Normal,0.0,0
2025-01-22 06:16:00,11,84.88,68.42,30.42,4.69,1.13,0,0,408,Normal,0.0,0
2025-01-01 20:27:00,40,73.15,42.67,47.59,3.84,0.9,1,0,82,Normal,0.0,0
2025-02-25 16:24:00,47,72.71,31.92,77.76,2.4,1.15,0,0,318,Normal,0.0,0
2025-01-09 01:48:00,13,63.58,17.43,42.68,2.33,1.51,1,0,150,Normal,0.0,0
2025-01-29 04:30:00,34,77.16,46.44,62.87,2.87,2.23,1,0,397,Normal,0.0,0
2025-03-10 11:02:00,18,65.33,52.42,54.86,3.81,1.47,1,0,298,Normal,0.0,0
2025-01-29 14:23:00,41,86.42,58.22,64.57,4.14,4.57,1,0,152,Normal,0.0,0
2025-02-27 15:32:00,32,61.69,52.11,50.13,2.78,3.96,1,0,448,Normal,0.0,0
2025-01-29 11:17:00,47,63.25,13.92,63.47,4.22,1.99,1,0,289,Normal,0.0,0
2025-02-12 22:45:00,17,90.32,51.41,56.76,3.95,1.94,0,1,29,Normal,1.0,1
2025-02-01 18:27:00,3,83.44,17.4,39.69,2.14,2.08,1,0,277,Normal,0.0,0
2025-03-01 19:10:00,45,70.84,38.89,60.4,3.31,4.19,1,0,71,Normal,0.0,0
2025-01-14 04:47:00,33,51.95,42.12,70.08,3.07,2.55,1,0,279,Normal,0.0,0
2025-01-25 19:57:00,50,69.83,59.89,66.54,2.72,2.13,1,0,304,Normal,0.0,0
2025-01-16 07:22:00,14,57.9,26.9,75.61,1.15,2.77,0,0,178,Normal,0.0,0
2025-01-15 10:47:00,27,71.44,62.71,33.49,1.35,1.9,1,0,401,Normal,0.0,0
2025-02-26 10:44:00,29,82.9,62.63,53.44,4.89,4.98,0,0,478,Normal,0.0,0
2025-02-05 15:00:00,10,92.75,59.82,46.4,4.73,4.01,1,1,28,Normal,1.0,1
2025-02-28 18:05:00,44,82.28,61.15,40.48,1.16,1.65,2,0,249,Electrical Fault,0.0,1
2025-01-22 09:30:00,20,70.52,69.73,35.95,2.84,1.01,1,0,356,Normal,0.0,0
2025-01-02 11:43:00,10,84.89,57.84,37.01,4.21,0.7,1,0,132,Normal,0.0,0
2025-02-24 22:29:00,2,69.99,67.79,61.18,2.83,1.37,1,0,318,Normal,0.0,0
2025-01-29 21:17:00,40,93.59,40.79,66.4,2.21,0.92,1,1,17,Normal,1.0,1
2025-02-05 20:13:00,5,57.54,56.68,78.57,3.1,4.65,0,0,29,Normal,0.0,0
2025-03-03 00:14:00,24,75.55,48.43,66.91,4.98,4.33,1,0,479,Normal,0.0,0
2025-01-31 23:01:00,36,82.85,31.29,61.03,4.66,4.6,1,0,353,Normal,0.0,0
2025-02-18 03:59:00,27,65.6,55.13,47.61,4.07,4.14,1,0,93,Normal,0.0,0
2025-01-29 16:21:00,29,64.97,52.73,71.0,2.87,2.7,1,0,159,Normal,0.0,0
2025-02-22 00:19:00,1,84.79,68.72,49.48,1.14,2.11,1,0,465,Normal,0.0,0
2025-01-16 19:16:00,8,74.68,20.36,44.35,3.37,3.59,1,0,173,Normal,0.0,0
2025-02-27 16:21:00,34,77.83,40.56,49.59,3.15,2.23,1,0,216,Normal,0.0,0
2025-03-10 17:16:00,48,58.39,42.9,60.29,3.74,4.44,1,0,428,Normal,0.0,0
2025-03-04 07:16:00,11,85.06,65.42,77.81,3.13,1.11,1,0,287,Normal,0.0,0
2025-01-12 17:09:00,21,77.06,37.59,74.79,3.04,4.23,1,0,405,Normal,0.0,0
2025-02-13 06:36:00,41,80.11,59.74,50.2,3.05,1.99,1,0,297,Normal,0.0,0
2025-02-17 01:37:00,42,59.09,52.87,31.76,1.16,1.3,1,0,481,Normal,0.0,0
2025-01-14 09:08:00,8,77.98,79.05,62.64,2.06,4.03,0,0,465,Normal,0.0,0
2025-03-01 13:27:00,37,72.31,71.64,79.88,1.18,1.29,0,0,111,Normal,0.0,0
2025-03-06 00:42:00,16,73.71,43.06,57.56,4.63,3.47,1,0,211,Normal,0.0,0
2025-02-15 04:27:00,36,67.06,69.01,59.19,4.98,3.51,1,0,45,Normal,0.0,0
2025-01-24 07:57:00,8,64.36,18.1,73.33,4.87,2.54,0,0,47,Normal,0.0,0
2025-02-14 06:21:00,36,66.8,52.42,70.7,1.11,1.94,1,0,52,Normal,0.0,0
2025-02-13 16:43:00,1,78.7,83.04,77.83,2.07,4.39,1,1,40,Normal,1.0,1
2025-01-06 06:14:00,48,76.84,45.55,43.68,3.57,3.6,0,0,314,Normal,0.0,0
2025-02-17 17:36:00,2,78.93,52.55,61.52,3.19,3.7,1,0,171,Normal,0.0,0
2025-01-28 20:40:00,21,82.76,84.26,55.86,4.13,1.78,1,1,33,Normal,1.0,1
2025-02-16 03:35:00,31,80.49,45.54,74.13,2.79,3.62,2,0,258,Normal,0.0,1
2025-03-01 01:23:00,6,62.61,30.92,79.13,3.11,1.66,1,0,341,Normal,0.0,0
2025-01-11 05:36:00,22,81.69,47.87,75.03,2.74,0.81,1,0,111,Normal,0.0,0
2025-01-07 17:14:00,50,74.86,51.09,63.84,1.85,4.82,1,0,261,Normal,0.0,0
2025-03-01 20:04:00,47,66.38,50.4,63.06,1.06,4.35,1,0,39,Normal,0.0,0
2025-02-14 12:55:00,16,89.94,49.42,54.97,1.53,4.81,1,0,10,Normal,0.0,1
2025-02-14 18:45:00,48,69.91,46.82,75.56,2.47,4.31,1,0,389,Normal,0.0,0
2025-01-12 08:13:00,30,47.63,106.61,58.39,4.09,4.23,0,1,20,Normal,1.0,1
2025-02-21 23:30:00,4,72.38,59.66,54.32,1.22,3.19,1,0,441,Normal,0.0,0
2025-02-02 06:20:00,35,71.31,83.08,61.39,1.89,0.83,1,1,45,Normal,1.0,1
2025-02-15 10:23:00,41,71.93,48.1,41.05,1.38,4.03,1,0,61,Normal,0.0,0
2025-01-21 15:24:00,23,64.99,58.61,37.19,4.11,2.7,1,0,157,Normal,0.0,0
2025-02-09 08:35:00,4,76.03,67.4,51.24,3.7,0.7,1,0,34,Normal,0.0,0
2025-02-20 13:21:00,13,83.73,27.91,55.3,4.05,4.66,1,0,261,Normal,0.0,0
2025-02-17 04:03:00,49,76.16,39.87,56.58,1.39,0.76,1,0,405,Normal,0.0,0
2025-03-01 21:24:00,10,77.63,45.43,79.28,2.96,3.28,0,0,308,Normal,0.0,0
2025-01-21 00:58:00,14,80.23,63.91,44.98,4.43,1.65,1,0,467,Normal,0.0,0
2025-01-08 04:34:00,42,73.75,62.01,39.35,1.17,0.81,1,0,154,Normal,0.0,0
2025-03-05 15:22:00,40,91.2,45.32,60.87,1.01,1.21,1,1,45,Normal,1.0,1
2025-01-09 00:39:00,15,76.44,62.74,71.89,3.33,1.76,1,0,337,Normal,0.0,0
2025-01-05 23:00:00,49,78.84,57.02,30.58,4.53,4.33,1,0,75,Normal,0.0,0
2025-02-22 05:33:00,8,78.58,56.7,38.33,2.02,2.74,1,0,14,Normal,0.0,1
2025-01-10 10:08:00,12,66.48,79.61,47.28,3.54,0.7,1,0,129,Normal,0.0,0
2025-02-06 14:50:00,22,61.86,60.14,71.48,2.23,0.88,1,0,120,Normal,0.0,0
2025-01-23 20:32:00,6,83.03,47.5,78.58,3.44,3.37,1,0,240,Normal,0.0,0
2025-01-09 02:54:00,26,74.38,47.95,42.5,3.94,0.81,1,0,451,Normal,0.0,0
2025-01-04 09:34:00,37,82.31,48.41,64.45,4.83,1.54,0,0,409,Normal,0.0,0
2025-02-08 05:11:00,21,90.65,53.12,76.73,3.52,3.2,1,1,32,Normal,1.0,1
2025-01-07 00:42:00,26,63.68,48.56,48.87,3.93,3.43,2,0,409,Normal,0.0,1
2025-02-01 18:48:00,50,91.25,49.36,31.77,4.57,1.43,0,1,20,Normal,1.0,1
2025-02-16 18:19:00,20,67.0,54.88,50.06,4.03,2.27,1,0,381,Normal,0.0,0
2025-02-18 18:55:00,36,74.41,54.47,40.63,3.02,1.9,1,0,469,Normal,0.0,0
2025-02-10 21:44:00,8,104.1,42.7,36.43,2.62,2.49,1,1,10,Normal,1.0,1
2025-02-05 16:57:00,27,91.17,20.79,60.59,4.4,2.29,1,1,6,Normal,1.0,1
2025-01-03 13:26:00,21,91.51,69.85,45.71,1.97,1.25,0,1,29,Normal,1.0,1
2025-02-18 15:03:00,22,68.26,68.54,78.71,3.73,1.9,1,0,174,Normal,0.0,0
2025-02-15 00:50:00,9,79.0,41.68,42.73,2.49,3.48,0,0,341,Normal,0.0,0
2025-02-27 17:19:00,44,51.96,44.95,35.76,2.57,4.34,1,0,428,Normal,0.0,0
2025-03-01 05:16:00,25,74.9,48.31,74.13,3.61,3.09,1,0,420,Normal,0.0,0
2025-02-12 17:36:00,38,96.69,47.84,56.24,1.67,3.9,1,1,31,Normal,1.0,1
2025-02-16 19:03:00,4,73.21,65.59,47.14,2.08,2.32,2,0,58,Vibration Issue,0.0,1
2025-01-21 06:58:00,21,64.32,47.65,51.04,1.16,3.2,1,0,176,Normal,0.0,0
2025-02-06 06:53:00,7,83.98,44.68,58.11,3.2,2.35,1,0,224,Normal,0.0,0
2025-01-21 06:47:00,25,71.05,57.73,73.03,4.76,1.49,1,0,52,Normal,0.0,0
2025-02-05 11:18:00,6,76.47,51.13,65.52,1.1,2.41,0,0,41,Normal,0.0,0
2025-02-21 19:00:00,26,58.25,64.47,41.96,1.13,0.6,1,0,374,Normal,0.0,0
2025-02-07 01:22:00,32,55.06,68.09,49.09,1.77,3.94,1,0,31,Normal,0.0,0
2025-01-03 03:27:00,39,73.66,68.89,50.76,4.43,4.03,1,0,14,Normal,0.0,1
2025-03-09 08:06:00,9,64.58,30.91,45.89,3.19,0.91,1,0,10,Normal,0.0,1
2025-01-15 07:24:00,34,72.19,48.5,33.94,4.78,4.57,1,0,249,Normal,0.0,0
2025-02-06 07:30:00,31,69.16,33.93,38.58,4.99,3.98,1,0,254,Normal,0.0,0
2025-03-08 23:55:00,44,66.84,48.79,75.08,2.95,1.89,2,0,267,Normal,0.0,1
2025-02-09 11:44:00,47,65.26,71.16,76.45,2.33,1.85,1,0,22,Normal,0.0,0
2025-03-10 11:45:00,13,60.66,42.59,62.96,2.34,3.72,1,0,137,Normal,0.0,0
2025-01-21 04:01:00,35,76.26,56.4,69.41,1.28,2.71,1,0,372,Normal,0.0,0
2025-01-25 12:46:00,24,77.25,59.0,67.57,2.11,2.72,1,0,46,Normal,0.0,0
2025-02-18 23:43:00,1,65.1,67.34,67.44,2.11,4.85,1,0,410,Normal,0.0,0
2025-01-17 13:52:00,48,63.69,52.98,72.03,3.1,1.89,1,0,496,Normal,0.0,0
2025-02-24 17:19:00,42,72.22,72.23,60.33,4.24,2.43,1,0,17,Normal,0.0,1
2025-01-23 00:05:00,22,65.36,75.77,57.38,3.27,4.57,1,0,485,Normal,0.0,0
2025-02-22 08:00:00,26,81.48,66.79,72.1,3.77,1.26,1,0,458,Normal,0.0,0
2025-01-22 20:31:00,8,54.02,67.84,40.95,2.11,3.62,1,0,87,Normal,0.0,0
2025-01-27 02:12:00,8,88.74,53.49,58.43,1.68,3.14,1,0,119,Normal,0.0,0
2025-03-03 14:31:00,50,74.2,51.66,48.15,4.87,3.17,1,0,483,Normal,0.0,0
2025-01-22 18:18:00,37,81.69,25.92,35.33,3.1,1.61,1,0,322,Normal,0.0,0
2025-01-18 21:53:00,42,62.06,49.26,77.28,2.2,3.43,1,0,312,Normal,0.0,0
2025-03-08 19:46:00,25,76.59,44.78,46.13,3.17,1.95,2,0,351,Normal,0.0,1
2025-01-12 09:41:00,1,68.72,54.07,36.59,3.67,4.57,1,0,207,Normal,0.0,0
2025-03-08 17:18:00,25,61.58,38.12,79.68,4.16,3.85,1,0,179,Normal,0.0,0
2025-02-04 12:37:00,8,67.39,63.12,52.38,4.09,3.7,1,0,437,Normal,0.0,0
2025-01-14 18:37:00,34,79.15,49.67,34.11,2.81,3.08,1,0,208,Normal,0.0,0
2025-01-17 03:22:00,26,66.26,54.99,35.28,2.76,2.29,2,0,305,Pressure Drop,0.0,1
2025-01-20 18:51:00,23,88.55,72.52,69.81,3.83,4.14,1,0,75,Normal,0.0,0
2025-01-18 03:04:00,27,80.75,41.65,62.48,3.23,1.99,1,0,268,Normal,0.0,0
2025-01-19 11:25:00,28,79.51,66.04,41.54,3.64,2.73,0,0,319,Normal,0.0,0
2025-01-18 09:47:00,50,83.93,63.85,61.42,3.67,4.51,2,0,111,Vibration Issue,0.0,1
2025-01-17 23:53:00,39,51.75,49.0,50.52,4.44,1.35,1,0,346,Normal,0.0,0
2025-01-08 18:05:00,43,78.42,49.82,56.59,1.38,4.17,1,0,246,Normal,0.0,0
2025-02-13 10:30:00,11,82.79,43.84,67.95,4.77,1.81,1,0,436,Normal,0.0,0
2025-01-15 17:20:00,33,80.43,46.99,60.49,2.39,2.8,0,0,63,Normal,0.0,0
2025-01-16 16:53:00,31,82.36,30.35,66.46,1.81,2.35,1,0,342,Normal,0.0,0
2025-03-07 15:16:00,40,68.01,49.09,51.4,1.47,2.28,1,0,22,Normal,0.0,0
2025-01-30 12:00:00,37,76.96,44.51,38.37,1.51,3.11,1,0,418,Normal,0.0,0
2025-01-14 12:49:00,12,78.25,38.1,63.17,4.3,3.26,1,0,19,Normal,0.0,1
2025-02-18 12:43:00,36,80.83,20.15,63.79,3.16,4.67,1,0,182,Normal,0.0,0
2025-02-12 17:53:00,45,76.85,53.03,31.36,4.55,1.26,1,0,28,Normal,0.0,0
2025-01-25 11:22:00,26,68.29,60.21,73.15,2.92,1.24,1,0,66,Normal,0.0,0
2025-02-11 06:34:00,27,87.52,35.23,50.63,2.0,2.66,1,0,64,Normal,0.0,0
2025-01-04 02:51:00,48,77.23,39.41,68.48,1.52,1.16,1,0,269,Normal,0.0,0
2025-01-28 22:58:00,4,72.36,42.09,59.96,1.73,4.4,0,0,263,Normal,0.0,0
2025-02-02 06:04:00,1,81.81,51.13,63.62,3.66,3.35,1,0,474,Normal,0.0,0
2025-03-11 10:22:00,40,82.3,65.44,69.03,4.18,3.29,1,0,118,Normal,0.0,0
2025-01-29 12:38:00,10,85.43,38.67,59.75,3.95,2.7,1,0,353,Normal,0.0,0
2025-01-15 05:18:00,15,85.84,47.1,39.15,1.66,3.32,1,0,54,Normal,0.0,0
2025-03-02 03:13:00,37,70.29,34.83,60.99,1.54,4.58,1,0,222,Normal,0.0,0
2025-02-16 01:55:00,49,71.93,50.92,42.39,3.37,1.16,1,0,329,Normal,0.0,0
2025-01-15 19:23:00,11,83.08,53.61,36.13,2.94,4.9,0,0,428,Normal,0.0,0
2025-01-27 05:11:00,9,81.73,37.43,61.37,1.85,4.15,1,0,441,Normal,0.0,0
2025-03-11 01:04:00,48,65.58,57.28,63.61,3.72,0.61,1,0,371,Normal,0.0,0
2025-01-21 16:06:00,15,64.89,50.02,70.76,2.85,3.12,2,0,384,Overheating,0.0,1
2025-01-07 10:54:00,45,60.39,53.34,64.12,2.42,4.7,1,0,261,Normal,0.0,0
2025-01-11 11:37:00,35,68.86,57.6,55.35,4.56,4.53,0,0,130,Normal,0.0,0
2025-03-04 02:49:00,50,60.0,58.65,71.81,2.23,4.92,2,0,105,Electrical Fault,0.0,1
2025-03-02 17:51:00,45,72.06,42.51,58.3,4.24,4.89,1,0,349,Normal,0.0,0
2025-01-06 06:40:00,18,74.1,73.37,51.33,3.22,1.69,1,0,33,Normal,0.0,0
2025-01-03 02:27:00,19,75.95,24.86,34.29,3.21,1.06,1,0,476,Normal,0.0,0
2025-02-20 01:51:00,9,79.29,54.79,43.6,1.9,3.71,0,0,456,Normal,0.0,0
2025-01-12 17:12:00,37,63.31,61.59,30.77,3.51,0.51,1,0,66,Normal,0.0,0
2025-02-10 01:32:00,4,89.35,49.83,69.42,2.66,4.88,1,0,394,Normal,0.0,0
2025-02-03 06:55:00,23,84.06,64.82,43.2,1.28,2.44,1,0,480,Normal,0.0,0
2025-01-31 16:14:00,22,79.21,58.12,41.63,1.73,4.08,1,0,412,Normal,0.0,0
2025-02-26 18:30:00,28,69.57,63.69,45.14,4.1,2.1,1,0,126,Normal,0.0,0
2025-01-18 04:30:00,40,87.82,42.1,77.62,1.92,3.96,1,0,225,Normal,0.0,0
2025-01-04 05:08:00,35,64.29,56.33,61.82,1.05,3.39,1,0,177,Normal,0.0,0
2025-01-07 15:59:00,17,71.12,63.54,47.34,2.82,4.36,1,0,451,Normal,0.0,0
2025-02-25 01:31:00,47,86.21,44.23,44.62,4.52,1.54,0,0,110,Normal,0.0,0
2025-01-07 20:11:00,39,57.24,36.86,75.02,2.49,4.21,1,0,493,Normal,0.0,0
2025-02-12 16:53:00,18,43.34,48.6,67.08,4.72,2.29,1,0,432,Normal,0.0,0
2025-01-25 02:48:00,13,68.42,31.12,67.77,3.0,1.38,1,0,128,Normal,0.0,0
2025-02-27 20:56:00,26,92.59,50.95,56.73,4.42,1.61,1,1,13,Normal,1.0,1
2025-01-18 09:10:00,34,78.35,36.6,51.96,4.95,3.48,1,0,390,Normal,0.0,0
2025-01-21 10:00:00,45,82.22,36.27,46.89,3.81,3.15,1,0,52,Normal,0.0,0
2025-01-12 03:16:00,28,73.45,68.73,47.6,1.26,4.94,0,0,491,Normal,0.0,0
2025-01-07 07:00:00,50,85.67,43.1,59.86,1.06,1.03,2,0,114,Electrical Fault,0.0,1
2025-02-01 22:23:00,33,82.87,47.49,63.3,3.45,3.54,1,0,366,Normal,0.0,0
2025-01-03 09:31:00,25,60.89,54.28,71.14,2.54,0.72,1,0,346,Normal,0.0,0
2025-01-06 17:39:00,20,79.8,51.97,34.26,3.6,4.32,1,0,198,Normal,0.0,0
2025-01-24 00:13:00,47,91.14,67.48,32.6,3.95,0.61,1,1,25,Normal,1.0,1
2025-02-11 13:17:00,14,73.77,45.79,72.12,1.06,4.95,1,0,440,Normal,0.0,0
2025-02-21 12:46:00,43,78.83,84.24,72.33,2.92,2.81,1,1,27,Normal,1.0,1
2025-02-26 22:31:00,44,65.81,92.23,65.35,1.28,4.5,1,1,47,Normal,1.0,1
2025-02-08 23:30:00,38,83.9,42.76,60.96,1.76,1.99,1,0,252,Normal,0.0,0
2025-02-12 11:44:00,13,68.46,65.27,79.54,1.4,1.68,1,0,78,Normal,0.0,0
2025-03-08 02:07:00,15,75.88,62.22,47.62,2.04,0.74,0,0,67,Normal,0.0,0
2025-01-24 04:39:00,35,79.86,61.4,60.67,3.06,2.52,1,0,306,Normal,0.0,0
2025-01-14 11:58:00,1,95.22,40.62,64.15,1.57,1.77,1,1,22,Normal,1.0,1
2025-01-18 17:08:00,49,93.02,29.29,58.76,3.18,4.38,1,1,1,Normal,1.0,1
2025-02-14 00:36:00,39,69.11,29.61,62.39,4.6,0.95,1,0,444,Normal,0.0,0
2025-02-22 13:01:00,34,70.67,5.64,38.61,1.75,0.96,1,0,232,Normal,0.0,0
2025-02-16 03:04:00,24,78.02,59.0,70.96,1.62,4.08,1,0,444,Normal,0.0,0
2025-01-08 04:39:00,1,63.48,47.65,37.27,3.28,4.22,1,0,69,Normal,0.0,0
2025-02-10 11:11:00,47,71.13,43.12,35.38,4.45,0.52,1,0,181,Normal,0.0,0
2025-01-24 20:56:00,22,75.15,52.49,69.9,2.87,3.41,1,0,98,Normal,0.0,0
2025-01-03 08:22:00,8,80.31,45.58,48.36,4.45,0.85,1,0,400,Normal,0.0,0
2025-03-06 19:28:00,21,68.04,75.34,71.34,4.31,1.95,1,0,59,Normal,0.0,0
2025-02-21 11:42:00,46,77.52,54.07,47.58,3.64,4.44,0,0,331,Normal,0.0,0
2025-01-18 11:01:00,40,89.86,50.82,35.99,1.52,0.57,1,0,123,Normal,0.0,0
2025-03-09 11:23:00,28,85.47,48.68,77.4,3.24,4.06,0,0,391,Normal,0.0,0
2025-01-12 12:53:00,7,69.43,37.26,51.25,4.88,4.67,1,0,386,Normal,0.0,0
2025-01-30 23:20:00,37,74.12,76.29,37.05,1.43,0.65,1,0,262,Normal,0.0,0
2025-01-19 05:30:00,26,79.46,52.77,75.03,3.57,1.29,1,0,440,Normal,0.0,0
2025-03-06 19:41:00,2,74.48,25.8,55.84,1.76,3.5,1,0,219,Normal,0.0,0
2025-02-18 16:24:00,31,84.83,42.05,59.96,4.67,1.28,1,0,113,Normal,0.0,0
2025-01-21 21:06:00,14,83.09,46.71,50.04,1.97,2.48,1,0,248,Normal,0.0,0
2025-02-04 01:05:00,24,75.34,68.17,52.43,2.12,3.26,2,0,61,Pressure Drop,0.0,1
2025-03-01 17:42:00,15,59.32,48.04,77.91,4.57,4.83,1,0,404,Normal,0.0,0
2025-02-11 16:10:00,4,73.71,45.36,78.67,2.62,2.85,1,0,324,Normal,0.0,0
2025-02-23 08:12:00,32,78.71,49.13,36.99,4.09,1.62,1,0,241,Normal,0.0,0
2025-02-26 14:32:00,28,81.22,70.65,59.99,2.07,3.13,1,0,389,Normal,0.0,0
2025-01-07 07:57:00,18,76.23,42.12,48.55,4.56,2.01,1,0,170,Normal,0.0,0
2025-02-05 05:36:00,12,72.11,39.26,77.6,4.24,4.57,1,0,245,Normal,0.0,0
2025-01-06 15:22:00,48,68.98,18.6,32.91,4.0,1.66,1,0,42,Normal,0.0,0
2025-01-06 21:17:00,46,93.95,55.08,40.57,1.25,2.14,1,1,13,Normal,1.0,1
2025-02-23 05:09:00,20,84.03,62.58,61.7,2.29,1.61,1,0,100,Normal,0.0,0
2025-02-09 04:20:00,16,74.17,56.45,61.23,3.31,1.4,1,0,467,Normal,0.0,0
2025-03-03 20:44:00,3,88.6,57.65,78.3,1.4,3.8,1,0,288,Normal,0.0,0
2025-02-11 10:21:00,44,88.02,55.04,79.82,3.12,4.83,1,0,419,Normal,0.0,0
2025-01-28 16:01:00,38,69.81,53.79,70.12,2.43,1.31,1,0,85,Normal,0.0,0
2025-02-26 20:06:00,33,86.21,58.97,73.22,1.74,3.33,2,0,457,Normal,0.0,1
2025-02-22 17:32:00,14,59.06,41.65,34.65,1.99,2.92,1,0,232,Normal,0.0,0
2025-01-24 15:19:00,4,81.52,44.7,57.77,2.14,1.74,2,0,453,Vibration Issue,0.0,1
2025-02-24 00:04:00,1,63.64,53.54,48.25,1.31,3.29,1,0,293,Normal,0.0,0
2025-01-09 14:47:00,7,101.51,32.7,38.97,1.53,2.54,1,1,14,Normal,1.0,1
2025-02-25 17:10:00,41,86.37,38.28,50.63,2.46,2.02,1,0,266,Normal,0.0,0
2025-03-06 10:41:00,45,82.54,35.58,30.79,1.16,4.4,1,0,301,Normal,0.0,0
2025-01-04 02:57:00,4,70.43,47.41,61.5,1.34,0.59,1,0,186,Normal,0.0,0
2025-01-11 21:37:00,2,83.18,64.91,72.61,2.03,3.95,1,0,495,Normal,0.0,0
2025-02-13 12:58:00,45,70.83,55.23,38.79,1.51,4.74,1,0,384,Normal,0.0,0
2025-01-05 23:02:00,38,99.75,46.75,46.15,1.48,4.13,1,1,26,Normal,1.0,1
2025-01-11 04:25:00,30,78.38,36.69,73.86,3.28,3.3,2,0,171,Normal,0.0,1
2025-01-07 09:48:00,31,92.83,48.66,42.54,2.51,4.1,1,1,21,Normal,1.0,1
2025-01-08 17:43:00,34,72.76,39.43,56.3,2.19,3.73,1,0,146,Normal,0.0,0
2025-01-18 10:38:00,42,84.27,45.75,39.72,3.31,2.95,1,0,109,Normal,0.0,0
2025-02-24 21:23:00,37,77.5,56.98,71.19,3.0,4.74,1,0,426,Normal,0.0,0
2025-03-02 01:17:00,35,72.23,62.41,33.07,2.19,0.9,1,0,182,Normal,0.0,0
2025-03-05 23:17:00,19,76.12,49.0,56.8,4.26,1.95,1,0,28,Normal,0.0,0
2025-03-06 12:30:00,33,70.89,63.6,60.4,2.62,3.02,1,0,470,Normal,0.0,0
2025-02-22 10:53:00,48,61.94,33.97,60.36,2.41,2.58,1,0,306,Normal,0.0,0
2025-02-07 12:21:00,15,85.15,70.84,50.89,1.2,4.69,2,0,61,Normal,0.0,1
2025-01-06 21:47:00,41,73.51,46.98,62.39,4.87,1.4,1,0,64,Normal,0.0,0
2025-01-19 04:20:00,43,63.52,57.08,65.27,2.68,1.54,1,0,278,Normal,0.0,0
2025-01-25 04:27:00,33,61.75,59.6,60.48,2.17,0.57,2,0,339,Electrical Fault,0.0,1
2025-01-19 15:28:00,7,76.32,67.11,56.11,4.58,3.2,1,0,194,Normal,0.0,0
2025-01-25 01:15:00,39,85.6,44.65,30.16,1.8,3.86,1,0,104,Normal,0.0,0
2025-02-02 09:39:00,25,76.54,41.73,66.95,1.03,0.69,1,0,227,Normal,0.0,0
2025-01-01 18:38:00,40,77.59,55.19,62.45,2.4,1.96,1,0,192,Normal,0.0,0
2025-02-05 04:58:00,35,79.36,81.24,66.23,3.49,2.58,1,1,26,Normal,1.0,1
2025-01-09 23:05:00,22,70.32,53.66,68.54,3.66,2.65,1,0,202,Normal,0.0,0
2025-01-28 10:57:00,29,94.52,65.52,49.74,1.12,0.53,1,1,3,Normal,1.0,1
2025-01-04 06:34:00,24,78.95,62.41,77.35,2.17,2.4,1,0,156,Normal,0.0,0
2025-01-05 10:58:00,32,66.73,54.33,67.54,3.09,3.75,1,0,480,Normal,0.0,0
2025-01-23 20:19:00,40,92.5,40.47,78.26,1.87,0.57,1,1,40,Normal,1.0,1
2025-01-13 10:34:00,48,88.82,34.08,45.0,4.34,2.6,1,0,92,Normal,0.0,0
2025-01-13 21:20:00,13,95.8,67.04,44.16,1.32,0.71,1,1,39,Normal,1.0,1
2025-01-24 20:55:00,32,70.75,49.57,57.54,4.43,3.76,1,0,30,Normal,0.0,0
2025-01-16 01:40:00,34,67.82,57.41,57.87,2.41,1.55,1,0,492,Normal,0.0,0
2025-02-16 10:44:00,10,61.22,73.96,37.78,4.99,2.54,1,0,181,Normal,0.0,0
2025-01-03 08:25:00,4,82.42,65.06,75.22,3.74,1.47,1,0,263,Normal,0.0,0
2025-01-02 13:51:00,46,77.64,52.62,35.1,1.38,4.18,1,0,259,Normal,0.0,0
2025-02-09 05:08:00,10,67.83,63.61,67.03,1.36,4.84,1,0,96,Normal,0.0,0
2025-02-16 14:37:00,48,77.16,58.51,46.91,2.65,3.21,1,0,323,Normal,0.0,0
2025-01-09 19:33:00,10,69.05,65.78,51.72,3.72,2.28,1,0,436,Normal,0.0,0
2025-01-23 12:50:00,35,83.36,59.16,48.86,3.42,1.02,1,0,278,Normal,0.0,0
2025-01-31 05:04:00,27,56.1,55.57,49.23,4.41,3.22,1,0,111,Normal,0.0,0
2025-03-03 15:04:00,47,80.46,46.94,54.78,3.14,0.65,1,0,314,Normal,0.0,0
2025-02-24 21:32:00,40,78.88,75.97,75.17,3.43,3.92,1,0,188,Normal,0.0,0
2025-02-03 12:00:00,3,73.35,55.26,61.29,3.47,1.75,1,0,193,Normal,0.0,0
2025-02-22 18:31:00,50,95.81,62.83,60.21,3.67,3.01,1,1,7,Normal,1.0,1
2025-03-03 04:30:00,26,71.99,40.39,66.2,1.47,3.94,1,0,12,Normal,0.0,1
2025-01-16 12:43:00,36,86.04,37.42,35.81,4.54,3.18,2,0,118,Normal,0.0,1
2025-02-22 03:44:00,23,61.82,65.48,38.05,1.76,4.65,1,0,251,Normal,0.0,0
2025-02-13 17:38:00,43,59.46,70.43,42.19,4.89,0.52,1,0,300,Normal,0.0,0
2025-01-06 08:11:00,20,72.59,75.33,40.17,1.27,2.62,1,0,320,Normal,0.0,0
2025-01-27 14:19:00,36,81.02,57.73,42.48,1.67,1.36,1,0,37,Normal,0.0,0
2025-01-13 17:18:00,9,77.78,41.67,51.23,4.18,3.64,1,0,18,Normal,0.0,1
2025-02-18 10:51:00,48,54.24,56.35,49.49,4.24,2.85,1,0,441,Normal,0.0,0
2025-03-07 22:49:00,40,71.14,53.03,70.93,1.59,4.29,0,0,372,Normal,0.0,0
2025-02-16 06:00:00,16,61.79,43.16,38.38,1.58,3.21,1,0,274,Normal,0.0,0
2025-02-14 14:51:00,9,74.44,39.94,31.0,4.98,0.91,2,0,340,Electrical Fault,0.0,1
2025-03-07 09:56:00,17,59.21,26.72,57.2,3.43,0.98,0,0,282,Normal,0.0,0
2025-01-25 06:35:00,33,55.74,56.65,79.85,2.91,2.3,1,0,192,Normal,0.0,0
2025-01-04 19:27:00,36,72.28,52.74,35.64,1.62,4.02,1,0,324,Normal,0.0,0
2025-01-15 23:50:00,40,56.06,12.89,34.76,3.9,3.03,1,0,442,Normal,0.0,0
2025-01-15 05:45:00,13,73.73,66.84,32.75,3.25,3.37,1,0,403,Normal,0.0,0
2025-02-26 20:02:00,2,85.64,50.63,46.33,1.59,3.42,0,0,200,Normal,0.0,0
2025-03-06 08:10:00,17,96.93,49.41,34.24,3.16,0.52,1,1,41,Normal,1.0,1
2025-01-24 17:17:00,14,72.91,43.92,40.61,1.8,1.08,1,0,42,Normal,0.0,0
2025-02-26 22:24:00,15,82.58,36.06,31.18,1.04,3.39,1,0,442,Normal,0.0,0
2025-01-24 13:20:00,20,81.5,43.82,66.5,4.33,3.68,1,0,451,Normal,0.0,0
2025-02-20 01:27:00,33,85.84,70.54,48.24,4.99,3.41,2,0,195,Vibration Issue,0.0,1
2025-02-02 19:12:00,44,59.55,20.56,42.19,1.06,4.73,0,0,53,Normal,0.0,0
2025-02-16 19:59:00,30,80.43,29.46,55.34,1.67,3.81,1,0,198,Normal,0.0,0
2025-01-03 19:36:00,28,66.25,36.47,42.59,1.36,4.44,1,0,424,Normal,0.0,0
2025-03-11 04:29:00,45,74.53,63.01,59.52,1.98,2.32,1,0,74,Normal,0.0,0
2025-02-13 07:57:00,35,80.79,54.88,48.47,1.29,4.48,1,0,160,Normal,0.0,0
2025-03-08 23:44:00,17,92.16,43.14,79.97,2.02,1.33,0,1,24,Normal,1.0,1
2025-02-07 21:41:00,39,83.21,30.57,51.55,4.22,4.54,1,0,314,Normal,0.0,0
2025-03-01 03:09:00,13,68.42,50.39,41.64,1.2,0.68,1,0,358,Normal,0.0,0
2025-02-27 05:43:00,22,68.33,37.27,63.08,2.48,3.26,1,0,101,Normal,0.0,0
2025-02-15 07:26:00,30,90.56,51.26,53.65,2.66,2.23,1,1,17,Normal,1.0,1
2025-01-31 21:48:00,22,79.19,30.9,77.56,3.5,2.31,1,0,194,Normal,0.0,0
2025-01-20 05:24:00,28,68.36,63.74,56.3,2.11,3.8,1,0,354,Normal,0.0,0
2025-02-16 10:09:00,11,68.17,58.73,45.33,3.95,4.96,1,0,187,Normal,0.0,0
2025-02-02 21:20:00,20,82.09,31.01,69.47,3.49,0.99,1,0,24,Normal,0.0,0
2025-02-13 19:01:00,27,79.63,29.53,70.44,1.56,2.42,1,0,165,Normal,0.0,0
2025-01-09 08:33:00,45,68.67,54.92,46.77,3.04,4.68,1,0,37,Normal,0.0,0
2025-02-12 04:18:00,38,89.58,47.7,36.94,3.63,1.83,1,0,206,Normal,0.0,0
2025-01-30 15:47:00,11,83.01,79.53,58.75,3.96,4.56,1,0,107,Normal,0.0,0
2025-01-21 00:52:00,7,79.79,32.77,43.93,1.11,2.51,1,0,192,Normal,0.0,0
2025-03-01 06:27:00,4,87.56,60.46,49.42,4.16,2.06,1,0,419,Normal,0.0,0
2025-03-03 21:41:00,48,56.54,52.58,74.65,2.23,2.54,1,0,44,Normal,0.0,0
2025-02-26 04:17:00,41,72.04,35.6,39.29,3.39,3.92,1,0,196,Normal,0.0,0
2025-02-24 01:35:00,34,76.33,57.36,31.76,3.44,2.65,1,0,391,Normal,0.0,0
2025-01-08 05:14:00,11,84.97,51.25,39.1,1.52,4.76,1,0,303,Normal,0.0,0
2025-01-08 08:26:00,31,62.52,67.26,30.18,4.5,3.86,1,0,69,Normal,0.0,0
2025-01-03 16:14:00,19,85.45,84.42,35.95,3.62,3.22,1,1,13,Normal,1.0,1
2025-03-08 14:42:00,41,79.57,68.83,38.3,4.23,0.78,1,0,190,Normal,0.0,0
2025-02-23 07:42:00,23,79.92,29.78,47.78,3.99,4.28,0,0,452,Normal,0.0,0
2025-01-15 06:08:00,22,92.62,30.51,47.39,2.86,4.86,1,1,40,Normal,1.0,1
2025-02-03 09:58:00,22,77.61,49.39,60.69,2.27,4.67,1,0,169,Normal,0.0,0
2025-02-25 01:07:00,1,70.14,47.82,48.46,2.27,3.0,1,0,482,Normal,0.0,0
2025-02-24 04:53:00,39,63.19,43.22,73.28,2.9,4.35,1,0,173,Normal,0.0,0
2025-01-08 08:20:00,14,66.52,29.04,71.6,2.74,4.53,1,0,208,Normal,0.0,0
2025-02-12 08:54:00,10,55.31,42.39,30.73,4.95,3.67,1,0,100,Normal,0.0,0
2025-01-17 12:06:00,45,88.39,57.68,66.98,2.53,4.8,1,0,246,Normal,0.0,0
2025-02-12 00:38:00,29,52.54,67.5,35.76,4.68,1.82,2,0,108,Vibration Issue,0.0,1
2025-03-06 04:58:00,45,74.58,64.42,75.75,2.98,3.04,1,0,219,Normal,0.0,0
2025-01-04 02:55:00,46,84.82,55.45,41.49,4.26,1.28,1,0,464,Normal,0.0,0
2025-02-06 07:44:00,29,93.3,50.89,43.42,4.36,3.33,1,1,26,Normal,1.0,1
2025-01-24 18:01:00,48,58.17,38.78,31.4,2.0,2.59,1,0,486,Normal,0.0,0
2025-01-16 09:50:00,27,55.38,59.35,61.69,2.33,3.35,2,0,339,Pressure Drop,0.0,1
2025-02-15 22:14:00,2,69.96,63.09,43.2,4.3,3.13,1,0,57,Normal,0.0,0
2025-01-09 01:55:00,33,78.69,23.86,43.19,3.42,3.49,1,0,382,Normal,0.0,0
2025-02-15 05:45:00,14,66.08,47.25,36.32,1.56,2.26,1,0,375,Normal,0.0,0
2025-02-17 15:33:00,17,82.81,34.47,72.75,2.99,1.7,1,0,183,Normal,0.0,0
2025-01-22 20:25:00,33,90.09,58.32,35.67,2.34,1.31,1,1,21,Normal,1.0,1
2025-01-22 09:31:00,42,73.83,63.83,40.31,2.48,2.53,1,0,381,Normal,0.0,0
2025-01-09 16:24:00,3,71.86,59.93,33.83,2.91,3.75,1,0,126,Normal,0.0,0
2025-01-05 10:06:00,20,97.81,63.15,60.73,4.76,1.42,1,1,34,Normal,1.0,1
2025-01-01 17:35:00,36,60.67,48.36,53.61,2.18,1.93,0,0,237,Normal,0.0,0
2025-01-20 20:23:00,4,69.24,60.71,63.06,2.56,2.44,1,0,373,Normal,0.0,0
2025-01-06 12:16:00,48,74.08,20.17,32.11,2.84,4.29,1,0,490,Normal,0.0,0
2025-01-27 10:52:00,23,89.09,60.09,46.0,3.62,3.31,1,0,189,Normal,0.0,0
2025-01-30 03:03:00,37,71.43,49.19,70.85,2.78,4.78,1,0,165,Normal,0.0,0
2025-01-01 11:52:00,36,74.33,50.71,44.95,3.66,2.07,1,0,437,Normal,0.0,0
2025-03-06 16:21:00,11,86.3,39.06,36.5,4.15,1.43,1,0,62,Normal,0.0,0
2025-03-04 01:18:00,7,79.82,29.75,74.4,2.83,2.44,1,0,107,Normal,0.0,0
2025-03-04 00:46:00,41,83.48,16.62,79.35,3.99,0.7,1,0,32,Normal,0.0,0
2025-03-04 20:10:00,29,73.84,41.73,55.91,2.84,4.71,1,0,196,Normal,0.0,0
2025-02-08 13:57:00,34,77.99,80.78,71.37,4.86,4.27,1,1,31,Normal,1.0,1
2025-02-17 03:20:00,50,72.75,63.6,48.58,4.91,2.95,1,0,465,Normal,0.0,0
2025-03-01 08:40:00,50,82.04,19.71,77.27,2.41,2.59,1,0,242,Normal,0.0,0
2025-01-22 01:03:00,46,87.43,42.94,57.03,2.72,4.69,0,0,45,Normal,0.0,0
2025-01-28 05:08:00,12,68.26,60.92,62.45,1.22,4.62,1,0,163,Normal,0.0,0
2025-02-06 14:28:00,14,72.63,48.25,76.99,3.63,2.3,1,0,430,Normal,0.0,0
2025-03-10 14:25:00,24,69.55,46.77,60.72,4.89,2.2,1,0,314,Normal,0.0,0
2025-03-03 02:01:00,45,73.43,54.11,59.2,3.18,4.72,1,0,355,Normal,0.0,0
2025-02-03 13:29:00,10,65.78,65.99,72.36,2.8,2.16,1,0,423,Normal,0.0,0
2025-03-01 22:00:00,38,85.16,48.19,51.84,4.33,3.38,1,0,217,Normal,0.0,0
2025-01-17 21:18:00,36,64.76,36.58,37.64,4.89,4.4,1,0,49,Normal,0.0,0
2025-01-19 00:21:00,44,76.46,48.16,40.0,1.36,2.66,1,0,494,Normal,0.0,0
2025-02-02 03:30:00,39,54.09,46.56,59.89,4.59,3.78,1,0,181,Normal,0.0,0
2025-01-03 16:31:00,17,93.35,53.47,33.51,3.98,3.34,1,1,3,Normal,1.0,1
2025-01-29 08:48:00,37,88.79,48.01,30.86,2.46,3.1,1,0,395,Normal,0.0,0
2025-01-04 15:47:00,13,77.79,65.08,33.66,4.88,3.93,1,0,242,Normal,0.0,0
2025-02-12 04:48:00,8,68.68,62.53,75.06,2.89,4.24,1,0,474,Normal,0.0,0
2025-02-24 06:08:00,38,81.65,57.32,71.17,1.18,3.03,1,0,100,Normal,0.0,0
2025-01-05 04:37:00,23,96.28,21.02,40.24,1.06,3.06,2,1,9,Normal,1.0,1
2025-02-12 11:06:00,47,55.32,35.18,72.28,4.0,0.61,1,0,352,Normal,0.0,0
2025-01-01 05:31:00,12,78.89,76.78,65.89,3.03,3.92,1,0,267,Normal,0.0,0
2025-01-26 15:40:00,49,56.56,43.61,34.3,2.51,2.72,1,0,482,Normal,0.0,0
2025-01-13 10:57:00,23,80.86,47.08,65.51,3.15,3.64,1,0,454,Normal,0.0,0
2025-02-28 01:15:00,9,85.23,76.71,75.47,1.0,2.96,1,0,426,Normal,0.0,0
2025-01-03 16:03:00,11,81.69,58.29,66.48,1.27,3.8,0,0,182,Normal,0.0,0
2025-02-16 09:53:00,10,71.29,32.06,32.69,4.82,1.58,1,0,30,Normal,0.0,0
2025-03-03 04:18:00,46,60.04,51.95,61.6,4.97,2.02,1,0,339,Normal,0.0,0
2025-03-01 08:46:00,17,75.39,45.27,42.61,4.22,1.75,1,0,85,Normal,0.0,0
2025-01-23 20:40:00,42,82.82,56.49,69.28,2.17,2.49,1,0,320,Normal,0.0,0
2025-01-05 08:32:00,7,83.55,48.37,59.78,3.65,2.68,1,0,332,Normal,0.0,0
2025-01-17 22:24:00,45,61.85,8.31,72.72,2.62,1.89,1,0,195,Normal,0.0,0
2025-01-24 16:10:00,10,64.22,44.48,33.18,1.22,1.28,1,0,223,Normal,0.0,0
2025-01-31 08:32:00,46,81.52,45.72,74.19,3.4,1.42,1,0,61,Normal,0.0,0
2025-03-09 14:42:00,18,82.92,73.84,52.76,1.79,2.98,1,0,48,Normal,0.0,0
2025-03-05 16:48:00,2,71.84,55.2,40.4,1.08,2.46,0,0,145,Normal,0.0,0
2025-01-09 01:44:00,14,67.72,79.49,72.52,3.46,4.38,1,0,158,Normal,0.0,0
2025-01-25 18:01:00,13,89.97,45.51,53.17,2.82,1.04,0,0,20,Normal,0.0,0
2025-03-01 04:24:00,41,68.46,53.77,73.28,3.46,3.48,1,0,481,Normal,0.0,0
2025-02-01 19:12:00,13,70.62,62.36,40.64,3.8,4.41,1,0,295,Normal,0.0,0
2025-03-04 08:31:00,47,59.56,29.49,54.23,4.22,3.69,0,0,446,Normal,0.0,0
2025-02-10 07:52:00,40,85.53,60.98,73.29,2.45,0.59,1,0,488,Normal,0.0,0
2025-02-25 11:45:00,14,61.49,29.08,30.98,4.03,4.29,0,0,327,Normal,0.0,0
2025-01-10 13:52:00,13,79.27,59.0,41.81,2.68,2.46,0,0,322,Normal,0.0,0
2025-02-10 06:01:00,16,70.75,40.82,30.1,2.13,2.86,1,0,123,Normal,0.0,0
2025-02-25 04:21:00,47,84.97,38.29,33.44,3.73,1.85,1,0,71,Normal,0.0,0
2025-01-11 16:27:00,30,83.71,41.3,67.37,3.84,2.29,1,0,217,Normal,0.0,0
2025-01-17 19:16:00,47,76.75,46.55,57.23,4.05,2.96,1,0,176,Normal,0.0,0
2025-03-08 17:03:00,3,82.46,59.01,47.32,3.19,2.33,1,0,56,Normal,0.0,0
2025-02-14 16:58:00,37,72.24,47.89,54.77,2.01,1.15,1,0,173,Normal,0.0,0
2025-02-25 11:01:00,38,79.66,52.65,57.76,1.24,3.66,1,0,479,Normal,0.0,0
2025-02-07 03:56:00,22,70.29,58.41,68.58,1.15,3.83,1,0,104,Normal,0.0,0
2025-01-30 15:57:00,46,72.62,50.27,75.27,2.4,2.86,1,0,313,Normal,0.0,0
2025-02-09 19:39:00,22,80.42,33.88,39.42,1.88,2.7,1,0,398,Normal,0.0,0
2025-03-05 10:00:00,42,75.58,30.59,60.69,1.65,2.25,1,0,335,Normal,0.0,0
2025-01-27 03:11:00,39,89.65,63.09,55.23,3.71,2.23,1,0,335,Normal,0.0,0
2025-02-10 18:12:00,3,79.3,38.45,39.44,2.43,1.96,1,0,417,Normal,0.0,0
2025-01-28 09:45:00,45,75.79,35.17,55.69,2.29,0.62,1,0,23,Normal,0.0,0
2025-03-03 14:16:00,31,84.48,39.24,54.28,3.0,4.01,1,0,456,Normal,0.0,0
2025-02-10 08:32:00,28,59.37,49.67,42.82,2.44,1.94,0,0,321,Normal,0.0,0
2025-02-10 04:39:00,27,79.1,64.45,66.54,2.34,2.91,1,0,289,Normal,0.0,0
2025-01-14 10:27:00,39,64.35,75.8,54.4,1.39,1.91,1,0,444,Normal,0.0,0
2025-02-02 18:19:00,6,84.4,63.52,65.66,2.45,1.27,1,0,335,Normal,0.0,0
2025-01-07 22:44:00,5,72.98,42.81,40.99,3.05,1.19,1,0,61,Normal,0.0,0
2025-02-01 06:01:00,49,77.8,60.05,48.45,3.29,0.82,1,0,48,Normal,0.0,0
2025-02-08 03:03:00,38,69.11,51.18,57.21,3.14,4.76,1,0,190,Normal,0.0,0
2025-01-17 21:44:00,30,69.75,64.73,46.64,3.03,4.65,1,0,203,Normal,0.0,0
2025-02-02 11:29:00,41,86.13,44.55,40.65,2.95,3.1,2,0,116,Normal,0.0,1
2025-01-13 21:44:00,23,85.31,29.11,40.2,4.19,2.95,1,0,377,Normal,0.0,0
2025-02-28 02:23:00,14,48.28,57.72,39.58,4.02,2.37,0,0,427,Normal,0.0,0
2025-01-12 09:56:00,27,82.74,42.93,71.48,2.59,3.99,1,0,487,Normal,0.0,0
2025-01-05 23:03:00,36,85.85,28.8,67.16,3.11,4.12,1,0,441,Normal,0.0,0
2025-02-17 08:12:00,4,75.4,24.54,65.05,1.84,0.72,2,0,184,Electrical Fault,0.0,1
2025-02-22 15:51:00,25,74.73,62.28,50.45,4.88,1.76,1,0,408,Normal,0.0,0
2025-03-08 15:32:00,19,81.3,43.78,32.84,1.37,4.95,1,0,225,Normal,0.0,0
2025-03-11 05:18:00,39,87.47,47.12,41.56,2.05,2.23,1,0,299,Normal,0.0,0
2025-01-11 01:03:00,38,68.27,53.58,69.36,4.26,1.3,1,0,103,Normal,0.0,0
2025-02-06 11:59:00,44,67.2,31.65,46.35,3.55,4.13,1,0,278,Normal,0.0,0
2025-02-01 05:08:00,4,74.55,49.22,36.07,2.17,2.05,1,0,312,Normal,0.0,0
2025-01-22 14:48:00,26,82.17,35.61,63.61,1.97,2.64,1,0,171,Normal,0.0,0
2025-02-21 14:43:00,33,93.54,34.51,61.62,1.35,4.0,1,1,11,Normal,1.0,1
2025-03-01 09:26:00,36,76.81,33.26,54.39,2.8,1.88,1,0,33,Normal,0.0,0
2025-02-26 13:48:00,46,82.93,47.58,43.83,4.32,0.84,1,0,486,Normal,0.0,0
2025-01-21 12:50:00,46,78.82,36.04,59.97,1.95,2.47,1,0,120,Normal,0.0,0
2025-02-06 18:53:00,34,74.58,40.14,56.04,2.87,3.25,1,0,464,Normal,0.0,0
2025-03-11 02:19:00,25,72.98,27.95,46.17,3.14,3.02,1,0,293,Normal,0.0,0
2025-01-13 13:07:00,18,74.12,59.2,41.15,4.48,3.12,1,0,409,Normal,0.0,0
2025-03-01 05:50:00,4,82.21,47.23,79.83,1.94,3.03,1,0,439,Normal,0.0,0
2025-01-24 18:11:00,12,88.0,34.51,57.16,4.33,1.12,1,0,302,Normal,0.0,0
2025-01-07 08:43:00,21,74.05,66.32,63.36,3.24,1.45,1,0,304,Normal,0.0,0
2025-01-10 06:05:00,6,66.51,71.4,72.77,4.35,3.89,1,0,79,Normal,0.0,0
2025-02-06 20:50:00,48,89.35,27.84,38.43,2.26,2.57,1,0,424,Normal,0.0,0
2025-02-05 05:04:00,16,58.06,55.32,74.91,1.64,3.5,1,0,432,Normal,0.0,0
2025-02-20 04:07:00,39,69.6,31.91,55.91,2.26,3.58,1,0,430,Normal,0.0,0
2025-02-15 07:22:00,44,84.84,53.22,67.3,1.13,3.8,1,0,454,Normal,0.0,0
2025-03-07 06:04:00,15,75.96,88.23,35.24,2.98,0.66,0,1,13,Normal,1.0,1
2025-01-23 01:16:00,38,81.74,65.59,44.92,3.81,3.03,1,0,378,Normal,0.0,0
2025-01-28 02:43:00,12,58.45,36.19,65.56,3.07,4.26,1,0,17,Normal,0.0,1
2025-02-24 23:29:00,48,87.5,21.09,51.81,4.55,2.37,1,0,319,Normal,0.0,0
2025-01-25 03:26:00,9,86.98,65.38,41.24,4.06,3.03,1,0,23,Normal,0.0,0
2025-03-10 22:22:00,18,78.4,71.34,43.78,2.89,3.11,2,0,184,Vibration Issue,0.0,1
2025-03-05 18:42:00,40,96.87,57.0,57.39,2.88,2.94,1,1,1,Normal,1.0,1
2025-03-03 16:59:00,9,80.41,64.04,41.32,3.74,1.57,1,0,462,Normal,0.0,0
2025-02-09 10:06:00,28,72.79,73.77,32.7,2.28,0.6,1,0,309,Normal,0.0,0
2025-02-19 04:01:00,4,73.27,59.15,70.66,3.12,2.32,2,0,335,Pressure Drop,0.0,1
2025-03-04 17:49:00,48,79.02,66.56,51.38,2.74,4.99,0,0,335,Normal,0.0,0
2025-01-12 11:30:00,37,87.55,44.25,70.51,1.98,2.13,1,0,268,Normal,0.0,0
2025-01-22 20:56:00,2,60.66,53.58,41.53,4.68,1.19,2,0,214,Pressure Drop,0.0,1
2025-03-09 08:54:00,14,94.55,55.01,74.18,4.87,4.81,1,1,25,Normal,1.0,1
2025-02-28 10:21:00,8,77.3,42.3,35.7,4.5,4.47,1,0,53,Normal,0.0,0
2025-01-17 19:13:00,24,86.17,48.03,59.1,1.67,3.72,1,0,137,Normal,0.0,0
2025-01-20 21:00:00,17,61.1,38.03,43.64,2.37,4.57,0,0,274,Normal,0.0,0
2025-01-08 22:53:00,49,81.03,37.18,61.29,3.89,1.3,1,0,486,Normal,0.0,0
2025-01-30 22:09:00,28,64.9,31.43,45.85,2.19,1.38,1,0,419,Normal,0.0,0
2025-02-04 10:58:00,28,78.79,48.25,42.36,3.05,3.31,1,0,151,Normal,0.0,0
2025-01-18 07:09:00,47,85.75,21.33,64.7,2.98,2.36,1,0,290,Normal,0.0,0
2025-02-07 02:02:00,38,82.69,23.42,45.78,3.91,2.97,0,0,232,Normal,0.0,0
2025-01-13 05:52:00,42,86.06,73.7,39.06,3.08,4.61,0,0,14,Normal,0.0,1
2025-02-15 15:54:00,1,75.14,45.11,64.09,4.71,1.71,1,0,433,Normal,0.0,0
2025-02-17 14:10:00,28,89.41,54.47,71.41,4.54,2.35,1,0,170,Normal,0.0,0
2025-01-23 17:22:00,39,92.32,29.16,55.62,3.52,2.97,1,1,28,Normal,1.0,1
2025-02-16 14:11:00,22,78.54,58.88,49.0,2.25,1.11,1,0,224,Normal,0.0,0
2025-02-03 18:34:00,44,86.75,32.63,52.19,4.76,2.06,1,0,239,Normal,0.0,0
2025-01-09 05:09:00,49,80.96,49.08,45.77,2.67,3.83,1,0,417,Normal,0.0,0
2025-03-10 10:11:00,36,70.35,54.11,31.47,2.38,4.78,1,0,337,Normal,0.0,0
2025-02-26 18:38:00,28,79.28,55.92,63.41,3.23,4.02,1,0,461,Normal,0.0,0
2025-02-21 14:20:00,1,71.24,65.82,39.51,1.26,4.62,1,0,162,Normal,0.0,0
2025-01-26 12:06:00,9,89.0,46.89,45.17,1.19,0.74,1,0,412,Normal,0.0,0
2025-01-02 01:12:00,30,74.96,64.53,76.44,2.69,4.79,1,0,251,Normal,0.0,0
2025-01-17 17:26:00,8,97.64,26.25,52.08,2.27,2.77,1,1,12,Normal,1.0,1
2025-02-06 15:04:00,47,84.28,54.71,61.78,3.51,1.19,1,0,393,Normal,0.0,0
2025-02-13 14:01:00,5,72.8,18.44,76.42,4.59,0.66,1,0,50,Normal,0.0,0
2025-01-08 13:00:00,44,81.95,36.12,51.76,3.74,0.51,1,0,393,Normal,0.0,0
2025-01-21 08:44:00,12,78.38,25.93,46.67,4.67,0.73,1,0,486,Normal,0.0,0
2025-01-23 04:30:00,48,71.85,40.95,61.57,2.83,4.86,1,0,56,Normal,0.0,0
2025-02-09 04:32:00,23,82.47,75.08,55.43,1.98,2.26,1,0,489,Normal,0.0,0
2025-03-09 23:23:00,48,73.51,61.02,43.17,1.8,4.42,1,0,290,Normal,0.0,0
2025-01-12 01:03:00,29,74.12,61.61,73.46,2.35,4.57,1,0,182,Normal,0.0,0
2025-01-19 14:34:00,2,85.05,54.82,34.92,1.72,1.1,0,0,42,Normal,0.0,0
2025-01-14 12:53:00,16,79.69,35.61,75.77,3.22,4.48,0,0,17,Normal,0.0,1
2025-01-10 09:08:00,44,83.71,84.14,38.86,1.44,3.98,1,1,39,Normal,1.0,1
2025-02-11 04:04:00,22,84.91,38.72,65.13,1.65,4.71,1,0,228,Normal,0.0,0
2025-02-20 13:35:00,30,68.43,44.01,58.87,2.93,2.36,1,0,408,Normal,0.0,0
2025-01-24 21:08:00,21,88.92,45.9,35.08,3.37,4.36,1,0,77,Normal,0.0,0
2025-02-26 23:52:00,32,74.76,36.83,75.33,1.93,4.94,1,0,106,Normal,0.0,0
2025-02-21 04:23:00,50,84.42,71.04,42.8,1.56,3.86,1,0,160,Normal,0.0,0
2025-02-22 14:44:00,15,54.35,43.87,63.06,3.51,3.66,1,0,154,Normal,0.0,0
2025-01-24 04:48:00,21,63.8,55.54,72.35,2.16,2.76,1,0,146,Normal,0.0,0
2025-02-13 03:25:00,26,76.62,60.17,32.59,3.54,1.97,1,0,398,Normal,0.0,0
2025-01-27 21:52:00,48,84.37,38.58,33.87,4.33,4.3,1,0,419,Normal,0.0,0
2025-02-21 20:04:00,19,71.12,42.46,36.49,1.29,3.99,1,0,442,Normal,0.0,0
2025-02-21 01:51:00,49,66.66,52.01,64.53,3.44,4.25,1,0,182,Normal,0.0,0
2025-02-13 10:47:00,16,81.21,53.21,55.92,2.37,3.9,1,0,150,Normal,0.0,0
2025-02-07 06:12:00,18,72.97,73.33,52.93,3.28,3.59,1,0,68,Normal,0.0,0
2025-03-01 18:16:00,40,67.82,21.37,71.56,4.49,1.22,1,0,422,Normal,0.0,0
2025-01-13 20:44:00,4,82.47,54.29,79.5,1.94,2.06,1,0,306,Normal,0.0,0
2025-02-04 12:12:00,50,79.47,65.24,53.76,1.88,4.17,1,0,211,Normal,0.0,0
2025-02-06 18:11:00,29,79.04,42.76,51.99,1.99,1.1,1,0,203,Normal,0.0,0
2025-01-26 02:12:00,28,55.99,39.33,59.59,3.63,4.28,2,0,490,Overheating,0.0,1
2025-02-16 04:58:00,40,85.2,38.52,76.11,1.12,3.86,1,0,47,Normal,0.0,0
2025-01-04 14:58:00,3,61.02,63.94,78.62,4.02,3.07,1,0,360,Normal,0.0,0
2025-03-05 18:06:00,1,77.82,56.8,76.33,4.12,4.43,1,0,34,Normal,0.0,0
2025-03-07 19:11:00,7,76.78,36.59,62.77,3.3,2.79,1,0,343,Normal,0.0,0
2025-03-01 00:33:00,33,68.75,43.98,47.87,3.21,0.67,0,0,218,Normal,0.0,0
2025-01-14 09:06:00,10,71.62,40.76,42.09,1.22,4.83,1,0,299,Normal,0.0,0
2025-01-16 02:47:00,25,73.38,68.78,43.65,3.71,3.83,1,0,476,Normal,0.0,0
2025-02-09 13:48:00,38,69.25,32.6,44.48,1.78,2.6,2,0,320,Electrical Fault,0.0,1
2025-01-13 20:49:00,9,83.19,43.74,31.98,1.85,4.32,2,0,87,Pressure Drop,0.0,1
2025-01-25 04:35:00,13,68.47,62.72,43.1,4.55,0.58,1,0,151,Normal,0.0,0
2025-03-07 00:04:00,46,73.62,51.97,78.65,2.82,3.23,1,0,91,Normal,0.0,0
2025-02-28 22:37:00,14,82.78,32.39,70.33,1.7,1.83,1,0,123,Normal,0.0,0
2025-01-23 01:45:00,27,81.47,89.15,53.22,3.09,2.67,1,1,16,Normal,1.0,1
2025-02-18 22:56:00,41,89.63,24.07,38.88,4.19,2.0,1,0,54,Normal,0.0,0
2025-02-11 22:20:00,14,56.81,47.14,73.69,3.3,2.65,2,0,247,Pressure Drop,0.0,1
2025-01-16 17:20:00,22,98.02,44.18,67.76,4.46,2.69,1,1,14,Normal,1.0,1
2025-02-17 19:21:00,4,60.69,60.71,73.53,4.15,0.9,1,0,222,Normal,0.0,0
2025-02-10 07:31:00,47,69.56,49.8,54.01,3.53,4.39,1,0,86,Normal,0.0,0
2025-03-09 05:28:00,41,67.03,50.43,76.47,3.11,0.79,0,0,226,Normal,0.0,0
2025-01-25 10:18:00,26,85.1,55.57,33.75,1.01,2.19,1,0,57,Normal,0.0,0
2025-02-27 09:41:00,7,61.31,51.72,63.41,2.13,2.97,1,0,32,Normal,0.0,0
2025-02-24 16:28:00,27,77.85,58.14,63.98,3.22,4.83,1,0,202,Normal,0.0,0
2025-01-29 08:22:00,18,75.83,31.61,72.41,2.76,2.21,1,0,157,Normal,0.0,0
2025-01-29 06:52:00,16,62.07,56.71,71.15,3.62,1.51,1,0,179,Normal,0.0,0
2025-02-01 09:20:00,4,85.04,71.88,65.42,4.06,3.2,1,0,443,Normal,0.0,0
2025-02-01 00:18:00,22,64.19,51.76,76.63,1.49,0.97,1,0,345,Normal,0.0,0
2025-03-04 04:45:00,27,65.57,46.16,45.8,2.49,2.93,1,0,101,Normal,0.0,0
2025-02-15 23:00:00,12,77.3,60.47,52.19,3.55,2.68,1,0,390,Normal,0.0,0
2025-03-06 00:57:00,21,74.27,45.46,72.47,4.29,3.05,1,0,194,Normal,0.0,0
2025-03-07 17:53:00,43,87.54,58.3,76.62,1.86,4.46,1,0,191,Normal,0.0,0
2025-02-16 05:17:00,19,78.75,36.83,45.21,1.39,2.42,1,0,197,Normal,0.0,0
2025-01-03 04:13:00,33,73.59,56.22,45.69,4.63,1.02,1,0,146,Normal,0.0,0
2025-01-17 15:53:00,4,56.4,40.88,54.19,2.42,3.16,1,0,44,Normal,0.0,0
2025-01-27 14:14:00,17,83.92,45.13,44.71,4.9,1.73,1,0,241,Normal,0.0,0
2025-02-01 21:17:00,31,59.51,54.56,54.7,3.11,3.12,2,0,264,Overheating,0.0,1
2025-02-16 21:15:00,2,82.26,62.54,40.35,4.21,4.51,2,0,355,Pressure Drop,0.0,1
2025-02-25 12:10:00,24,68.03,58.73,53.89,4.74,3.92,1,0,371,Normal,0.0,0
2025-01-08 01:27:00,49,80.33,55.46,50.66,2.33,2.76,1,0,216,Normal,0.0,0
2025-01-16 03:51:00,23,88.83,46.77,53.68,3.46,4.23,1,0,147,Normal,0.0,0
2025-02-06 10:20:00,2,78.68,56.37,44.53,4.8,4.17,1,0,27,Normal,0.0,0
2025-01-13 12:53:00,14,66.79,57.18,51.63,2.57,3.52,2,0,93,Normal,0.0,1
2025-02-15 06:37:00,29,70.63,31.18,76.36,3.04,4.41,2,0,414,Overheating,0.0,1
2025-01-02 13:07:00,10,81.04,57.25,56.93,4.34,4.09,1,0,126,Normal,0.0,0
2025-03-05 12:35:00,28,60.97,65.61,44.95,1.67,1.12,1,0,264,Normal,0.0,0
2025-01-13 04:39:00,13,58.08,40.97,66.4,1.5,3.89,0,0,53,Normal,0.0,0
2025-02-11 06:42:00,42,83.86,39.22,38.33,4.39,2.51,2,0,238,Vibration Issue,0.0,1
2025-02-22 02:26:00,20,83.92,64.27,65.23,4.16,4.24,1,0,462,Normal,0.0,0
2025-02-13 18:17:00,41,73.81,51.1,31.15,3.3,0.77,2,0,125,Normal,0.0,1
2025-01-17 05:28:00,1,66.48,35.93,33.3,2.75,3.33,1,0,206,Normal,0.0,0
2025-01-24 17:15:00,14,86.29,74.35,79.01,1.57,0.75,0,0,327,Normal,0.0,0
2025-02-04 07:55:00,4,51.22,38.04,33.41,3.67,3.78,1,0,90,Normal,0.0,0
2025-02-16 23:08:00,21,81.78,62.25,60.56,4.96,3.34,0,0,166,Normal,0.0,0
2025-01-11 06:11:00,5,62.36,42.74,77.93,3.61,4.79,1,0,348,Normal,0.0,0
2025-03-04 07:04:00,49,90.53,73.56,33.27,3.8,1.33,1,1,1,Normal,1.0,1
2025-01-26 09:04:00,4,67.21,85.8,69.97,3.76,1.95,1,1,41,Normal,1.0,1
2025-02-16 15:32:00,14,78.24,35.87,69.4,4.53,3.82,1,0,484,Normal,0.0,0
2025-01-03 02:36:00,28,70.8,46.01,38.97,1.11,4.34,1,0,50,Normal,0.0,0
2025-01-25 15:12:00,32,88.71,54.0,56.73,3.14,1.77,1,0,55,Normal,0.0,0
2025-01-29 21:09:00,15,86.42,57.83,56.95,1.19,1.11,1,0,298,Normal,0.0,0
2025-01-27 09:57:00,9,74.2,55.51,79.86,2.51,2.08,1,0,133,Normal,0.0,0
2025-02-06 09:01:00,35,66.18,61.77,32.15,1.29,0.93,1,0,96,Normal,0.0,0
2025-02-14 06:37:00,21,78.77,40.02,71.81,1.69,1.8,1,0,320,Normal,0.0,0
2025-01-31 11:05:00,4,84.59,56.22,35.27,2.99,2.47,1,0,425,Normal,0.0,0
2025-01-01 12:14:00,12,72.61,57.88,68.31,1.39,1.22,1,0,145,Normal,0.0,0
2025-02-04 11:05:00,9,73.05,46.54,52.29,2.1,3.41,1,0,497,Normal,0.0,0
2025-03-06 05:22:00,21,79.27,42.0,54.87,2.28,4.59,1,0,398,Normal,0.0,0
2025-01-27 08:06:00,5,76.82,64.0,70.42,4.75,3.18,1,0,375,Normal,0.0,0
2025-01-03 13:12:00,43,72.3,47.79,41.19,1.32,4.67,1,0,277,Normal,0.0,0
2025-03-10 20:24:00,23,80.78,33.37,70.77,4.62,0.52,1,0,20,Normal,0.0,0
2025-02-19 20:21:00,39,74.98,50.81,53.01,3.99,4.22,1,0,335,Normal,0.0,0
2025-02-08 04:36:00,23,74.85,42.4,51.68,1.51,0.67,1,0,355,Normal,0.0,0
2025-02-01 03:29:00,30,74.93,62.3,54.22,1.11,2.95,1,0,416,Normal,0.0,0
2025-02-09 20:04:00,18,68.52,45.62,41.33,2.15,2.34,1,0,468,Normal,0.0,0
2025-02-11 18:26:00,36,90.08,82.72,79.88,3.27,1.35,1,1,18,Normal,1.0,1
2025-01-29 22:02:00,47,79.98,47.61,52.92,1.82,2.76,1,0,399,Normal,0.0,0
2025-01-29 04:29:00,23,73.05,25.7,51.35,3.28,2.41,1,0,119,Normal,0.0,0
2025-01-30 04:59:00,36,81.06,54.69,50.25,4.28,0.93,2,0,105,Pressure Drop,0.0,1
2025-01-22 15:08:00,4,80.78,40.36,54.95,4.05,3.42,1,0,476,Normal,0.0,0
2025-02-08 12:23:00,43,68.81,53.61,42.25,4.51,4.85,1,0,305,Normal,0.0,0
2025-02-15 18:55:00,10,50.68,55.27,41.65,3.77,4.12,1,0,142,Normal,0.0,0
2025-02-24 19:00:00,12,74.02,21.46,71.61,3.62,4.63,1,0,379,Normal,0.0,0
2025-03-06 16:23:00,35,72.46,71.45,57.04,4.0,0.87,1,0,353,Normal,0.0,0
2025-01-20 20:36:00,12,84.36,41.5,77.86,1.95,2.15,1,0,247,Normal,0.0,0
2025-02-20 19:32:00,19,59.23,32.55,66.66,2.27,4.64,1,0,291,Normal,0.0,0
2025-02-19 11:42:00,46,74.43,36.63,74.65,2.7,1.4,1,0,190,Normal,0.0,0
2025-01-04 04:53:00,47,76.14,54.28,43.58,2.71,3.44,1,0,118,Normal,0.0,0
2025-01-02 06:32:00,26,78.22,22.63,46.12,4.48,1.52,1,0,387,Normal,0.0,0
2025-01-18 15:26:00,47,64.28,22.8,70.16,2.82,4.49,1,0,36,Normal,0.0,0
2025-02-09 21:02:00,18,75.01,54.04,36.49,3.12,1.87,1,0,440,Normal,0.0,0
2025-01-04 16:33:00,3,76.08,47.98,54.72,2.91,4.28,1,0,451,Normal,0.0,0
2025-01-14 12:08:00,31,88.45,82.65,62.98,4.83,0.64,1,1,44,Normal,1.0,1
2025-01-10 05:29:00,45,80.7,39.41,79.94,2.0,2.36,1,0,394,Normal,0.0,0
2025-02-26 18:58:00,47,83.32,40.26,70.96,4.54,2.86,1,0,486,Normal,0.0,0
2025-01-29 11:16:00,27,76.57,26.77,70.67,4.66,0.91,1,0,255,Normal,0.0,0
2025-02-16 11:47:00,3,49.41,36.17,63.16,4.6,4.41,0,0,439,Normal,0.0,0
2025-02-10 03:39:00,44,81.37,51.89,66.72,3.34,1.59,1,0,454,Normal,0.0,0
2025-01-01 13:46:00,3,64.16,60.53,39.76,3.25,1.07,0,0,150,Normal,0.0,0
2025-02-10 20:25:00,35,77.08,57.03,41.23,3.51,2.82,1,0,240,Normal,0.0,0
2025-02-16 12:30:00,47,56.73,57.12,72.98,2.69,2.3,1,0,482,Normal,0.0,0
2025-02-14 17:27:00,16,114.21,42.02,71.74,1.76,2.46,1,1,33,Normal,1.0,1
2025-02-19 01:52:00,19,70.84,57.24,69.71,4.75,4.64,1,0,11,Normal,0.0,1
2025-02-13 22:46:00,36,86.75,57.71,53.12,3.35,3.86,2,0,170,Vibration Issue,0.0,1
2025-03-08 06:00:00,2,73.72,45.79,75.22,3.76,2.56,1,0,138,Normal,0.0,0
2025-02-09 06:40:00,37,80.93,45.66,63.4,2.08,4.17,1,0,474,Normal,0.0,0
2025-02-05 07:08:00,33,87.77,56.01,53.75,3.12,3.3,1,0,419,Normal,0.0,0
2025-02-21 15:11:00,6,70.42,12.47,72.74,4.46,1.22,1,0,292,Normal,0.0,0
2025-02-17 01:10:00,23,78.85,50.95,39.96,4.76,0.72,1,0,202,Normal,0.0,0
2025-02-16 04:02:00,11,62.0,31.94,63.04,2.33,2.97,1,0,280,Normal,0.0,0
2025-02-24 05:10:00,1,93.88,47.56,67.68,2.61,2.15,0,1,24,Normal,1.0,1
2025-02-07 19:41:00,6,81.06,46.72,41.07,3.65,4.2,1,0,85,Normal,0.0,0
2025-01-20 08:37:00,23,74.85,59.47,46.99,1.72,4.22,1,0,285,Normal,0.0,0
2025-02-03 12:32:00,17,79.73,47.93,61.3,1.55,3.76,1,0,247,Normal,0.0,0
2025-02-11 13:02:00,20,79.04,55.86,33.52,3.34,2.74,1,0,336,Normal,0.0,0
2025-01-01 23:33:00,45,72.46,38.44,34.37,2.54,1.15,1,0,440,Normal,0.0,0
2025-02-04 18:37:00,39,91.0,28.21,53.27,4.87,2.89,1,1,49,Normal,1.0,1
2025-02-16 20:05:00,6,75.88,56.75,39.29,1.97,3.76,1,0,21,Normal,0.0,0
2025-03-08 08:13:00,12,76.41,54.33,41.59,4.73,3.97,1,0,66,Normal,0.0,0
2025-02-02 05:32:00,44,70.85,49.25,38.8,2.3,3.46,1,0,430,Normal,0.0,0
2025-02-05 07:13:00,20,76.33,75.06,37.66,1.8,0.69,1,0,164,Normal,0.0,0
2025-01-20 13:40:00,8,67.99,89.15,74.85,1.25,3.28,1,1,19,Normal,1.0,1
2025-03-03 11:49:00,47,69.78,55.13,38.36,2.88,2.48,1,0,219,Normal,0.0,0
2025-02-28 22:44:00,46,84.06,31.39,59.06,1.73,2.62,1,0,420,Normal,0.0,0
2025-02-25 08:01:00,18,66.86,39.01,44.92,4.53,3.55,1,0,144,Normal,0.0,0
2025-02-21 17:38:00,24,59.8,45.62,77.26,3.79,3.91,0,0,12,Normal,0.0,1
2025-01-11 01:12:00,21,82.53,36.93,30.92,3.27,3.34,1,0,397,Normal,0.0,0
2025-01-24 11:15:00,31,72.83,52.99,50.89,1.77,0.74,1,0,458,Normal,0.0,0
2025-01-30 19:00:00,39,71.12,62.35,74.31,3.9,1.71,1,0,294,Normal,0.0,0
2025-01-29 15:29:00,3,77.24,61.78,30.9,1.19,2.88,1,0,146,Normal,0.0,0
2025-01-18 14:05:00,19,82.26,62.92,39.96,3.33,1.2,2,0,47,Vibration Issue,0.0,1
2025-02-10 11:41:00,7,80.69,43.01,51.69,3.62,1.24,0,0,254,Normal,0.0,0
2025-01-05 02:09:00,31,59.03,57.55,63.63,1.95,2.38,1,0,266,Normal,0.0,0
2025-02-10 15:32:00,47,60.92,59.58,49.83,4.08,3.37,1,0,335,Normal,0.0,0
2025-01-23 05:24:00,9,90.95,65.92,61.76,4.55,4.22,1,1,27,Normal,1.0,1
2025-02-28 04:16:00,14,94.45,34.38,30.08,4.85,3.38,1,1,39,Normal,1.0,1
2025-01-20 00:05:00,22,82.66,79.7,50.75,4.34,3.92,2,0,469,Overheating,0.0,1
2025-01-27 06:29:00,26,78.31,33.3,78.62,3.83,3.12,1,0,203,Normal,0.0,0
2025-01-26 07:19:00,21,82.37,70.23,45.79,2.64,4.35,1,0,46,Normal,0.0,0
2025-02-21 00:04:00,35,68.11,50.51,65.16,2.47,2.21,1,0,436,Normal,0.0,0
2025-02-26 05:28:00,26,56.36,42.7,34.71,3.76,0.99,1,0,91,Normal,0.0,0
2025-02-21 15:19:00,17,69.91,52.6,51.73,1.13,1.1,1,0,97,Normal,0.0,0
2025-01-23 18:04:00,40,62.95,51.13,43.97,4.52,2.27,1,0,160,Normal,0.0,0
2025-03-03 10:19:00,11,71.92,51.66,77.28,4.97,4.65,1,0,278,Normal,0.0,0
2025-03-07 09:49:00,44,64.34,35.14,55.61,3.61,1.74,1,0,498,Normal,0.0,0
2025-02-06 14:18:00,2,78.57,39.12,61.08,3.13,0.97,1,0,173,Normal,0.0,0
2025-01-22 02:39:00,26,74.35,42.5,73.88,3.19,2.5,2,0,33,Vibration Issue,0.0,1
2025-02-27 19:44:00,20,65.3,39.24,42.43,3.95,4.11,1,0,386,Normal,0.0,0
2025-01-15 04:18:00,46,82.36,41.7,37.68,3.61,1.19,1,0,206,Normal,0.0,0
2025-03-11 04:55:00,2,60.69,41.43,47.4,4.28,2.17,1,0,145,Normal,0.0,0
2025-01-13 01:13:00,2,70.28,59.24,66.51,4.92,3.05,1,0,202,Normal,0.0,0
2025-01-06 08:36:00,2,73.21,40.64,47.62,2.4,0.58,0,0,13,Normal,0.0,1
2025-01-30 11:27:00,6,75.63,63.52,47.91,2.86,2.55,1,0,201,Normal,0.0,0
2025-01-21 10:25:00,11,78.11,42.26,44.91,3.8,1.92,1,0,487,Normal,0.0,0
2025-01-25 10:11:00,17,76.87,35.91,59.31,4.07,1.07,1,0,94,Normal,0.0,0
2025-02-04 19:53:00,34,75.37,51.86,68.27,4.62,1.48,2,0,493,Vibration Issue,0.0,1
2025-02-12 05:55:00,37,59.97,69.64,74.71,3.49,3.62,1,0,120,Normal,0.0,0
2025-01-31 18:29:00,42,67.2,46.6,76.74,1.71,2.01,1,0,448,Normal,0.0,0
2025-01-21 12:32:00,41,87.19,64.45,61.55,2.34,0.83,1,0,144,Normal,0.0,0
2025-01-24 12:25:00,39,81.08,61.05,43.36,2.9,0.96,1,0,403,Normal,0.0,0
2025-03-03 01:53:00,17,73.31,43.09,37.93,3.08,3.83,2,0,302,Normal,0.0,1
2025-01-30 09:03:00,38,87.2,55.83,35.9,1.46,3.55,1,0,231,Normal,0.0,0
2025-02-12 21:05:00,37,72.05,42.41,74.12,3.48,2.34,1,0,375,Normal,0.0,0
2025-02-09 00:15:00,46,73.1,40.04,41.52,3.97,2.15,2,0,136,Normal,0.0,1
2025-02-01 06:53:00,50,61.41,61.83,60.67,4.57,4.96,1,0,72,Normal,0.0,0
2025-02-12 21:04:00,9,70.3,56.83,58.65,1.16,1.23,1,0,271,Normal,0.0,0
2025-01-15 20:32:00,21,79.0,66.57,39.86,1.97,4.65,1,0,135,Normal,0.0,0
2025-02-07 17:10:00,25,76.98,40.65,37.04,2.58,1.86,1,0,282,Normal,0.0,0
2025-02-08 06:59:00,50,73.97,55.9,69.21,4.04,2.84,1,0,373,Normal,0.0,0
2025-01-07 03:16:00,41,71.86,48.92,76.34,2.13,2.47,1,0,204,Normal,0.0,0
2025-02-21 22:05:00,44,69.77,46.84,33.55,4.47,1.76,1,0,441,Normal,0.0,0
2025-03-04 19:43:00,42,80.34,43.23,41.22,1.2,4.61,1,0,210,Normal,0.0,0
2025-02-01 22:03:00,1,72.28,65.48,42.59,1.25,3.43,1,0,52,Normal,0.0,0
2025-03-03 23:08:00,13,64.36,65.78,54.91,3.04,2.91,1,0,305,Normal,0.0,0
2025-02-15 04:25:00,42,72.36,47.8,55.79,1.85,1.3,1,0,336,Normal,0.0,0
2025-01-14 19:55:00,4,81.1,40.75,57.83,3.75,0.57,1,0,198,Normal,0.0,0
2025-01-20 07:09:00,48,76.49,62.45,69.97,3.1,2.95,1,0,51,Normal,0.0,0
2025-01-30 15:24:00,29,73.55,67.05,63.99,3.79,2.73,1,0,283,Normal,0.0,0
2025-02-16 15:06:00,35,88.06,54.81,58.62,1.13,0.74,1,0,179,Normal,0.0,0
2025-01-06 10:34:00,48,70.83,57.49,71.55,3.31,1.25,1,0,469,Normal,0.0,0
2025-02-12 20:47:00,21,89.5,61.44,56.7,4.9,1.33,1,0,363,Normal,0.0,0
2025-02-02 16:28:00,49,64.05,17.4,41.45,2.9,1.34,1,0,292,Normal,0.0,0
2025-01-22 06:00:00,34,62.04,74.46,78.81,2.78,2.75,1,0,51,Normal,0.0,0
2025-02-24 13:58:00,36,95.17,45.53,60.32,2.43,4.75,1,1,34,Normal,1.0,1
2025-03-08 03:30:00,15,64.85,36.88,69.52,2.9,1.67,0,0,497,Normal,0.0,0
2025-01-26 09:01:00,1,68.63,43.34,53.51,4.11,2.05,1,0,472,Normal,0.0,0
2025-01-06 14:53:00,26,47.23,36.45,70.05,1.4,2.41,1,0,456,Normal,0.0,0
2025-02-04 17:47:00,40,87.25,58.7,35.46,1.2,0.86,1,0,212,Normal,0.0,0
2025-03-11 05:16:00,36,71.41,32.5,66.4,4.8,1.46,0,0,312,Normal,0.0,0
2025-02-02 11:51:00,7,63.26,70.75,57.23,2.82,1.78,1,0,401,Normal,0.0,0
2025-02-23 05:48:00,34,69.13,52.14,31.8,1.26,1.78,1,0,292,Normal,0.0,0
2025-02-24 09:14:00,11,81.45,57.94,78.67,4.15,2.09,1,0,58,Normal,0.0,0
2025-02-16 07:02:00,6,60.09,44.08,78.0,4.67,1.42,1,0,152,Normal,0.0,0
2025-01-24 19:15:00,9,72.63,40.6,32.25,4.27,4.29,1,0,441,Normal,0.0,0
2025-02-22 12:55:00,29,89.18,58.74,31.37,3.75,2.09,1,0,448,Normal,0.0,0
2025-02-22 01:42:00,46,89.9,54.5,72.6,1.74,4.56,1,0,236,Normal,0.0,0
2025-01-14 16:04:00,44,81.18,32.65,42.5,4.28,4.88,2,0,347,Normal,0.0,1
2025-01-27 23:43:00,12,57.73,53.07,34.81,1.95,4.84,0,0,489,Normal,0.0,0
2025-01-11 01:02:00,6,83.99,20.7,54.52,1.27,2.06,1,0,427,Normal,0.0,0
2025-01-01 19:23:00,10,72.26,67.42,40.8,3.82,2.45,1,0,28,Normal,0.0,0
2025-03-04 12:54:00,27,67.72,37.22,66.21,2.89,2.44,1,0,386,Normal,0.0,0
2025-03-01 09:54:00,13,75.53,61.42,60.19,3.95,4.52,1,0,61,Normal,0.0,0
2025-01-07 22:07:00,31,64.42,5.76,42.32,4.01,1.66,1,0,187,Normal,0.0,0
2025-03-08 15:45:00,16,85.49,60.45,59.48,3.44,3.23,1,0,466,Normal,0.0,0
2025-01-17 09:32:00,32,72.31,62.65,65.4,3.28,4.44,1,0,417,Normal,0.0,0
2025-03-10 16:26:00,18,73.1,55.01,41.1,1.05,1.94,1,0,378,Normal,0.0,0
2025-02-25 23:58:00,39,72.47,98.03,71.35,2.52,2.89,1,1,20,Normal,1.0,1
2025-01-23 04:03:00,11,76.54,68.97,74.13,4.79,4.33,1,0,194,Normal,0.0,0
2025-02-18 18:27:00,38,71.03,55.91,39.3,1.09,3.53,1,0,157,Normal,0.0,0
2025-03-04 05:49:00,37,65.81,59.98,60.76,3.83,2.43,2,0,347,Overheating,0.0,1
2025-01-13 07:21:00,8,71.94,41.28,38.19,2.09,4.11,1,0,67,Normal,0.0,0
2025-01-27 17:22:00,14,72.02,43.39,30.96,3.18,2.55,0,0,135,Normal,0.0,0
2025-03-04 10:32:00,3,56.33,31.06,43.85,2.91,3.59,1,0,425,Normal,0.0,0
2025-02-04 03:00:00,37,85.64,48.44,43.59,3.9,2.52,1,0,372,Normal,0.0,0
2025-01-25 03:01:00,45,75.96,49.01,51.11,3.74,2.55,1,0,288,Normal,0.0,0
2025-02-27 23:07:00,42,62.65,36.3,56.51,4.61,1.52,0,0,484,Normal,0.0,0
2025-03-08 05:42:00,49,74.58,42.89,62.7,4.54,3.02,1,0,156,Normal,0.0,0
2025-02-01 21:01:00,43,57.61,56.24,60.06,2.14,1.2,1,0,47,Normal,0.0,0
2025-02-01 17:27:00,33,70.29,62.65,48.56,1.14,1.42,1,0,10,Normal,0.0,1
2025-02-19 04:58:00,10,91.35,67.59,72.88,4.83,1.62,0,1,14,Normal,1.0,1
2025-02-14 07:26:00,41,73.52,64.59,47.04,1.8,0.92,1,0,182,Normal,0.0,0
2025-02-22 23:23:00,49,82.0,39.32,48.18,1.66,1.63,0,0,457,Normal,0.0,0
2025-01-30 05:40:00,24,71.81,65.45,42.92,3.5,4.0,1,0,492,Normal,0.0,0
2025-03-06 11:21:00,45,83.91,59.76,45.4,3.23,3.5,1,0,464,Normal,0.0,0
2025-03-04 17:22:00,13,67.15,51.03,54.55,4.36,3.14,1,0,345,Normal,0.0,0
2025-01-03 09:58:00,21,63.06,49.97,52.27,4.73,4.37,1,0,499,Normal,0.0,0
2025-02-24 11:23:00,48,69.89,53.59,46.98,3.57,1.01,1,0,400,Normal,0.0,0
2025-02-12 19:41:00,11,75.7,44.68,72.43,1.82,3.09,1,0,381,Normal,0.0,0
2025-02-23 14:04:00,37,64.68,48.18,67.3,2.06,4.46,1,0,332,Normal,0.0,0
2025-02-25 00:03:00,44,78.39,43.31,62.29,3.63,4.55,1,0,348,Normal,0.0,0
2025-03-03 20:50:00,19,75.22,37.65,46.49,3.42,3.09,1,0,158,Normal,0.0,0
2025-02-12 06:15:00,16,86.86,56.31,47.88,1.68,1.73,1,0,105,Normal,0.0,0
2025-02-02 00:13:00,46,59.41,60.12,65.7,4.26,4.21,1,0,338,Normal,0.0,0
2025-01-15 17:09:00,4,71.52,71.11,48.8,1.71,1.58,1,0,390,Normal,0.0,0
2025-01-16 08:15:00,10,101.78,59.32,75.43,4.58,3.69,1,1,29,Normal,1.0,1
2025-02-22 05:19:00,11,77.71,55.52,76.74,4.98,2.35,0,0,482,Normal,0.0,0
2025-02-12 00:16:00,22,63.31,79.07,44.6,3.23,1.62,1,0,474,Normal,0.0,0
2025-02-10 16:44:00,26,90.41,39.02,79.19,2.6,2.14,1,1,30,Normal,1.0,1
2025-03-05 16:36:00,26,65.31,59.97,74.15,1.44,3.56,1,0,381,Normal,0.0,0
2025-01-11 16:06:00,8,78.68,27.01,79.53,3.95,3.34,1,0,285,Normal,0.0,0
2025-01-03 12:36:00,20,83.18,29.01,38.41,2.39,4.51,1,0,169,Normal,0.0,0
